-- MySQL dump 10.13  Distrib 5.5.40-36.1, for Linux (x86_64)
--
-- Host: localhost    Database: eafsd_production
-- ------------------------------------------------------
-- Server version	5.5.40-36.1

/*!40101 SET @OLD_CHARACTER_SET_CLIENT=@@CHARACTER_SET_CLIENT */;
/*!40101 SET @OLD_CHARACTER_SET_RESULTS=@@CHARACTER_SET_RESULTS */;
/*!40101 SET @OLD_COLLATION_CONNECTION=@@COLLATION_CONNECTION */;
/*!40101 SET NAMES utf8 */;
/*!40103 SET @OLD_TIME_ZONE=@@TIME_ZONE */;
/*!40103 SET TIME_ZONE='+00:00' */;
/*!40014 SET @OLD_UNIQUE_CHECKS=@@UNIQUE_CHECKS, UNIQUE_CHECKS=0 */;
/*!40014 SET @OLD_FOREIGN_KEY_CHECKS=@@FOREIGN_KEY_CHECKS, FOREIGN_KEY_CHECKS=0 */;
/*!40101 SET @OLD_SQL_MODE=@@SQL_MODE, SQL_MODE='NO_AUTO_VALUE_ON_ZERO' */;
/*!40111 SET @OLD_SQL_NOTES=@@SQL_NOTES, SQL_NOTES=0 */;

--
-- Table structure for table `assignment_titles`
--

DROP TABLE IF EXISTS `assignment_titles`;
/*!40101 SET @saved_cs_client     = @@character_set_client */;
/*!40101 SET character_set_client = utf8 */;
CREATE TABLE `assignment_titles` (
  `id` int(11) NOT NULL AUTO_INCREMENT,
  `name` varchar(255) DEFAULT NULL,
  `assignment_type_id` int(11) DEFAULT NULL,
  `temporary` tinyint(1) DEFAULT NULL,
  `commissioned` tinyint(1) DEFAULT NULL,
  `notes` text,
  `created_at` datetime DEFAULT NULL,
  `updated_at` datetime DEFAULT NULL,
  PRIMARY KEY (`id`),
  KEY `assignment_type_id` (`assignment_type_id`),
  CONSTRAINT `assignment_titles_ibfk_1` FOREIGN KEY (`assignment_type_id`) REFERENCES `assignment_types` (`id`)
) ENGINE=InnoDB AUTO_INCREMENT=46 DEFAULT CHARSET=latin1;
/*!40101 SET character_set_client = @saved_cs_client */;

--
-- Dumping data for table `assignment_titles`
--

LOCK TABLES `assignment_titles` WRITE;
/*!40000 ALTER TABLE `assignment_titles` DISABLE KEYS */;
INSERT INTO `assignment_titles` VALUES (1,'Acting Commercial Agent',1040335078,1,0,NULL,'2009-03-17 21:05:40','2009-12-02 20:17:20'),(2,'Acting Consul',1040335078,1,0,NULL,'2009-03-17 21:05:40','2009-12-02 20:17:54'),(3,'Acting Consul General',1040335078,1,0,NULL,'2009-03-17 21:05:40','2009-12-02 20:18:24'),(4,'Acting Consular Agent',1040335078,1,0,NULL,'2009-03-17 21:05:40','2009-12-02 20:18:52'),(5,'Acting Vice Consul',1040335078,1,0,NULL,'2009-03-17 21:05:40','2009-12-02 20:19:15'),(6,'Acting Vice Consul in Charge',1040335078,1,0,'\"Acting\" typically denotes a temporary position, held until the official replacement arrives.  More research is necessary to find out why the one assignment for \"Acting Vice Consul in Charge\" lasted for 49 years.','2009-03-17 21:05:40','2009-12-02 20:22:32'),(7,'Agent for Claims and Seamen',1040335078,0,0,'Agents typically were not commissioned, however since only one person ever held this title more research is required.','2009-03-17 21:05:40','2009-12-02 20:23:47'),(8,'Agent for Commerce and Seamen',1040335078,0,0,NULL,'2009-03-17 21:05:40','2009-12-02 20:24:22'),(9,'Agent for Prisoners of War',1040335078,1,0,NULL,'2009-03-17 21:05:40','2012-09-10 20:49:36'),(10,'Chancellor of Consulate',854258232,0,0,NULL,'2009-03-17 21:05:40','2009-12-02 20:26:43'),(11,'Charge d\'Affaires',676005164,0,1,NULL,'2009-03-17 21:05:40','2010-09-16 18:55:21'),(12,'Charge d\'Affaires a.i.',676005164,1,0,'','2009-03-17 21:05:40','2012-10-09 20:20:44'),(13,'Clerk to Consul General',854258232,0,0,NULL,'2009-03-17 21:05:40','2009-12-02 20:29:29'),(14,'Commercial Agent',1040335078,0,1,'This title is a curious artifact of the Napoleonic Era. After Napoleon declared himself \"First Consul\" he required that foreign consuls be retitled in the French Empire.  The Convention of 1800, which ended the Quasi-War, renamed all American consuls in French held ports \"Commercial Agents.\"','2009-03-17 21:05:40','2013-04-19 02:38:17'),(15,'Commissioner',676005164,0,1,NULL,'2009-03-17 21:05:40','2009-12-02 20:30:56'),(16,'Commissioner (not COM)',676005164,0,1,NULL,'2009-03-17 21:05:40','2009-12-02 20:31:21'),(17,'Commissioner Plenipotentiary',676005164,0,1,'Research needed to verify commission.','2009-03-17 21:05:40','2009-12-02 20:32:44'),(18,'Consul',1040335078,0,1,NULL,'2009-03-17 21:05:40','2009-03-17 21:05:40'),(19,'Consul General',1040335078,0,1,NULL,'2009-03-17 21:05:40','2009-12-03 23:03:58'),(20,'Consul/ Claims Commissioner',1040335078,0,1,'Consuls were commissioned.','2009-03-17 21:05:40','2009-12-03 23:04:29'),(21,'Consular Agent',1040335078,0,0,'Even though this position has Agent in the title, it is clear from years served that this was a permanent position, since technically only American citizens could be commissioned as consuls (though there are many examples to the contrary).','2009-03-17 21:05:40','2012-09-10 20:56:48'),(22,'Consular and Commercial Agent',1040335078,0,0,NULL,'2009-03-17 21:05:40','2009-12-03 23:05:36'),(23,'Delegate U.S. Br. Commission',676005164,1,0,NULL,'2009-03-17 21:05:40','2009-12-03 23:06:17'),(24,'Diplomatic Agent',676005164,0,0,'This title appears to have only been used once -- for Charles Dumas.','2009-03-17 21:05:40','2012-09-10 20:57:43'),(25,'Envoy Extraordinaire and Minister Plenipotentiary',676005164,0,1,NULL,'2009-03-17 21:05:40','2009-12-03 23:07:07'),(26,'Minister Plenipotentiary',676005164,0,1,NULL,'2009-03-17 21:05:40','2009-12-03 23:07:31'),(27,'Minister Resident',676005164,0,1,'This appointment came one year after the Portuguese royal family moved to Brazil to escape Napoleon I and made Rio de Janeiro the temporary capital of the Portuguese Empire.','2009-03-17 21:05:40','2011-02-10 03:03:04'),(28,'Secretary of Delegation',854258232,0,0,NULL,'2009-03-17 21:05:40','2009-12-03 23:08:10'),(29,'Secretary of Legation',854258232,0,0,NULL,'2009-03-17 21:05:40','2009-12-03 23:08:36'),(30,'Secretary of Negotiating Delegation',854258232,0,0,NULL,'2009-03-17 21:05:40','2009-12-03 23:08:50'),(31,'Secretary to Consul General',854258232,0,0,NULL,'2009-03-17 21:05:40','2009-12-03 23:09:13'),(32,'Secretary to Negotiating Commission',854258232,0,0,NULL,'2009-03-17 21:05:40','2009-12-03 23:09:54'),(33,'Secretary to Negotiating Delegation',854258232,0,0,NULL,'2009-03-17 21:05:40','2009-12-03 23:10:37'),(34,'Secretary - Special Diplomatic Mission',854258232,1,0,NULL,'2009-03-17 21:05:40','2009-12-03 23:10:58'),(35,'Special Agent for Claims',1040335078,1,0,NULL,'2009-03-17 21:05:41','2009-12-03 23:11:12'),(36,'Special Agent to Portuguese Government',676005164,1,0,NULL,'2009-03-17 21:05:41','2010-01-10 22:15:28'),(37,'Special Agent/Commissioner',676005164,1,0,NULL,'2009-03-17 21:05:41','2009-12-03 23:11:54'),(38,'Special Commissioner',676005164,0,0,NULL,'2009-03-17 21:05:41','2009-12-03 23:12:13'),(39,'Special Diplomatic Agent',676005164,1,0,NULL,'2009-03-17 21:05:41','2010-01-10 22:22:24'),(40,'Special Negotiator',676005164,1,1,NULL,'2009-03-17 21:05:41','2012-09-10 21:00:19'),(41,'Treaty Negotiator',676005164,1,1,NULL,'2009-03-17 21:05:41','2012-09-10 21:01:18'),(42,'Vice /Acting Consul',1040335078,1,0,'It appears that those who held this position, were acting as consul while technically holding the position of vice consul (which was rarely a commissioned title).  More research is required into the particulars of each case.','2009-03-17 21:05:41','2009-12-03 23:15:49'),(43,'Vice Commercial Agent',1040335078,0,0,NULL,'2009-03-17 21:05:41','2009-12-03 23:16:13'),(44,'Vice Consul',1040335078,0,0,'Vice consul was typically an non commissioned post.  However, in some cases Vice Consuls were commissioned.  See the notes for each assignment record to determine if that officer held a commission as vice consul.','2009-03-17 21:05:41','2009-12-03 23:17:24'),(45,'Vice Consul in Charge',1040335078,0,0,NULL,'2009-03-17 21:05:41','2009-12-03 23:17:40');
/*!40000 ALTER TABLE `assignment_titles` ENABLE KEYS */;
UNLOCK TABLES;

--
-- Table structure for table `assignment_types`
--

DROP TABLE IF EXISTS `assignment_types`;
/*!40101 SET @saved_cs_client     = @@character_set_client */;
/*!40101 SET character_set_client = utf8 */;
CREATE TABLE `assignment_types` (
  `id` int(11) NOT NULL AUTO_INCREMENT,
  `name` varchar(255) DEFAULT NULL,
  `notes` text,
  `created_at` datetime DEFAULT NULL,
  `updated_at` datetime DEFAULT NULL,
  PRIMARY KEY (`id`)
) ENGINE=InnoDB AUTO_INCREMENT=1040335079 DEFAULT CHARSET=latin1;
/*!40101 SET character_set_client = @saved_cs_client */;

--
-- Dumping data for table `assignment_types`
--

LOCK TABLES `assignment_types` WRITE;
/*!40000 ALTER TABLE `assignment_types` DISABLE KEYS */;
INSERT INTO `assignment_types` VALUES (676005164,'diplomatic','This covers <b>all</b>: ministers, envoys, commissioners, diplomatic agents,  charges d\'affaires, etc.','2009-03-16 17:30:23','2010-10-05 02:59:36'),(854258232,'support staff','all the secretaries or clerks','2009-03-16 17:30:23','2009-03-16 17:30:23'),(1040335078,'consular','this covers all variations on consul, as well as agents for commerce and seamen, etc.','2009-03-16 17:30:23','2009-03-16 17:30:23');
/*!40000 ALTER TABLE `assignment_types` ENABLE KEYS */;
UNLOCK TABLES;

--
-- Table structure for table `assignments`
--

DROP TABLE IF EXISTS `assignments`;
/*!40101 SET @saved_cs_client     = @@character_set_client */;
/*!40101 SET character_set_client = utf8 */;
CREATE TABLE `assignments` (
  `id` int(11) NOT NULL AUTO_INCREMENT,
  `individual_id` int(11) DEFAULT NULL,
  `assignment_title_id` int(11) DEFAULT NULL,
  `location_id` int(11) DEFAULT NULL,
  `start_year` int(11) DEFAULT NULL,
  `start_certain` tinyint(1) DEFAULT NULL,
  `end_year` int(11) DEFAULT NULL,
  `end_certain` tinyint(1) DEFAULT NULL,
  `notes` text,
  PRIMARY KEY (`id`),
  KEY `individual_id` (`individual_id`),
  KEY `assignment_title_id` (`assignment_title_id`),
  KEY `location_id` (`location_id`),
  CONSTRAINT `assignments_ibfk_1` FOREIGN KEY (`individual_id`) REFERENCES `individuals` (`id`),
  CONSTRAINT `assignments_ibfk_2` FOREIGN KEY (`assignment_title_id`) REFERENCES `assignment_titles` (`id`),
  CONSTRAINT `assignments_ibfk_3` FOREIGN KEY (`location_id`) REFERENCES `locations` (`id`)
) ENGINE=InnoDB AUTO_INCREMENT=2006 DEFAULT CHARSET=latin1;
/*!40101 SET character_set_client = @saved_cs_client */;

--
-- Dumping data for table `assignments`
--

LOCK TABLES `assignments` WRITE;
/*!40000 ALTER TABLE `assignments` DISABLE KEYS */;
INSERT INTO `assignments` VALUES (1235,1,40,166,1779,1,1779,0,'I think this is meant to be his time as sole commissioner to Great Britain.  If so, then this record needs to be overhauled or deleted.'),(1236,2,28,166,1779,1,1779,0,NULL),(1237,3,41,166,1782,1,1783,1,NULL),(1238,1,26,166,1785,1,1788,1,''),(1239,4,29,166,1785,1,1788,0,NULL),(1240,5,39,166,1789,1,1789,0,NULL),(1241,6,26,166,1792,1,1796,1,NULL),(1242,7,40,166,1794,1,1794,0,NULL),(1243,8,26,166,1796,1,1803,1,NULL),(1244,9,23,166,1801,0,1802,1,NULL),(1245,9,12,166,1802,1,1802,0,NULL),(1246,10,26,166,1803,1,1807,1,NULL),(1247,10,40,166,1806,1,1807,1,NULL),(1248,11,40,166,1806,1,1808,1,NULL),(1249,11,26,166,1808,1,1811,1,NULL),(1250,12,12,166,1811,1,1811,0,NULL),(1251,13,11,166,1811,1,1812,1,NULL),(1252,14,25,166,1815,1,1817,1,NULL),(1253,15,29,166,1815,1,1825,1,NULL),(1254,16,25,166,1817,1,1825,1,NULL),(1255,17,41,166,1818,1,1818,0,NULL),(1256,18,40,166,1823,1,1823,0,NULL),(1257,19,39,166,1823,1,1824,1,NULL),(1258,20,29,166,1825,1,1826,1,NULL),(1259,8,25,166,1825,1,1826,1,NULL),(1260,21,18,166,1790,1,1797,0,NULL),(1261,22,18,166,1797,1,1801,0,NULL),(1262,23,18,166,1801,1,1804,1,NULL),(1263,24,18,166,1804,1,1811,1,NULL),(1264,25,44,166,1808,0,1811,1,NULL),(1265,25,2,166,1811,1,1812,1,NULL),(1266,25,9,166,1812,1,1814,1,NULL),(1267,25,2,166,1814,1,1815,1,NULL),(1268,26,18,166,1815,1,1853,1,NULL),(1269,27,21,167,1795,1,1802,1,NULL),(1270,28,18,168,1792,1,1815,1,NULL),(1271,29,2,168,1793,1,1793,0,NULL),(1272,30,10,168,1795,1,1801,0,NULL),(1273,31,2,168,1801,1,1805,0,NULL),(1274,32,18,168,1816,1,1833,1,NULL),(1275,33,44,169,1790,1,1816,1,NULL),(1276,33,18,169,1816,1,1823,0,NULL),(1277,34,18,169,1823,1,1841,0,NULL),(1278,35,21,170,1793,1,1793,0,NULL),(1279,36,21,170,1793,1,1805,1,NULL),(1280,37,18,171,1793,1,1794,1,NULL),(1281,38,18,171,1794,1,1818,1,NULL),(1282,39,18,171,1819,1,1854,1,NULL),(1283,40,18,172,1796,1,1816,1,NULL),(1284,41,18,172,1816,1,1827,1,NULL),(1285,42,18,173,1790,1,1812,1,NULL),(1286,42,18,173,1815,1,1829,1,NULL),(1287,43,21,174,1792,1,1795,1,NULL),(1288,44,18,174,1815,1,1819,1,NULL),(1289,45,18,174,1823,1,1859,1,NULL),(1290,46,44,175,1791,1,1791,0,NULL),(1291,47,21,176,1798,1,1803,0,NULL),(1292,48,21,176,1798,1,1803,0,NULL),(1293,49,21,177,1798,1,1798,0,NULL),(1294,50,21,177,1798,1,1809,1,NULL),(1295,51,21,177,1809,1,1835,1,NULL),(1296,52,18,178,1801,1,1807,0,NULL),(1297,53,18,178,1820,1,1824,0,NULL),(1298,54,18,178,1824,1,1831,1,NULL),(1299,55,18,179,1798,1,1817,0,NULL),(1300,56,18,179,1817,1,1833,0,NULL),(1301,57,18,180,1796,1,1815,0,NULL),(1302,58,2,180,1815,1,1815,0,NULL),(1303,59,18,180,1815,1,1820,1,NULL),(1304,60,18,180,1820,1,1830,1,NULL),(1305,61,18,181,1797,1,1815,0,NULL),(1306,62,18,181,1815,1,1817,0,NULL),(1307,63,18,181,1817,1,1826,1,NULL),(1308,64,18,182,1790,1,1793,1,NULL),(1309,65,18,182,1794,1,1809,1,NULL),(1310,66,18,182,1809,1,1826,0,NULL),(1311,67,18,183,1811,1,1814,1,NULL),(1312,68,18,184,1811,1,1813,1,NULL),(1313,69,18,184,1813,1,1817,1,NULL),(1314,70,18,184,1817,1,1834,0,NULL),(1315,2,40,185,1777,1,1777,0,NULL),(1316,2,27,185,1780,1,1780,0,NULL),(1317,71,18,185,1794,1,1803,0,NULL),(1318,8,41,185,1799,1,1799,0,NULL),(1319,72,18,185,1803,1,1813,0,NULL),(1320,14,26,185,1809,1,1814,1,NULL),(1321,73,29,185,1812,1,1816,0,NULL),(1322,74,29,185,1812,1,1816,0,NULL),(1323,72,33,185,1813,1,1813,0,NULL),(1324,75,41,185,1813,1,1814,1,NULL),(1325,72,11,185,1814,1,1817,1,NULL),(1326,76,39,185,1816,1,1816,0,NULL),(1327,77,29,185,1816,1,1818,1,NULL),(1328,11,25,185,1816,1,1818,1,NULL),(1329,78,18,185,1816,1,1819,0,NULL),(1330,79,25,185,1818,1,1820,1,NULL),(1331,80,29,185,1818,1,1820,1,NULL),(1332,81,18,185,1819,1,1850,1,NULL),(1333,18,25,185,1820,1,1830,1,NULL),(1334,82,21,186,1797,1,1807,0,NULL),(1335,83,21,186,1807,1,1807,0,NULL),(1336,84,21,187,1778,1,1790,1,NULL),(1337,85,18,187,1790,1,1797,1,NULL),(1338,86,2,187,1793,1,1793,0,NULL),(1339,87,18,187,1797,1,1799,0,NULL),(1340,88,18,187,1799,1,1801,1,NULL),(1341,89,43,187,1801,1,1804,0,NULL),(1342,90,14,187,1801,1,1816,1,NULL),(1343,91,5,187,1810,1,1811,1,NULL),(1344,92,2,187,1813,1,1813,0,NULL),(1345,93,18,187,1816,1,1824,1,NULL),(1346,94,18,187,1824,1,1841,1,NULL),(1347,88,18,188,1797,1,1799,1,NULL),(1348,95,2,188,1799,1,1802,1,NULL),(1349,96,14,189,1802,1,1807,1,NULL),(1350,97,1,189,1806,1,1806,0,NULL),(1351,98,18,189,1817,1,1827,1,NULL),(1352,99,14,190,1802,1,1806,0,NULL),(1353,100,18,190,1806,1,1822,0,NULL),(1354,101,18,190,1822,1,1829,1,NULL),(1355,102,18,191,1794,1,1801,0,NULL),(1356,103,14,191,1801,1,1803,1,NULL),(1357,102,14,191,1803,1,1806,0,NULL),(1358,104,44,192,1790,1,1803,0,NULL),(1359,105,18,192,1793,1,1794,0,NULL),(1360,106,18,192,1794,1,1797,0,NULL),(1361,104,43,192,1801,1,1803,1,NULL),(1362,107,14,192,1801,1,1803,1,NULL),(1363,108,43,192,1803,1,1807,0,NULL),(1364,88,14,192,1803,1,1808,0,NULL),(1365,25,18,192,1817,1,1847,1,NULL),(1366,109,21,193,1817,1,1820,0,NULL),(1367,110,14,194,1801,1,1803,1,NULL),(1368,111,14,194,1803,1,1815,0,NULL),(1369,112,18,194,1815,1,1816,1,NULL),(1370,113,18,194,1816,1,1817,1,NULL),(1371,114,18,194,1817,1,1833,0,NULL),(1372,115,21,195,1791,1,1817,1,NULL),(1373,116,14,195,1803,1,1815,0,NULL),(1374,117,18,195,1815,1,1819,1,NULL),(1375,118,21,195,1816,1,1822,0,NULL),(1376,119,10,195,1818,1,1822,0,NULL),(1377,120,18,195,1820,1,1821,1,NULL),(1378,121,18,195,1825,1,1826,1,NULL),(1379,122,18,196,1790,1,1801,0,NULL),(1380,122,14,196,1805,1,1819,0,NULL),(1381,123,18,196,1819,1,1829,1,NULL),(1382,124,18,197,1794,1,1802,0,NULL),(1383,125,14,197,1802,1,1805,0,NULL),(1384,126,18,198,1790,1,1793,1,NULL),(1385,127,18,198,1794,1,1799,1,NULL),(1386,128,14,198,1802,1,1803,1,NULL),(1387,110,14,198,1803,1,1815,0,NULL),(1388,93,18,198,1815,1,1816,1,NULL),(1389,113,18,198,1817,1,1821,0,NULL),(1390,129,18,198,1821,1,1838,1,NULL),(1391,130,40,199,1776,1,1777,1,NULL),(1392,3,40,199,1776,1,1778,1,NULL),(1393,131,40,199,1776,1,1778,1,NULL),(1394,1,16,199,1777,1,1778,1,NULL),(1395,130,16,199,1778,1,1778,0,NULL),(1396,3,26,199,1779,1,1785,1,NULL),(1397,132,40,199,1780,1,1780,0,NULL),(1398,133,18,199,1781,1,1783,1,NULL),(1399,133,16,199,1782,1,1785,1,NULL),(1400,133,19,199,1783,1,1791,1,NULL),(1401,134,26,199,1785,1,1789,1,NULL),(1402,135,29,199,1785,1,1790,1,NULL),(1403,135,11,199,1790,1,1792,1,NULL),(1404,5,26,199,1792,1,1794,1,NULL),(1405,136,18,199,1794,1,1794,0,NULL),(1406,10,26,199,1794,1,1796,1,NULL),(1407,137,44,199,1794,1,1797,1,NULL),(1408,138,19,199,1795,1,1796,1,NULL),(1409,139,40,199,1797,1,1798,1,NULL),(1410,140,40,199,1798,1,1798,0,NULL),(1411,206,40,199,1798,1,1798,0,NULL),(1412,142,40,199,1799,1,1800,1,NULL),(1413,143,40,199,1799,1,1800,1,NULL),(1414,144,40,199,1799,1,1800,1,NULL),(1415,145,26,199,1801,1,1804,1,NULL),(1416,138,14,199,1801,1,1808,1,NULL),(1417,146,39,199,1802,1,1802,0,NULL),(1418,10,40,199,1803,1,1803,0,NULL),(1419,147,26,199,1804,1,1810,1,NULL),(1420,148,18,199,1809,1,1814,1,NULL),(1421,90,29,199,1810,1,1811,1,NULL),(1422,13,11,199,1810,1,1811,1,NULL),(1423,149,26,199,1811,1,1812,1,NULL),(1424,150,26,199,1813,1,1815,1,NULL),(1425,151,29,199,1813,1,1816,1,NULL),(1426,138,18,199,1814,1,1815,1,NULL),(1427,88,20,199,1814,1,1833,1,NULL),(1428,17,25,199,1815,1,1823,1,NULL),(1429,152,29,199,1816,1,1824,1,NULL),(1430,153,25,199,1823,1,1829,1,NULL),(1431,154,21,200,1800,1,1800,0,NULL),(1432,155,18,201,1790,1,1793,1,NULL),(1433,156,14,202,1801,1,1804,0,NULL),(1434,88,18,202,1802,1,1803,1,NULL),(1435,157,14,202,1803,1,1810,1,NULL),(1436,14,41,203,1814,1,1814,0,NULL),(1437,158,41,203,1814,1,1814,0,NULL),(1438,17,41,203,1814,1,1814,0,NULL),(1439,159,30,203,1814,1,1814,0,NULL),(1440,13,41,203,1814,1,1814,0,NULL),(1441,160,41,203,1814,1,1814,0,NULL),(1442,161,18,204,1801,1,1803,0,NULL),(1443,113,18,204,1803,1,1816,1,NULL),(1444,162,14,205,1808,1,1818,0,NULL),(1445,163,21,206,1797,1,1802,1,NULL),(1446,164,21,206,1802,1,1805,0,NULL),(1447,165,18,207,1793,1,1823,1,NULL),(1448,166,18,207,1823,1,1826,1,NULL),(1449,167,21,208,1795,1,1800,0,NULL),(1450,168,21,208,1800,1,1804,0,NULL),(1451,169,21,208,1804,0,1806,1,NULL),(1452,170,21,208,1806,1,1806,0,NULL),(1453,171,42,209,1793,1,1797,0,NULL),(1454,172,18,209,1797,1,1803,1,NULL),(1455,173,2,209,1800,1,1802,1,NULL),(1456,174,2,209,1803,1,1803,0,NULL),(1457,175,44,209,1803,1,1803,0,NULL),(1458,175,18,209,1803,1,1816,1,NULL),(1459,176,2,209,1811,1,1811,0,NULL),(1460,177,18,209,1815,1,1817,1,NULL),(1461,178,18,209,1817,1,1835,1,NULL),(1462,179,18,210,1823,1,1832,1,NULL),(1463,180,2,210,1825,1,1826,1,NULL),(1464,181,21,211,1791,1,1792,1,NULL),(1465,149,18,211,1792,1,1793,1,NULL),(1466,182,18,211,1793,1,1797,1,NULL),(1467,183,2,211,1794,1,1795,1,NULL),(1468,183,2,211,1797,1,1799,1,NULL),(1469,184,44,211,1799,1,1806,1,NULL),(1470,183,18,211,1801,1,1815,1,NULL),(1471,185,44,211,1806,1,1809,1,NULL),(1472,186,42,211,1807,1,1815,0,NULL),(1473,187,18,211,1815,1,1818,1,NULL),(1474,188,2,211,1816,1,1816,0,NULL),(1475,189,2,211,1817,1,1818,1,NULL),(1476,190,18,211,1819,1,1823,1,NULL),(1477,191,2,211,1823,1,1824,1,NULL),(1478,192,18,211,1824,1,1855,1,NULL),(1479,193,44,212,1793,1,1793,0,NULL),(1480,194,44,212,1810,0,1813,1,NULL),(1481,195,44,212,1813,1,1813,0,NULL),(1482,196,21,213,1795,1,1802,0,NULL),(1483,197,18,213,1802,1,1806,0,NULL),(1484,198,18,214,1794,1,1797,1,NULL),(1485,199,18,214,1797,1,1815,0,NULL),(1486,25,18,214,1815,1,1817,1,NULL),(1487,200,18,214,1816,1,1831,0,NULL),(1488,202,29,215,1779,1,1790,1,NULL),(1489,7,40,215,1780,1,1782,1,NULL),(1490,202,12,215,1782,1,1790,1,NULL),(1491,202,11,215,1790,1,1794,1,NULL),(1492,135,17,215,1792,1,1794,1,NULL),(1493,135,27,215,1794,1,1795,1,NULL),(1494,6,40,215,1795,1,1795,0,NULL),(1495,203,26,215,1797,1,1801,1,NULL),(1496,204,18,215,1798,1,1803,0,NULL),(1497,205,29,215,1801,1,1804,1,NULL),(1498,206,26,215,1801,1,1805,1,NULL),(1499,207,41,215,1804,1,1806,1,NULL),(1500,23,29,215,1804,1,1810,1,NULL),(1501,147,41,215,1806,1,1806,0,NULL),(1502,208,39,215,1813,1,1816,1,NULL),(1503,23,26,215,1814,1,1819,1,NULL),(1504,209,29,215,1814,1,1822,1,NULL),(1505,209,7,215,1817,1,1818,0,NULL),(1506,210,26,215,1819,1,1823,1,NULL),(1507,96,29,215,1822,1,1824,1,NULL),(1508,23,39,215,1823,1,1823,0,NULL),(1509,211,26,215,1823,1,1825,1,NULL),(1510,15,29,215,1825,1,1828,1,NULL),(1511,212,25,215,1825,1,1829,1,NULL),(1512,213,18,216,1793,1,1800,0,NULL),(1513,214,18,216,1800,1,1818,0,NULL),(1514,215,18,216,1817,1,1838,1,NULL),(1515,216,18,217,1794,1,1802,0,NULL),(1516,217,18,218,1803,1,1807,0,NULL),(1517,218,44,218,1808,1,1820,1,NULL),(1518,218,18,218,1820,1,1834,1,NULL),(1519,219,21,219,1800,1,1858,0,NULL),(1520,220,21,220,1800,1,1803,1,NULL),(1521,221,21,220,1803,1,1807,0,NULL),(1522,186,18,220,1807,1,1814,0,NULL),(1523,222,18,221,1803,1,1806,1,NULL),(1524,186,18,221,1806,1,1807,1,NULL),(1525,223,44,221,1820,0,1828,1,NULL),(1526,217,18,222,1807,1,1815,0,NULL),(1527,224,5,222,1809,1,1809,0,NULL),(1528,225,44,222,1809,1,1809,0,NULL),(1529,226,6,222,1815,1,1864,1,NULL),(1530,227,18,223,1805,1,1816,0,NULL),(1531,228,18,223,1816,1,1820,1,NULL),(1532,229,18,223,1820,1,1825,0,NULL),(1533,230,18,223,1825,1,1835,0,NULL),(1534,231,44,224,1790,1,1807,1,NULL),(1535,232,18,224,1806,1,1826,1,NULL),(1536,233,18,225,1790,1,1803,0,NULL),(1537,234,18,225,1803,1,1806,0,NULL),(1538,187,18,225,1806,1,1815,1,NULL),(1539,235,18,225,1815,1,1816,1,NULL),(1540,236,18,225,1816,1,1861,1,NULL),(1541,203,39,226,1790,1,1790,0,NULL),(1542,203,27,226,1791,1,1797,1,NULL),(1543,237,18,226,1792,1,1797,1,NULL),(1544,238,18,226,1797,1,1802,1,NULL),(1545,239,18,226,1802,1,1811,0,NULL),(1546,240,26,325,1809,1,1819,1,NULL),(1547,241,18,226,1811,1,1812,1,NULL),(1548,242,18,226,1813,1,1843,0,NULL),(1549,96,29,226,1819,1,1821,1,NULL),(1550,243,25,226,1822,1,1824,1,NULL),(1551,209,29,226,1822,1,1825,1,NULL),(1552,209,11,226,1825,1,1834,1,NULL),(1553,192,18,227,1821,1,1823,1,NULL),(1554,244,18,228,1816,1,1818,1,NULL),(1555,245,18,228,1818,1,1828,0,NULL),(1556,246,18,229,1793,1,1815,0,NULL),(1557,247,44,229,1794,1,1797,1,NULL),(1558,247,19,229,1797,1,1816,1,NULL),(1559,248,2,229,1802,1,1803,1,NULL),(1560,249,18,229,1817,1,1839,1,NULL),(1561,250,21,230,1804,1,1817,1,NULL),(1562,251,21,230,1822,1,1840,1,NULL),(1563,252,18,231,1797,1,1800,1,NULL),(1564,253,4,231,1800,1,1803,0,NULL),(1565,254,18,231,1800,1,1803,0,NULL),(1566,72,18,231,1803,1,1803,0,NULL),(1567,255,4,231,1803,1,1806,1,NULL),(1568,256,4,231,1806,1,1807,1,NULL),(1569,257,18,231,1807,1,1820,0,NULL),(1570,258,18,231,1816,1,1819,1,NULL),(1571,259,18,231,1819,1,1829,1,NULL),(1572,260,21,232,1804,1,1810,0,NULL),(1573,261,41,233,1779,1,1779,0,NULL),(1574,262,29,233,1779,1,1789,1,NULL),(1575,1,26,233,1781,1,1788,1,NULL),(1576,262,24,233,1785,1,1789,1,NULL),(1577,135,27,233,1792,1,1792,0,NULL),(1578,14,27,233,1794,1,1797,1,NULL),(1579,264,12,233,1795,1,1796,1,NULL),(1580,144,27,233,1797,1,1801,1,NULL),(1581,265,25,233,1814,1,1818,1,NULL),(1582,212,29,233,1815,1,1818,1,NULL),(1583,247,8,233,1817,1,1817,0,NULL),(1584,17,40,233,1817,1,1817,0,NULL),(1585,96,29,233,1817,1,1819,1,NULL),(1586,212,11,233,1818,1,1824,1,NULL),(1587,159,11,233,1825,1,1830,1,NULL),(1588,67,18,202,1814,1,1817,1,NULL),(1589,266,18,202,1817,1,1818,1,NULL),(1590,267,18,202,1818,1,1819,1,NULL),(1591,268,18,202,1823,1,1829,1,NULL),(1592,269,18,202,1829,1,1836,1,NULL),(1593,259,18,204,1816,1,1819,1,NULL),(1594,270,18,204,1822,1,1843,0,NULL),(1595,271,18,234,1792,1,1817,1,NULL),(1596,272,40,234,1811,1,1811,0,NULL),(1597,23,40,234,1811,1,1812,1,NULL),(1598,272,18,234,1816,1,1819,1,NULL),(1599,79,40,234,1818,1,1818,0,NULL),(1600,274,18,234,1820,1,1833,0,NULL),(1601,159,40,234,1825,1,1825,0,NULL),(1602,275,18,235,1809,1,1809,0,NULL),(1603,276,21,235,1821,1,1831,0,NULL),(1604,277,18,236,1797,1,1802,0,NULL),(1605,278,18,236,1802,1,1811,0,NULL),(1606,99,18,236,1811,1,1814,0,NULL),(1607,279,18,236,1814,1,1818,0,NULL),(1608,280,18,236,1818,1,1846,0,NULL),(1609,14,41,237,1798,1,1798,0,NULL),(1610,281,29,237,1814,1,1816,1,NULL),(1611,13,26,237,1814,1,1818,1,NULL),(1612,159,29,237,1816,1,1819,1,NULL),(1613,282,18,237,1818,1,1836,1,NULL),(1614,159,11,237,1819,1,1825,1,NULL),(1615,131,40,238,1777,1,1777,0,NULL),(1616,283,15,238,1777,1,1779,1,NULL),(1617,284,39,238,1794,1,1794,0,NULL),(1618,14,26,238,1797,1,1801,1,NULL),(1619,285,18,239,1821,1,1829,1,NULL),(1620,286,18,240,1798,1,1816,1,NULL),(1621,272,19,240,1816,1,1819,1,NULL),(1622,287,18,241,1797,1,1799,1,NULL),(1623,288,18,241,1799,1,1802,0,NULL),(1624,289,18,241,1802,1,1815,0,NULL),(1625,290,18,241,1815,1,1819,0,NULL),(1626,291,18,241,1819,1,1821,0,NULL),(1627,292,18,241,1821,1,1845,1,NULL),(1628,293,18,242,1807,1,1807,0,NULL),(1629,294,18,243,1794,1,1794,0,NULL),(1630,295,18,244,1803,1,1806,0,NULL),(1631,272,18,245,1816,1,1819,1,NULL),(1632,296,18,246,1794,1,1794,0,NULL),(1633,297,18,246,1796,1,1833,1,NULL),(1634,137,44,247,1790,1,1793,1,NULL),(1635,272,18,247,1793,1,1796,1,NULL),(1636,69,18,247,1796,1,1797,1,NULL),(1637,298,18,247,1797,1,1802,1,NULL),(1638,299,18,247,1802,1,1811,0,NULL),(1639,298,18,247,1817,1,1821,0,NULL),(1640,300,18,205,1797,1,1797,0,NULL),(1641,301,18,205,1797,1,1803,0,NULL),(1642,302,18,205,1803,1,1804,1,NULL),(1643,303,18,205,1804,1,1808,0,NULL),(1644,304,21,248,1802,1,1810,1,NULL),(1645,305,18,248,1809,1,1812,0,NULL),(1646,304,18,248,1812,1,1815,1,NULL),(1647,306,44,248,1820,0,1825,1,NULL),(1648,307,18,205,1818,1,1822,0,NULL),(1649,308,18,205,1822,1,1834,0,NULL),(1650,11,40,249,1816,1,1816,0,NULL),(1651,309,40,250,1777,1,1777,0,NULL),(1652,310,18,251,1794,1,1798,0,NULL),(1653,311,18,251,1798,1,1840,1,NULL),(1654,312,18,252,1797,1,1806,0,NULL),(1655,313,18,252,1806,1,1823,0,NULL),(1656,314,18,252,1823,1,1837,0,NULL),(1657,315,18,253,1805,1,1827,0,NULL),(1658,316,18,253,1827,1,1845,1,NULL),(1659,317,18,254,1796,1,1805,0,NULL),(1660,318,39,254,1800,1,1800,0,NULL),(1661,319,18,254,1805,1,1809,0,NULL),(1662,320,18,254,1809,1,1861,1,NULL),(1663,11,40,254,1816,1,1816,0,NULL),(1664,321,18,255,1802,1,1806,1,NULL),(1665,322,18,255,1805,1,1816,0,NULL),(1666,323,18,255,1816,1,1818,0,NULL),(1667,324,18,255,1818,1,1824,1,NULL),(1668,325,18,255,1825,1,1837,1,NULL),(1669,326,18,256,1801,1,1815,0,NULL),(1670,318,39,257,1799,1,1799,0,NULL),(1671,327,39,257,1820,1,1820,0,NULL),(1672,328,39,257,1820,1,1828,1,NULL),(1673,329,39,257,1823,1,1824,1,NULL),(1674,330,39,257,1824,1,1824,0,NULL),(1675,331,18,258,1802,1,1823,0,NULL),(1676,332,22,258,1823,1,1832,1,NULL),(1677,333,39,259,1825,1,1826,1,NULL),(1678,181,21,260,1786,1,1790,0,NULL),(1679,334,21,261,1786,1,1790,0,NULL),(1680,229,18,261,1817,1,1818,1,NULL),(1681,133,40,262,1785,1,1786,1,NULL),(1682,335,21,262,1786,1,1790,0,NULL),(1683,133,18,262,1791,1,1792,1,NULL),(1684,133,39,262,1791,1,1792,1,NULL),(1685,336,18,262,1794,1,1794,0,NULL),(1686,203,40,262,1795,1,1795,0,NULL),(1687,198,39,262,1795,1,1795,0,NULL),(1688,198,18,262,1796,1,1820,1,NULL),(1689,337,2,262,1820,1,1821,1,NULL),(1690,228,18,262,1820,1,1830,1,NULL),(1691,338,44,262,1821,0,1830,1,NULL),(1692,339,41,263,1785,1,1785,0,NULL),(1693,340,39,263,1792,1,1792,0,NULL),(1694,149,41,263,1793,1,1793,0,NULL),(1695,203,40,263,1793,1,1794,1,NULL),(1696,341,2,263,1793,1,1794,1,NULL),(1697,342,41,263,1795,1,1797,1,NULL),(1698,149,19,263,1796,1,1797,1,NULL),(1699,343,39,263,1797,1,1797,0,NULL),(1700,344,3,263,1797,1,1798,1,NULL),(1701,305,19,263,1797,1,1803,1,NULL),(1702,345,31,263,1798,1,1798,0,NULL),(1703,346,39,263,1798,1,1798,0,NULL),(1704,347,39,263,1798,1,1798,0,NULL),(1705,348,31,263,1799,1,1799,0,NULL),(1706,187,19,263,1802,1,1803,1,NULL),(1707,349,19,263,1803,1,1812,1,NULL),(1708,350,3,263,1804,1,1805,1,NULL),(1709,351,13,263,1805,1,1807,1,NULL),(1710,352,3,263,1806,1,1807,1,NULL),(1711,353,31,263,1806,1,1809,1,NULL),(1712,354,3,263,1812,1,1815,1,NULL),(1713,327,41,263,1815,1,1815,0,NULL),(1714,355,40,263,1815,1,1815,0,NULL),(1715,160,41,263,1815,1,1816,1,NULL),(1716,160,19,263,1815,1,1828,1,NULL),(1717,356,32,263,1816,1,1816,0,NULL),(1718,357,39,263,1816,1,1817,1,NULL),(1719,358,3,263,1817,1,1819,1,NULL),(1720,359,3,263,1821,1,1822,1,NULL),(1721,360,31,263,1824,1,1826,0,NULL),(1722,361,3,263,1825,1,1825,0,NULL),(1723,342,18,264,1795,1,1797,1,NULL),(1724,362,2,264,1795,1,1797,1,NULL),(1725,363,39,264,1796,1,1797,1,NULL),(1726,364,41,264,1797,1,1797,0,NULL),(1727,362,41,264,1797,1,1797,0,NULL),(1728,364,18,264,1797,1,1803,0,NULL),(1729,187,41,264,1798,1,1798,0,NULL),(1730,305,40,264,1798,1,1798,0,NULL),(1731,187,18,264,1803,1,1803,0,NULL),(1732,68,18,264,1813,1,1815,0,NULL),(1733,365,18,264,1815,1,1819,1,NULL),(1734,366,18,264,1819,1,1824,0,NULL),(1735,367,18,264,1824,1,1825,1,NULL),(1736,362,18,264,1825,1,1841,1,NULL),(1737,149,41,265,1796,1,1796,0,NULL),(1738,305,41,265,1796,1,1796,0,NULL),(1739,368,2,265,1796,1,1799,1,NULL),(1740,187,18,265,1797,1,1801,1,NULL),(1741,369,2,265,1799,1,1799,0,NULL),(1742,349,41,265,1803,1,1805,1,NULL),(1743,370,2,265,1805,1,1807,1,NULL),(1744,371,18,265,1806,1,1810,0,NULL),(1745,372,2,265,1810,1,1811,1,NULL),(1746,373,2,265,1811,1,1813,1,NULL),(1747,374,18,265,1812,1,1819,1,NULL),(1748,375,2,265,1816,1,1816,0,NULL),(1749,376,2,265,1817,1,1817,0,NULL),(1750,365,18,265,1819,1,1825,0,NULL),(1751,377,18,265,1825,1,1830,1,NULL),(1752,378,18,266,1799,1,1809,0,NULL),(1753,379,18,267,1792,1,1796,1,NULL),(1754,380,18,267,1796,1,1801,0,NULL),(1755,381,18,267,1801,1,1804,0,NULL),(1756,382,21,268,1794,1,1810,0,NULL),(1757,383,18,269,1794,1,1797,0,NULL),(1758,381,18,269,1797,1,1801,0,NULL),(1759,384,39,269,1799,1,1800,1,NULL),(1760,385,14,269,1801,1,1805,1,NULL),(1761,385,18,269,1805,1,1816,0,NULL),(1762,386,18,269,1816,1,1826,0,NULL),(1763,387,18,270,1810,1,1820,0,NULL),(1764,388,18,271,1801,1,1807,0,NULL),(1765,389,18,271,1807,1,1818,0,NULL),(1766,390,8,271,1818,1,1823,1,NULL),(1767,391,44,271,1820,1,1824,1,NULL),(1768,392,18,271,1825,1,1835,1,NULL),(1769,393,18,272,1801,1,1815,0,NULL),(1770,394,18,272,1815,1,1822,0,NULL),(1771,395,18,272,1822,1,1832,0,NULL),(1772,396,44,273,1786,1,1789,1,NULL),(1773,397,18,273,1786,1,1789,1,NULL),(1774,397,18,273,1790,1,1798,0,NULL),(1775,398,18,273,1798,1,1805,0,NULL),(1776,399,44,273,1799,1,1805,0,NULL),(1777,400,44,273,1805,1,1806,1,NULL),(1778,400,18,273,1806,1,1812,0,NULL),(1779,401,18,273,1813,1,1822,0,NULL),(1780,402,18,273,1822,1,1824,1,NULL),(1781,403,18,273,1824,1,1826,1,NULL),(1782,404,8,274,1820,1,1828,1,NULL),(1783,405,1,275,1823,1,1823,0,NULL),(1784,406,1,275,1824,1,1824,0,NULL),(1785,407,39,276,1815,1,1815,0,NULL),(1786,408,8,276,1818,1,1827,0,NULL),(1787,409,1,276,1824,1,1824,0,NULL),(1788,410,39,277,1791,1,1791,0,NULL),(1789,411,39,277,1808,1,1808,0,NULL),(1790,412,39,277,1811,1,1811,0,NULL),(1791,413,39,277,1811,1,1812,1,NULL),(1792,414,39,277,1812,1,1812,0,NULL),(1793,407,39,277,1812,1,1814,1,NULL),(1794,415,18,278,1797,1,1798,1,NULL),(1795,416,18,278,1798,1,1799,1,NULL),(1796,417,18,278,1799,1,1801,1,NULL),(1797,418,18,278,1801,1,1802,1,NULL),(1798,419,37,278,1803,1,1803,0,NULL),(1799,411,38,278,1803,1,1803,0,NULL),(1800,420,39,279,1817,1,1817,0,NULL),(1801,421,39,279,1817,1,1822,1,NULL),(1802,422,2,280,1797,1,1798,0,NULL),(1803,423,18,280,1797,1,1799,1,NULL),(1804,424,18,280,1799,1,1802,1,NULL),(1805,425,18,280,1802,1,1805,0,NULL),(1806,426,18,280,1805,1,1807,0,NULL),(1807,427,18,280,1812,1,1817,0,NULL),(1808,428,8,280,1817,1,1819,1,NULL),(1809,62,8,280,1819,1,1820,1,NULL),(1810,429,39,280,1821,1,1821,0,NULL),(1811,430,39,280,1821,1,1821,0,NULL),(1812,431,8,280,1821,1,1825,0,NULL),(1813,421,39,280,1822,1,1822,0,NULL),(1814,396,39,280,1823,1,1824,1,NULL),(1815,432,22,280,1825,1,1829,1,NULL),(1816,217,8,281,1820,1,1821,1,NULL),(1817,433,8,281,1821,1,1823,1,NULL),(1818,434,8,281,1821,1,1825,0,NULL),(1819,432,18,281,1822,0,1825,1,NULL),(1820,291,22,281,1823,1,1825,1,NULL),(1821,435,22,281,1825,1,1831,1,NULL),(1822,436,18,330,1798,1,1806,0,NULL),(1823,437,18,330,1806,1,1811,1,NULL),(1824,108,18,330,1811,1,1815,0,NULL),(1825,438,8,330,1817,1,1818,1,NULL),(1826,439,8,330,1818,1,1820,1,NULL),(1827,440,8,330,1820,1,1823,0,NULL),(1828,441,22,330,1823,1,1827,0,NULL),(1829,442,8,282,1820,1,1824,0,NULL),(1830,443,22,282,1824,1,1826,0,NULL),(1831,444,18,283,1796,1,1797,1,NULL),(1832,247,18,284,1790,1,1791,1,NULL),(1833,445,18,284,1796,1,1800,0,NULL),(1834,156,18,284,1797,1,1799,1,NULL),(1835,446,19,284,1799,1,1801,1,NULL),(1836,447,18,285,1800,1,1801,1,NULL),(1837,448,18,283,1797,1,1820,1,NULL),(1838,449,8,283,1820,1,1822,1,NULL),(1839,450,1,283,1822,1,1822,0,NULL),(1840,451,22,283,1825,1,1827,1,NULL),(1841,452,18,284,1800,1,1805,0,NULL),(1842,349,14,284,1801,1,1803,1,NULL),(1843,453,14,284,1801,1,1808,0,NULL),(1844,454,18,284,1815,1,1817,1,NULL),(1845,455,8,284,1821,1,1822,1,NULL),(1846,456,22,284,1822,1,1827,1,NULL),(1847,447,14,285,1801,1,1805,0,NULL),(1848,457,39,285,1812,1,1813,1,NULL),(1849,454,39,285,1813,1,1814,1,NULL),(1850,458,39,285,1816,1,1816,0,NULL),(1851,381,39,285,1818,1,1818,0,NULL),(1852,454,39,285,1818,1,1818,0,NULL),(1853,459,8,285,1820,1,1828,0,NULL),(1854,69,35,285,1821,1,1821,0,NULL),(1855,460,39,285,1824,1,1824,0,NULL),(1856,461,39,286,1797,1,1797,0,NULL),(1857,426,8,286,1807,1,1807,0,NULL),(1858,462,39,286,1815,1,1815,0,NULL),(1859,463,18,286,1824,1,1831,0,NULL),(1860,464,44,287,1822,1,1831,1,NULL),(1861,431,8,288,1815,1,1818,0,NULL),(1862,217,8,288,1818,1,1820,0,NULL),(1863,465,8,288,1820,1,1826,1,NULL),(1864,466,18,289,1823,1,1827,1,NULL),(1865,466,18,290,1823,1,1827,1,NULL),(1866,467,1,289,1794,1,1794,0,NULL),(1867,468,14,289,1805,1,1810,1,NULL),(1868,469,14,291,1802,1,1815,0,NULL),(1869,470,18,291,1815,1,1821,0,NULL),(1870,471,8,291,1821,1,1830,1,NULL),(1871,472,39,292,1794,1,1794,0,NULL),(1872,473,39,292,1794,1,1794,0,NULL),(1873,474,39,292,1794,1,1794,0,NULL),(1874,475,22,292,1823,1,1831,1,NULL),(1875,476,18,293,1793,1,1805,0,NULL),(1876,470,18,293,1806,1,1815,0,NULL),(1877,477,18,293,1816,1,1817,1,NULL),(1878,478,18,293,1817,1,1819,0,NULL),(1879,479,18,293,1819,1,1827,0,NULL),(1880,480,8,294,1821,1,1833,1,NULL),(1881,481,18,295,1817,1,1835,0,NULL),(1882,482,18,296,1797,1,1803,1,NULL),(1883,483,18,296,1803,1,1809,0,NULL),(1884,484,18,296,1809,1,1813,0,NULL),(1885,279,18,296,1813,1,1813,0,NULL),(1886,485,18,296,1816,1,1820,0,NULL),(1887,486,18,296,1820,1,1821,1,NULL),(1888,466,18,296,1821,1,1823,0,NULL),(1889,487,18,296,1823,1,1827,0,NULL),(1890,488,18,297,1791,1,1793,1,NULL),(1891,489,18,297,1807,1,1858,0,NULL),(1892,490,18,297,1815,1,1816,1,NULL),(1893,491,18,297,1816,1,1824,0,NULL),(1894,492,18,297,1824,1,1837,0,NULL),(1895,493,18,298,1803,1,1807,0,NULL),(1896,494,18,298,1807,1,1816,0,NULL),(1897,466,18,298,1816,1,1821,1,NULL),(1898,495,8,298,1818,1,1826,1,NULL),(1899,496,18,299,1793,1,1796,0,NULL),(1900,497,18,299,1816,1,1822,0,NULL),(1901,498,45,290,1823,1,1824,1,NULL),(1902,499,45,290,1824,1,1831,1,NULL),(1903,138,18,300,1790,1,1795,0,NULL),(1904,500,14,300,1802,1,1815,0,NULL),(1905,108,18,300,1815,1,1818,0,NULL),(1906,501,18,300,1818,1,1829,1,NULL),(1907,502,22,301,1824,1,1840,0,NULL),(1908,503,18,302,1825,1,1838,0,NULL),(1909,504,18,303,1823,1,1834,0,NULL),(1910,505,8,304,1820,1,1821,1,NULL),(1911,506,18,304,1827,1,1835,0,NULL),(1912,507,18,305,1825,1,1827,0,NULL),(1913,160,39,306,1810,1,1812,1,NULL),(1914,508,39,306,1812,1,1814,1,NULL),(1915,509,14,306,1822,1,1823,1,NULL),(1916,509,18,306,1823,1,1833,0,NULL),(1917,510,25,306,1825,1,1829,1,NULL),(1918,511,18,307,1823,1,1824,1,NULL),(1919,512,18,307,1824,1,1834,0,NULL),(1920,454,18,308,1823,1,1831,1,NULL),(1921,513,18,309,1824,1,1838,0,NULL),(1922,514,11,309,1825,1,1826,1,NULL),(1923,515,2,309,1825,0,1827,1,NULL),(1924,516,18,310,1824,1,1830,1,NULL),(1925,159,39,311,1816,1,1816,0,NULL),(1926,517,39,311,1817,1,1817,0,NULL),(1927,518,39,311,1820,1,1821,1,NULL),(1928,519,39,311,1820,1,1823,1,NULL),(1929,519,8,311,1820,1,1824,1,NULL),(1930,520,26,311,1823,1,1826,1,NULL),(1931,521,29,311,1824,1,1827,1,NULL),(1932,454,14,332,1821,1,1822,1,NULL),(1933,522,22,332,1822,1,1823,1,NULL),(1934,522,18,332,1823,1,1839,0,''),(1935,523,2,332,1825,1,1825,0,NULL),(1936,524,22,312,1823,1,1826,0,NULL),(1937,525,18,312,1826,1,1827,1,NULL),(1938,526,18,313,1823,1,1826,1,NULL),(1939,527,18,313,1826,1,1832,1,NULL),(1940,528,39,314,1812,1,1813,1,NULL),(1941,529,39,314,1818,1,1819,1,NULL),(1942,530,18,315,1800,1,1812,0,NULL),(1943,531,18,315,1812,1,1821,1,NULL),(1944,531,8,315,1821,1,1823,1,NULL),(1945,531,18,315,1823,1,1826,0,NULL),(1946,532,18,316,1824,1,1832,1,NULL),(1947,533,18,317,1823,1,1845,0,NULL),(1948,534,18,318,1793,1,1796,0,NULL),(1949,535,18,318,1796,1,1802,1,NULL),(1950,536,18,318,1802,1,1805,0,NULL),(1951,537,18,318,1823,1,1832,1,NULL),(1952,538,14,319,1801,1,1806,0,NULL),(1953,539,18,320,1790,1,1793,1,NULL),(1954,540,18,320,1799,1,1820,0,NULL),(1955,541,18,320,1820,1,1842,1,NULL),(1956,542,18,321,1824,1,1830,1,NULL),(1957,543,8,322,1817,1,1817,0,NULL),(1958,420,8,322,1817,1,1821,0,NULL),(1959,544,8,322,1821,1,1823,1,NULL),(1960,544,18,322,1823,1,1827,1,NULL),(1961,545,18,323,1816,1,1825,1,NULL),(1962,546,18,323,1825,1,1830,1,NULL),(1963,547,18,324,1815,1,1815,0,NULL),(1964,548,18,324,1816,1,1820,1,NULL),(1965,549,18,324,1820,1,1825,0,NULL),(1966,550,18,324,1825,1,1836,1,NULL),(1967,318,26,325,1797,1,1801,1,NULL),(1968,426,36,325,1808,1,1808,0,NULL),(1969,426,18,325,1818,1,1822,0,NULL),(1970,205,26,325,1819,1,1820,1,NULL),(1971,551,18,325,1822,1,1823,1,NULL),(1972,551,8,325,1823,1,1825,1,NULL),(1973,551,11,325,1825,1,1827,1,NULL),(1974,552,18,325,1825,1,1831,1,NULL),(1975,426,18,326,1808,1,1818,0,NULL),(1976,553,18,326,1819,1,1836,0,NULL),(1977,510,39,331,1811,1,1811,0,NULL),(1978,554,39,331,1817,1,1817,0,NULL),(1979,555,29,331,1823,1,1828,1,NULL),(1980,556,26,331,1823,1,1827,1,NULL),(1981,557,18,331,1825,1,1834,0,''),(1982,62,8,327,1821,1,1823,1,NULL),(1983,62,18,327,1823,1,1834,0,NULL),(1984,558,18,328,1811,1,1825,0,NULL),(1985,559,18,328,1825,1,1834,0,NULL),(1986,510,19,329,1811,1,1814,1,NULL),(1987,560,18,329,1812,1,1819,1,NULL),(1988,558,5,329,1812,0,1816,1,NULL),(1989,561,39,329,1816,1,1816,0,NULL),(1990,562,39,329,1817,1,1817,0,NULL),(1991,563,34,329,1817,1,1817,0,NULL),(1992,205,39,329,1817,1,1817,0,NULL),(1993,564,39,329,1817,1,1817,0,NULL),(1994,554,18,329,1818,1,1819,1,NULL),(1995,517,39,329,1819,1,1819,0,NULL),(1996,565,39,329,1819,1,1819,0,NULL),(1997,279,2,329,1819,1,1819,0,NULL),(1998,566,5,329,1819,1,1821,1,NULL),(1999,272,8,329,1820,1,1823,1,NULL),(2000,567,2,329,1821,1,1821,0,NULL),(2001,564,26,329,1823,1,1824,1,NULL),(2002,568,2,329,1823,1,1825,1,NULL),(2003,272,29,329,1823,1,1825,1,NULL),(2004,569,18,329,1824,1,1832,1,NULL),(2005,272,11,329,1825,1,1831,1,NULL);
/*!40000 ALTER TABLE `assignments` ENABLE KEYS */;
UNLOCK TABLES;

--
-- Table structure for table `auth_group`
--

DROP TABLE IF EXISTS `auth_group`;
/*!40101 SET @saved_cs_client     = @@character_set_client */;
/*!40101 SET character_set_client = utf8 */;
CREATE TABLE `auth_group` (
  `id` int(11) NOT NULL AUTO_INCREMENT,
  `name` varchar(80) NOT NULL,
  PRIMARY KEY (`id`),
  UNIQUE KEY `name` (`name`)
) ENGINE=InnoDB DEFAULT CHARSET=latin1;
/*!40101 SET character_set_client = @saved_cs_client */;

--
-- Dumping data for table `auth_group`
--

LOCK TABLES `auth_group` WRITE;
/*!40000 ALTER TABLE `auth_group` DISABLE KEYS */;
/*!40000 ALTER TABLE `auth_group` ENABLE KEYS */;
UNLOCK TABLES;

--
-- Table structure for table `auth_group_permissions`
--

DROP TABLE IF EXISTS `auth_group_permissions`;
/*!40101 SET @saved_cs_client     = @@character_set_client */;
/*!40101 SET character_set_client = utf8 */;
CREATE TABLE `auth_group_permissions` (
  `id` int(11) NOT NULL AUTO_INCREMENT,
  `group_id` int(11) NOT NULL,
  `permission_id` int(11) NOT NULL,
  PRIMARY KEY (`id`),
  UNIQUE KEY `group_id` (`group_id`,`permission_id`),
  KEY `auth_group_permissions_bda51c3c` (`group_id`),
  KEY `auth_group_permissions_1e014c8f` (`permission_id`)
) ENGINE=InnoDB DEFAULT CHARSET=latin1;
/*!40101 SET character_set_client = @saved_cs_client */;

--
-- Dumping data for table `auth_group_permissions`
--

LOCK TABLES `auth_group_permissions` WRITE;
/*!40000 ALTER TABLE `auth_group_permissions` DISABLE KEYS */;
/*!40000 ALTER TABLE `auth_group_permissions` ENABLE KEYS */;
UNLOCK TABLES;

--
-- Table structure for table `auth_permission`
--

DROP TABLE IF EXISTS `auth_permission`;
/*!40101 SET @saved_cs_client     = @@character_set_client */;
/*!40101 SET character_set_client = utf8 */;
CREATE TABLE `auth_permission` (
  `id` int(11) NOT NULL AUTO_INCREMENT,
  `name` varchar(50) NOT NULL,
  `content_type_id` int(11) NOT NULL,
  `codename` varchar(100) NOT NULL,
  PRIMARY KEY (`id`),
  UNIQUE KEY `content_type_id` (`content_type_id`,`codename`),
  KEY `auth_permission_e4470c6e` (`content_type_id`)
) ENGINE=InnoDB AUTO_INCREMENT=214 DEFAULT CHARSET=latin1;
/*!40101 SET character_set_client = @saved_cs_client */;

--
-- Dumping data for table `auth_permission`
--

LOCK TABLES `auth_permission` WRITE;
/*!40000 ALTER TABLE `auth_permission` DISABLE KEYS */;
INSERT INTO `auth_permission` VALUES (1,'Can add permission',1,'add_permission'),(2,'Can change permission',1,'change_permission'),(3,'Can delete permission',1,'delete_permission'),(4,'Can add group',2,'add_group'),(5,'Can change group',2,'change_group'),(6,'Can delete group',2,'delete_group'),(7,'Can add user',3,'add_user'),(8,'Can change user',3,'change_user'),(9,'Can delete user',3,'delete_user'),(10,'Can add content type',4,'add_contenttype'),(11,'Can change content type',4,'change_contenttype'),(12,'Can delete content type',4,'delete_contenttype'),(13,'Can add session',5,'add_session'),(14,'Can change session',5,'change_session'),(15,'Can delete session',5,'delete_session'),(16,'Can add site',6,'add_site'),(17,'Can change site',6,'change_site'),(18,'Can delete site',6,'delete_site'),(19,'Can add log entry',7,'add_logentry'),(20,'Can change log entry',7,'change_logentry'),(21,'Can delete log entry',7,'delete_logentry'),(82,'Can add occupations',28,'add_occupations'),(83,'Can change occupations',28,'change_occupations'),(84,'Can delete occupations',28,'delete_occupations'),(118,'Can add assignment type',45,'add_assignmenttype'),(119,'Can change assignment type',45,'change_assignmenttype'),(120,'Can delete assignment type',45,'delete_assignmenttype'),(121,'Can add assignment title',46,'add_assignmenttitle'),(122,'Can change assignment title',46,'change_assignmenttitle'),(123,'Can delete assignment title',46,'delete_assignmenttitle'),(124,'Can add assignment',44,'add_assignment'),(125,'Can change assignment',44,'change_assignment'),(126,'Can delete assignment',44,'delete_assignment'),(127,'Can add organization type',47,'add_organizationtype'),(128,'Can change organization type',47,'change_organizationtype'),(129,'Can delete organization type',47,'delete_organizationtype'),(130,'Can add organization',48,'add_organization'),(131,'Can change organization',48,'change_organization'),(132,'Can delete organization',48,'delete_organization'),(133,'Can add org evolution type',49,'add_orgevolutiontype'),(134,'Can change org evolution type',49,'change_orgevolutiontype'),(135,'Can delete org evolution type',49,'delete_orgevolutiontype'),(136,'Can add org evolution',50,'add_orgevolution'),(137,'Can change org evolution',50,'change_orgevolution'),(138,'Can delete org evolution',50,'delete_orgevolution'),(139,'Can add role type',51,'add_roletype'),(140,'Can change role type',51,'change_roletype'),(141,'Can delete role type',51,'delete_roletype'),(142,'Can add role title',52,'add_roletitle'),(143,'Can change role title',52,'change_roletitle'),(144,'Can delete role title',52,'delete_roletitle'),(145,'Can add member',53,'add_member'),(146,'Can change member',53,'change_member'),(147,'Can delete member',53,'delete_member'),(148,'Can add bibliography',54,'add_bibliography'),(149,'Can change bibliography',54,'change_bibliography'),(150,'Can delete bibliography',54,'delete_bibliography'),(151,'Can add citation',55,'add_citation'),(152,'Can change citation',55,'change_citation'),(153,'Can delete citation',55,'delete_citation'),(154,'Can add validation',40,'add_validation'),(155,'Can change validation',40,'change_validation'),(156,'Can delete validation',40,'delete_validation'),(157,'Can add letter',43,'add_letter'),(158,'Can change letter',43,'change_letter'),(159,'Can delete letter',43,'delete_letter'),(160,'Can add enclosure',56,'add_enclosure'),(161,'Can change enclosure',56,'change_enclosure'),(162,'Can delete enclosure',56,'delete_enclosure'),(163,'Can add individual',42,'add_individual'),(164,'Can change individual',42,'change_individual'),(165,'Can delete individual',42,'delete_individual'),(166,'Can add residence type',57,'add_residencetype'),(167,'Can change residence type',57,'change_residencetype'),(168,'Can delete residence type',57,'delete_residencetype'),(169,'Can add residence',58,'add_residence'),(170,'Can change residence',58,'change_residence'),(171,'Can delete residence',58,'delete_residence'),(172,'Can add occupation type',59,'add_occupationtype'),(173,'Can change occupation type',59,'change_occupationtype'),(174,'Can delete occupation type',59,'delete_occupationtype'),(175,'Can add occupation title',60,'add_occupationtitle'),(176,'Can change occupation title',60,'change_occupationtitle'),(177,'Can delete occupation title',60,'delete_occupationtitle'),(178,'Can add relationship type',61,'add_relationshiptype'),(179,'Can change relationship type',61,'change_relationshiptype'),(180,'Can delete relationship type',61,'delete_relationshiptype'),(181,'Can add relationship',62,'add_relationship'),(182,'Can change relationship',62,'change_relationship'),(183,'Can delete relationship',62,'delete_relationship'),(184,'Can add coordinate system',63,'add_coordinatesystem'),(185,'Can change coordinate system',63,'change_coordinatesystem'),(186,'Can delete coordinate system',63,'delete_coordinatesystem'),(187,'Can add location',64,'add_location'),(188,'Can change location',64,'change_location'),(189,'Can delete location',64,'delete_location'),(190,'Can add region',65,'add_region'),(191,'Can change region',65,'change_region'),(192,'Can delete region',65,'delete_region'),(193,'Can add in region',66,'add_inregion'),(194,'Can change in region',66,'change_inregion'),(195,'Can delete in region',66,'delete_inregion'),(196,'Can add continent',67,'add_continent'),(197,'Can change continent',67,'change_continent'),(198,'Can delete continent',67,'delete_continent'),(199,'Can add state',68,'add_state'),(200,'Can change state',68,'change_state'),(201,'Can delete state',68,'delete_state'),(202,'Can add in state',69,'add_instate'),(203,'Can change in state',69,'change_instate'),(204,'Can delete in state',69,'delete_instate'),(205,'Can add empire',41,'add_empire'),(206,'Can change empire',41,'change_empire'),(207,'Can delete empire',41,'delete_empire'),(208,'Can add in empire',70,'add_inempire'),(209,'Can change in empire',70,'change_inempire'),(210,'Can delete in empire',70,'delete_inempire'),(211,'Can add occupation',71,'add_occupation'),(212,'Can change occupation',71,'change_occupation'),(213,'Can delete occupation',71,'delete_occupation');
/*!40000 ALTER TABLE `auth_permission` ENABLE KEYS */;
UNLOCK TABLES;

--
-- Table structure for table `auth_user`
--

DROP TABLE IF EXISTS `auth_user`;
/*!40101 SET @saved_cs_client     = @@character_set_client */;
/*!40101 SET character_set_client = utf8 */;
CREATE TABLE `auth_user` (
  `id` int(11) NOT NULL AUTO_INCREMENT,
  `username` varchar(30) NOT NULL,
  `first_name` varchar(30) NOT NULL,
  `last_name` varchar(30) NOT NULL,
  `email` varchar(75) NOT NULL,
  `password` varchar(128) NOT NULL,
  `is_staff` tinyint(1) NOT NULL,
  `is_active` tinyint(1) NOT NULL,
  `is_superuser` tinyint(1) NOT NULL,
  `last_login` datetime NOT NULL,
  `date_joined` datetime NOT NULL,
  PRIMARY KEY (`id`),
  UNIQUE KEY `username` (`username`)
) ENGINE=InnoDB AUTO_INCREMENT=2 DEFAULT CHARSET=latin1;
/*!40101 SET character_set_client = @saved_cs_client */;

--
-- Dumping data for table `auth_user`
--

LOCK TABLES `auth_user` WRITE;
/*!40000 ALTER TABLE `auth_user` DISABLE KEYS */;
INSERT INTO `auth_user` VALUES (1,'jabauer','Jean','Bauer','jabauer@alumni.uchicago.edu','pbkdf2_sha256$10000$Ql1wkw22j7LJ$YOnipne6E2Qc/PNnjXFLRQCCRdzNHOSFkKklRLovxrU=',1,1,1,'2014-01-28 22:58:08','2012-10-01 18:23:23');
/*!40000 ALTER TABLE `auth_user` ENABLE KEYS */;
UNLOCK TABLES;

--
-- Table structure for table `auth_user_groups`
--

DROP TABLE IF EXISTS `auth_user_groups`;
/*!40101 SET @saved_cs_client     = @@character_set_client */;
/*!40101 SET character_set_client = utf8 */;
CREATE TABLE `auth_user_groups` (
  `id` int(11) NOT NULL AUTO_INCREMENT,
  `user_id` int(11) NOT NULL,
  `group_id` int(11) NOT NULL,
  PRIMARY KEY (`id`),
  UNIQUE KEY `user_id` (`user_id`,`group_id`),
  KEY `auth_user_groups_fbfc09f1` (`user_id`),
  KEY `auth_user_groups_bda51c3c` (`group_id`)
) ENGINE=InnoDB DEFAULT CHARSET=latin1;
/*!40101 SET character_set_client = @saved_cs_client */;

--
-- Dumping data for table `auth_user_groups`
--

LOCK TABLES `auth_user_groups` WRITE;
/*!40000 ALTER TABLE `auth_user_groups` DISABLE KEYS */;
/*!40000 ALTER TABLE `auth_user_groups` ENABLE KEYS */;
UNLOCK TABLES;

--
-- Table structure for table `auth_user_user_permissions`
--

DROP TABLE IF EXISTS `auth_user_user_permissions`;
/*!40101 SET @saved_cs_client     = @@character_set_client */;
/*!40101 SET character_set_client = utf8 */;
CREATE TABLE `auth_user_user_permissions` (
  `id` int(11) NOT NULL AUTO_INCREMENT,
  `user_id` int(11) NOT NULL,
  `permission_id` int(11) NOT NULL,
  PRIMARY KEY (`id`),
  UNIQUE KEY `user_id` (`user_id`,`permission_id`),
  KEY `auth_user_user_permissions_fbfc09f1` (`user_id`),
  KEY `auth_user_user_permissions_1e014c8f` (`permission_id`)
) ENGINE=InnoDB DEFAULT CHARSET=latin1;
/*!40101 SET character_set_client = @saved_cs_client */;

--
-- Dumping data for table `auth_user_user_permissions`
--

LOCK TABLES `auth_user_user_permissions` WRITE;
/*!40000 ALTER TABLE `auth_user_user_permissions` DISABLE KEYS */;
/*!40000 ALTER TABLE `auth_user_user_permissions` ENABLE KEYS */;
UNLOCK TABLES;

--
-- Table structure for table `bibliographies`
--

DROP TABLE IF EXISTS `bibliographies`;
/*!40101 SET @saved_cs_client     = @@character_set_client */;
/*!40101 SET character_set_client = utf8 */;
CREATE TABLE `bibliographies` (
  `id` int(11) NOT NULL AUTO_INCREMENT,
  `entry` text,
  `notes` text,
  `created_at` datetime DEFAULT NULL,
  `updated_at` datetime DEFAULT NULL,
  PRIMARY KEY (`id`)
) ENGINE=InnoDB AUTO_INCREMENT=4 DEFAULT CHARSET=latin1;
/*!40101 SET character_set_client = @saved_cs_client */;

--
-- Dumping data for table `bibliographies`
--

LOCK TABLES `bibliographies` WRITE;
/*!40000 ALTER TABLE `bibliographies` DISABLE KEYS */;
INSERT INTO `bibliographies` VALUES (1,'Smith, Walter Burges. <i>America\'s diplomats and consuls of 1776-1865 : a geographic and biographic directory of the Foreign Service from the Declaration of Independence to the end of the Civil War.</i> Washington, D.C. : Center for the Study of Foreign Affairs, Foreign Service Institute, U.S. Dept. of State, 1987.',NULL,'2009-10-28 18:26:49','2009-10-28 18:26:49'),(2,'U.S. Army Center for Military History.  http://www.history.army.mil/',NULL,'2011-12-27 21:30:24','2011-12-27 21:30:24'),(3,'<i>The Papers of John Jay</i>. ed. James Baird. New York: Columbia University Libraries, 2002. http://www.columbia.edu/cu/lweb/digital/jay/',NULL,'2012-01-03 02:10:48','2012-01-03 02:10:48');
/*!40000 ALTER TABLE `bibliographies` ENABLE KEYS */;
UNLOCK TABLES;

--
-- Table structure for table `citations`
--

DROP TABLE IF EXISTS `citations`;
/*!40101 SET @saved_cs_client     = @@character_set_client */;
/*!40101 SET character_set_client = utf8 */;
CREATE TABLE `citations` (
  `id` int(11) NOT NULL AUTO_INCREMENT,
  `title` varchar(255) DEFAULT NULL,
  `bibliography_id` int(11) DEFAULT NULL,
  `pages` varchar(255) DEFAULT NULL,
  `canonic_url` varchar(255) DEFAULT NULL,
  `notes` text,
  `created_at` datetime DEFAULT NULL,
  `updated_at` datetime DEFAULT NULL,
  PRIMARY KEY (`id`),
  KEY `bibliography_id` (`bibliography_id`),
  CONSTRAINT `citations_ibfk_1` FOREIGN KEY (`bibliography_id`) REFERENCES `bibliographies` (`id`)
) ENGINE=InnoDB AUTO_INCREMENT=299 DEFAULT CHARSET=latin1;
/*!40101 SET character_set_client = @saved_cs_client */;

--
-- Dumping data for table `citations`
--

LOCK TABLES `citations` WRITE;
/*!40000 ALTER TABLE `citations` DISABLE KEYS */;
INSERT INTO `citations` VALUES (1,'America\'s diplomats and consuls of 1776-1865',1,NULL,NULL,'The data in this study was bulk loaded from a spreadsheet (created after the pages were scanned and run through OCR).  Page numbers were not retained in the digitization process.','2009-10-28 18:26:49','2009-10-28 18:26:49'),(2,'Thomas Fitzsimons',2,NULL,'http://www.history.army.mil/books/RevWar/ss/fitzsimons.htm',NULL,'2011-12-27 21:30:24','2011-12-27 21:30:24'),(3,'Rodney Homes to George Murray, Vice Admiral. Sandy Hook, August  3, 1794',3,NULL,'http://wwwapp.cc.columbia.edu/ldpd/jay/image?key=columbia.jay.00888&p=29',NULL,'2012-02-07 13:10:54','2012-02-07 13:10:54'),(4,'Nathaniel Cabot Higginson to Edmund Jennings Randolph. St. Pierre, ',3,NULL,'http://wwwapp.cc.columbia.edu/ldpd/jay/image?key=columbia.jay.00888&p=34',NULL,'2012-02-07 13:10:54','2012-02-07 13:10:54'),(5,'Nathaniel Cabot Higginson to Josiah Blakely. St. Pierre, July  1, 1794',3,NULL,'http://wwwapp.cc.columbia.edu/ldpd/jay/image?key=columbia.jay.00888&p=38',NULL,'2012-02-07 13:10:54','2012-02-07 13:10:54'),(6,'Josiah Blakely to Nathaniel Cabot Higginson. St. Pierre, July  1, 1794',3,NULL,'http://wwwapp.cc.columbia.edu/ldpd/jay/image?key=columbia.jay.00888&p=38',NULL,'2012-02-07 13:10:54','2012-02-07 13:10:54'),(7,'Nathaniel Cabot Higginson to Edmund Jennings Randolph. St. Pierre, July  2, 1794',3,NULL,'http://wwwapp.cc.columbia.edu/ldpd/jay/image?key=columbia.jay.00888&p=40',NULL,'2012-02-07 13:10:54','2012-02-07 13:10:54'),(8,'Nathaniel Cabot Higginson to Edmund Jennings Randolph. St. Pierre, June 24, 1794',3,NULL,'http://wwwapp.cc.columbia.edu/ldpd/jay/image?key=columbia.jay.00888&p=480',NULL,'2012-02-07 13:10:54','2012-02-07 13:10:54'),(9,'George Hammond to Edmund Jennings Randolph. Philadelphia, July 30, 1794',3,NULL,'http://wwwapp.cc.columbia.edu/ldpd/jay/item?mode=item&key=columbia.jay.00888',NULL,'2012-02-07 13:10:54','2012-02-07 13:10:54'),(10,'Edmund Jennings Randolph to George Hammond. Philadelphia, October 23, 1794',3,NULL,'http://wwwapp.cc.columbia.edu/ldpd/jay/item?mode=item&key=columbia.jay.00888',NULL,'2012-02-07 13:10:54','2012-02-07 13:10:54'),(11,'George Hammond to Edmund Jennings Randolph. Philadelphia, September  3, 1794',3,NULL,'http://wwwapp.cc.columbia.edu/ldpd/jay/item?mode=item&key=columbia.jay.00888',NULL,'2012-02-07 13:10:54','2012-02-07 13:10:54'),(12,'David Gelston to George Clinton. New York, September  8, 1794',3,NULL,'http://wwwapp.cc.columbia.edu/ldpd/jay/image?key=columbia.jay.00888&p=51',NULL,'2012-02-07 13:10:54','2012-02-07 13:10:54'),(13,'Edmund Jennings Randolph to George Hammond. Philadelphia, August 22, 1794',3,NULL,'http://wwwapp.cc.columbia.edu/ldpd/jay/image?key=columbia.jay.00888&p=54',NULL,'2012-02-07 13:10:54','2012-02-07 13:10:54'),(14,'George Hammond to Edmund Jennings Randolph. Philadelphia, August 14, 1794',3,NULL,'http://wwwapp.cc.columbia.edu/ldpd/jay/item?mode=item&key=columbia.jay.00888',NULL,'2012-02-07 13:10:54','2012-02-07 13:10:54'),(15,'Edmund Jennings Randolph to George Hammond. Philadelphia, August 27, 1794',3,NULL,'http://wwwapp.cc.columbia.edu/ldpd/jay/item?mode=item&key=columbia.jay.00888',NULL,'2012-02-07 13:10:54','2012-02-07 13:10:54'),(16,'George Clinton to Cochrane. New York, July 17, 1794',3,NULL,'http://wwwapp.cc.columbia.edu/ldpd/jay/item?mode=item&key=columbia.jay.00888',NULL,'2012-02-07 13:10:54','2012-02-07 13:10:54'),(17,'Edmund Jennings Randolph to Thomas Fitzsimmons. Philadelphia, November  4, 1794',3,NULL,'http://wwwapp.cc.columbia.edu/ldpd/jay/image?key=columbia.jay.00888&p=56',NULL,'2012-02-07 13:10:54','2012-02-07 13:10:54'),(18,'John Hollins to Edmund Jennings Randolph. Baltimore, October 26, 1794',3,NULL,'http://wwwapp.cc.columbia.edu/ldpd/jay/image?key=columbia.jay.00888&p=66',NULL,'2012-02-07 13:10:54','2012-02-07 13:10:54'),(19,'Thomas Fitzsimmons to Edmund Jennings Randolph. Philadelphia, October 22, 1794',3,NULL,'http://wwwapp.cc.columbia.edu/ldpd/jay/image?key=columbia.jay.00888&p=70',NULL,'2012-02-07 13:10:54','2012-02-07 13:10:54'),(20,'George Clinton to George Washington. New York, September  9, 1794',3,NULL,'http://wwwapp.cc.columbia.edu/ldpd/jay/image?key=columbia.jay.00888&p=75',NULL,'2012-02-07 13:10:54','2012-02-07 13:10:54'),(21,'David Gelston to George Clinton. New York, September  8, 1794',3,NULL,'http://wwwapp.cc.columbia.edu/ldpd/jay/image?key=columbia.jay.00888&p=79',NULL,'2012-02-07 13:10:54','2012-02-07 13:10:54'),(22,'George Hammond to Edmund Jennings Randolph. Philadelphia, September  3, 1794',3,NULL,'http://wwwapp.cc.columbia.edu/ldpd/jay/item?mode=item&key=columbia.jay.00888',NULL,'2012-02-07 13:10:54','2012-02-07 13:10:54'),(23,'Edmund Jennings Randolph to George Hammond. Philadelphia, September  3, 1794',3,NULL,'http://wwwapp.cc.columbia.edu/ldpd/jay/item?mode=item&key=columbia.jay.00888',NULL,'2012-02-07 13:10:54','2012-02-07 13:10:54'),(24,'George Clinton to George Washington. New York, September  9, 1794',3,NULL,'http://wwwapp.cc.columbia.edu/ldpd/jay/image?key=columbia.jay.00888&p=101',NULL,'2012-02-07 13:10:54','2012-02-07 13:10:54'),(25,'Edward Cook to Commissioners. Pittsburgh, August 22, 1794',3,NULL,'http://wwwapp.cc.columbia.edu/ldpd/jay/image?key=columbia.jay.00888&p=106',NULL,'2012-02-07 13:10:54','2012-02-07 13:10:54'),(26,'Commissioners to Edmund Jennings Randolph. Pittsburgh, August 21, 1794',3,NULL,'http://wwwapp.cc.columbia.edu/ldpd/jay/image?key=columbia.jay.00888&p=110',NULL,'2012-02-07 13:10:54','2012-02-07 13:10:54'),(27,'Commissioners to Commissioners at Pittsburg. Pittsburgh, August 22, 1794',3,NULL,'http://wwwapp.cc.columbia.edu/ldpd/jay/image?key=columbia.jay.00888&p=112',NULL,'2012-02-07 13:10:54','2012-02-07 13:10:54'),(28,'Charles Williamson to Edmund Jennings Randolph. Bath, September  1, 1794',3,NULL,'http://wwwapp.cc.columbia.edu/ldpd/jay/item?mode=item&key=columbia.jay.00888',NULL,'2012-02-07 13:10:54','2012-02-07 13:10:54'),(29,'Commissioners to ?. Pittsburgh, August 21, 1794',3,NULL,'http://wwwapp.cc.columbia.edu/ldpd/jay/image?key=columbia.jay.00888&p=18',NULL,'2012-02-07 13:10:54','2012-02-07 13:10:54'),(30,'R.H. Sheaffe to Mr. Little. Sodus, August 16, 1794',3,NULL,'http://wwwapp.cc.columbia.edu/ldpd/jay/item?mode=item&key=columbia.jay.00888',NULL,'2012-02-07 13:10:54','2012-02-07 13:10:54'),(31,'R.H. Sheaffe to Charles Williamson. Sodus, August 16, 1794',3,NULL,'http://wwwapp.cc.columbia.edu/ldpd/jay/item?mode=item&key=columbia.jay.00888',NULL,'2012-02-07 13:10:54','2012-02-07 13:10:54'),(32,'Charles Williamson to Edmund Jennings Randolph. Bath, August 19, 1794',3,NULL,'http://wwwapp.cc.columbia.edu/ldpd/jay/image?key=columbia.jay.00888&p=477',NULL,'2012-02-07 13:10:54','2012-02-07 13:10:54'),(33,'Nathaniel Cabot Higginson to Edmund Jennings Randolph. Philadelphia, April 12, 1794',3,NULL,'http://wwwapp.cc.columbia.edu/ldpd/jay/item?mode=item&key=columbia.jay.00888',NULL,'2012-02-07 13:10:54','2012-02-07 13:10:54'),(34,'Nathaniel Cabot Higginson to John Prettijohn. Bridgetown, June  5, 1794',3,NULL,'http://wwwapp.cc.columbia.edu/ldpd/jay/image?key=columbia.jay.00888&p=493',NULL,'2012-02-07 13:10:54','2012-02-07 13:10:54'),(35,'John Prettijohn to Nathaniel Cabot Higginson. Bridgetown, June  6, 1794',3,NULL,'http://wwwapp.cc.columbia.edu/ldpd/jay/image?key=columbia.jay.00888&p=494',NULL,'2012-02-07 13:10:54','2012-02-07 13:10:54'),(36,'Nathaniel Cabot Higginson to Edmund Jennings Randolph. St. Pierre, July  1, 1794',3,NULL,'http://wwwapp.cc.columbia.edu/ldpd/jay/item?mode=item&key=columbia.jay.00888',NULL,'2012-02-07 13:10:54','2012-02-07 13:10:54'),(37,'Josiah Blakely to Nathaniel Cabot Higginson. St. Pierre, July  1, 1794',3,NULL,'http://wwwapp.cc.columbia.edu/ldpd/jay/item?mode=item&key=columbia.jay.00888',NULL,'2012-02-07 13:10:54','2012-02-07 13:10:54'),(38,'Nathaniel Cabot Higginson to Edmund Jennings Randolph. St. Pierre, July  2, 1794',3,NULL,'http://wwwapp.cc.columbia.edu/ldpd/jay/item?mode=item&key=columbia.jay.00888',NULL,'2012-02-07 13:10:54','2012-02-07 13:10:54'),(39,'Nathaniel Cabot Higginson to Edmund Jennings Randolph. St. Pierre, June 24, 1794',3,NULL,'http://wwwapp.cc.columbia.edu/ldpd/jay/image?key=columbia.jay.00888&p=42',NULL,'2012-02-07 13:10:54','2012-02-07 13:10:54'),(40,'Edmund Jennings Randolph to Jean Antoine Joseph Fauchet. Philadelphia, June 30, 1794',3,NULL,'http://wwwapp.cc.columbia.edu/ldpd/jay/image?key=columbia.jay.00888&p=389',NULL,'2012-02-07 13:10:54','2012-04-30 20:24:59'),(41,'George Hammond to Edmund Jennings Randolph. Philadelphia, June 30, 1794',3,NULL,'http://wwwapp.cc.columbia.edu/ldpd/jay/item?mode=item&key=columbia.jay.00888',NULL,'2012-02-07 13:10:54','2012-02-07 13:10:54'),(42,'Edmund Jennings Randolph to George Hammond. Philadelphia, July  1, 1794',3,NULL,'http://wwwapp.cc.columbia.edu/ldpd/jay/item?mode=item&key=columbia.jay.00888',NULL,'2012-02-07 13:10:54','2012-02-07 13:10:54'),(43,'Edmund Jennings Randolph to Jean Antoine Joseph Fauchet. Philadelphia, July  2, 1794',3,NULL,'http://wwwapp.cc.columbia.edu/ldpd/jay/image?key=columbia.jay.00888&p=394',NULL,'2012-02-07 13:10:54','2012-04-30 20:25:11'),(44,'Jean Antoine Joseph Fauchet to Edmund Jennings Randolph. Philadelphia, July  3, 1794',3,NULL,'http://wwwapp.cc.columbia.edu/ldpd/jay/image?key=columbia.jay.00888&p=391',NULL,'2012-02-07 13:10:54','2012-04-30 20:25:20'),(45,'Edmund Jennings Randolph to Jean Antoine Joseph Fauchet. Philadelphia, July  5, 1794',3,NULL,'http://wwwapp.cc.columbia.edu/ldpd/jay/image?key=columbia.jay.00888&p=393',NULL,'2012-02-07 13:10:54','2012-04-30 20:25:27'),(46,'Edmund Jennings Randolph to S. Girard. Philadelphia, July  4, 1794',3,NULL,'http://wwwapp.cc.columbia.edu/ldpd/jay/image?key=columbia.jay.00888&p=397',NULL,'2012-02-07 13:10:54','2012-02-07 13:10:54'),(47,'S. Girard to Edmund Jennings Randolph. Philadelphia, July  5, 1794',3,NULL,'http://wwwapp.cc.columbia.edu/ldpd/jay/image?key=columbia.jay.00888&p=398',NULL,'2012-02-07 13:10:54','2012-02-07 13:10:54'),(48,'Edmund Jennings Randolph to George Hammond. Philadelphia, July  4, 1794',3,NULL,'http://wwwapp.cc.columbia.edu/ldpd/jay/image?key=columbia.jay.00888&p=399',NULL,'2012-02-07 13:10:54','2012-02-07 13:10:54'),(49,'George Hammond to Edmund Jennings Randolph. Philadelphia, July  4, 1794',3,NULL,'http://wwwapp.cc.columbia.edu/ldpd/jay/image?key=columbia.jay.00888&p=400',NULL,'2012-02-07 13:10:54','2012-02-07 13:10:54'),(50,'Edmund Jennings Randolph to Thomas Fitzsimmons. Philadelphia, July  5, 1794',3,NULL,'http://wwwapp.cc.columbia.edu/ldpd/jay/image?key=columbia.jay.00888&p=401',NULL,'2012-02-07 13:10:54','2012-02-07 13:10:54'),(51,'Edmund Jennings Randolph to Nathaniel Falconer. Philadelphia, July  5, 1794',3,NULL,'http://wwwapp.cc.columbia.edu/ldpd/jay/image?key=columbia.jay.00888&p=402',NULL,'2012-02-07 13:10:54','2012-02-07 13:10:54'),(52,'Edmund Jennings Randolph to William Rawle. Philadelphia, July  7, 1794',3,NULL,'http://wwwapp.cc.columbia.edu/ldpd/jay/image?key=columbia.jay.00888&p=403',NULL,'2012-02-07 13:10:54','2012-02-07 13:10:54'),(53,'William Rawle to Edmund Jennings Randolph. Philadelphia, July  7, 1794',3,NULL,'http://wwwapp.cc.columbia.edu/ldpd/jay/image?key=columbia.jay.00888&p=404',NULL,'2012-02-07 13:10:54','2012-02-07 13:10:54'),(54,'Anthony Wayne to Henry Knox. Greenville, July  7, 1794',3,NULL,'http://wwwapp.cc.columbia.edu/ldpd/jay/image?key=columbia.jay.00888&p=449',NULL,'2012-02-07 13:10:54','2012-02-07 13:10:54'),(55,'Collins to Anthony Wayne. ?, February  2, 1793',3,NULL,'http://wwwapp.cc.columbia.edu/ldpd/jay/item?mode=item&key=columbia.jay.00888',NULL,'2012-02-07 13:10:54','2012-02-07 13:10:54'),(56,'Edmund Jennings Randolph to George Hammond. Philadelphia, June 18, 1794',3,NULL,'http://wwwapp.cc.columbia.edu/ldpd/jay/item?mode=item&key=columbia.jay.00888',NULL,'2012-02-07 13:10:54','2012-02-07 13:10:54'),(57,'Edmund Jennings Randolph to George Hammond. Philadelphia, June 18, 1794',3,NULL,'http://wwwapp.cc.columbia.edu/ldpd/jay/item?mode=item&key=columbia.jay.00888',NULL,'2012-02-07 13:10:54','2012-02-07 13:10:54'),(58,'Coxe to ?. ?, March 20, 1794',3,NULL,'http://wwwapp.cc.columbia.edu/ldpd/jay/item?mode=item&key=columbia.jay.00888',NULL,'2012-02-07 13:10:54','2012-02-07 13:10:54'),(59,'Edmund Jennings Randolph to Nathaniel Cabot Higginson. Philadelphia, April 11, 1794',3,NULL,'http://wwwapp.cc.columbia.edu/ldpd/jay/image?key=columbia.jay.00888&p=353',NULL,'2012-02-07 13:10:54','2012-02-07 13:10:54'),(60,'Thomas Pinckney to Edmund Jennings Randolph. London, January 28, 1794',3,NULL,'http://wwwapp.cc.columbia.edu/ldpd/jay/image?key=columbia.jay.00888&p=360',NULL,'2012-02-07 13:10:54','2012-02-07 13:10:54'),(61,'Edmund Jennings Randolph to George Hammond. Philadelphia, May  8, 1794',3,NULL,'http://wwwapp.cc.columbia.edu/ldpd/jay/image?key=columbia.jay.00888&p=369',NULL,'2012-02-07 13:10:54','2012-02-07 13:10:54'),(62,'Anthony Wayne to Henry Knox. Greenville, March 20, 1794',3,NULL,'http://wwwapp.cc.columbia.edu/ldpd/jay/image?key=columbia.jay.00888&p=154',NULL,'2012-02-07 13:10:54','2012-02-07 13:10:54'),(63,'Knox to Edmund Jennings Randolph. ?, May  8, 1794',3,NULL,'http://wwwapp.cc.columbia.edu/ldpd/jay/item?mode=item&key=columbia.jay.00888',NULL,'2012-02-07 13:10:54','2012-02-07 13:10:54'),(64,'Edmund Jennings Randolph to George Hammond. Philadelphia, September  3, 1794',3,NULL,'http://wwwapp.cc.columbia.edu/ldpd/jay/item?mode=item&key=columbia.jay.00888',NULL,'2012-02-07 13:10:54','2012-02-07 13:10:54'),(65,'George Hammond to Edmund Jennings Randolph. Philadelphia, October 26, 1794',3,NULL,'http://wwwapp.cc.columbia.edu/ldpd/jay/item?mode=item&key=columbia.jay.00888',NULL,'2012-02-07 13:10:54','2012-02-07 13:10:54'),(66,'George Hammond to Edmund Jennings Randolph. Philadelphia, April  2, 1794',3,NULL,'http://wwwapp.cc.columbia.edu/ldpd/jay/image?key=columbia.jay.00888&p=271',NULL,'2012-02-07 13:10:54','2012-02-07 13:10:54'),(67,'George Hammond to Edmund Jennings Randolph. Philadelphia, April  2, 1794',3,NULL,'http://wwwapp.cc.columbia.edu/ldpd/jay/image?key=columbia.jay.00888&p=272',NULL,'2012-02-07 13:10:54','2012-02-07 13:10:54'),(68,'George Hammond to Edmund Jennings Randolph. Philadelphia, April  2, 1794',3,NULL,'http://wwwapp.cc.columbia.edu/ldpd/jay/image?key=columbia.jay.00888&p=274',NULL,'2012-02-07 13:10:54','2012-02-07 13:10:54'),(69,'Edmund Jennings Randolph to George Hammond. Philadelphia, April  2, 1794',3,NULL,'http://wwwapp.cc.columbia.edu/ldpd/jay/image?key=columbia.jay.00888&p=280',NULL,'2012-02-07 13:10:54','2012-02-07 13:10:54'),(70,'Edmund Jennings Randolph to Zebulon Hollingsworth. Philadelphia, April  3, 1794',3,NULL,'http://wwwapp.cc.columbia.edu/ldpd/jay/image?key=columbia.jay.00888&p=284',NULL,'2012-02-07 13:10:54','2012-02-07 13:10:54'),(71,'Edmund Jennings Randolph to Alexander Campbell. Philadelphia, April  3, 1794',3,NULL,'http://wwwapp.cc.columbia.edu/ldpd/jay/image?key=columbia.jay.00888&p=286',NULL,'2012-02-07 13:10:54','2012-02-07 13:10:54'),(72,'Edmund Jennings Randolph to William Moultrie. Philadelphia, April  3, 1794',3,NULL,'http://wwwapp.cc.columbia.edu/ldpd/jay/image?key=columbia.jay.00888&p=287',NULL,'2012-02-07 13:10:54','2012-02-07 13:10:54'),(73,'Zebulon Hollingsworth to Edmund Jennings Randolph. Baltimore, April  6, 1794',3,NULL,'http://wwwapp.cc.columbia.edu/ldpd/jay/image?key=columbia.jay.00888&p=288',NULL,'2012-02-07 13:10:54','2012-06-08 01:45:12'),(74,'John C. Wederstrandt to Zebulon Hollingsworth. Baltimore, April  6, 1794',3,NULL,'http://wwwapp.cc.columbia.edu/ldpd/jay/image?key=columbia.jay.00888&p=290',NULL,'2012-02-07 13:10:54','2012-02-07 13:10:54'),(75,'Alexander Campbell to Edmund Jennings Randolph. Richmond, April 11, 1794',3,NULL,'http://wwwapp.cc.columbia.edu/ldpd/jay/image?key=columbia.jay.00888&p=291',NULL,'2012-02-07 13:10:54','2012-02-07 13:10:54'),(76,'Alexander Campbell to Robert Taylor. Richmond, April 10, 1794',3,NULL,'http://wwwapp.cc.columbia.edu/ldpd/jay/image?key=columbia.jay.00888&p=292',NULL,'2012-02-07 13:10:54','2012-02-07 13:10:54'),(77,'Alexander Campbell to Sir Charles Henry Knowles. Richmond, April 10, 1794',3,NULL,'http://wwwapp.cc.columbia.edu/ldpd/jay/image?key=columbia.jay.00888&p=296',NULL,'2012-02-07 13:10:54','2012-02-07 13:10:54'),(78,'Robert Taylor to Alexander Campbell. Norfolk, April 16, 1794',3,NULL,'http://wwwapp.cc.columbia.edu/ldpd/jay/image?key=columbia.jay.00888&p=297',NULL,'2012-02-07 13:10:54','2012-02-07 13:10:54'),(79,'Robert Taylor to John Hamilton. Norfolk, April 14, 1794',3,NULL,'http://wwwapp.cc.columbia.edu/ldpd/jay/image?key=columbia.jay.00888&p=299',NULL,'2012-02-07 13:10:54','2012-02-07 13:10:54'),(80,'John Hamilton to Robert Taylor. Norfolk, April 16, 1794',3,NULL,'http://wwwapp.cc.columbia.edu/ldpd/jay/image?key=columbia.jay.00888&p=301',NULL,'2012-02-07 13:10:54','2012-02-07 13:10:54'),(81,'Sir Charles Henry Knowles to Robert Taylor. Norfolk, April 15, 1794',3,NULL,'http://wwwapp.cc.columbia.edu/ldpd/jay/image?key=columbia.jay.00888&p=302',NULL,'2012-02-07 13:10:54','2012-02-07 13:10:54'),(82,'Sir Charles Henry Knowles to Alexander Campbell. Norfolk, April 15, 1794',3,NULL,'http://wwwapp.cc.columbia.edu/ldpd/jay/image?key=columbia.jay.00888&p=302',NULL,'2012-02-07 13:10:54','2012-02-07 13:10:54'),(83,'John Hamilton to Alexander Campbell. Norfolk, April 14, 1794',3,NULL,'http://wwwapp.cc.columbia.edu/ldpd/jay/image?key=columbia.jay.00888&p=305',NULL,'2012-02-07 13:10:54','2012-02-07 13:10:54'),(84,'Alexander Campbell to Edmund Jennings Randolph. Richmond, April 19, 1794',3,NULL,'http://wwwapp.cc.columbia.edu/ldpd/jay/image?key=columbia.jay.00888&p=308',NULL,'2012-02-07 13:10:54','2012-02-07 13:10:54'),(85,'William Moultrie to Edmund Jennings Randolph. Charleston, April 19, 1794',3,NULL,'http://wwwapp.cc.columbia.edu/ldpd/jay/image?key=columbia.jay.00888&p=309',NULL,'2012-02-07 13:10:54','2012-02-07 13:10:54'),(86,'William Moultrie to Edmund Jennings Randolph. Charleston, April 19, 1794',3,NULL,'http://wwwapp.cc.columbia.edu/ldpd/jay/image?key=columbia.jay.00888&p=311',NULL,'2012-02-07 13:10:54','2012-02-07 13:10:54'),(87,'George Hammond to Edmund Jennings Randolph. Philadelphia, May  1, 1794',3,NULL,'http://wwwapp.cc.columbia.edu/ldpd/jay/image?key=columbia.jay.00888&p=312',NULL,'2012-02-07 13:10:54','2012-02-07 13:10:54'),(88,'Edmund Jennings Randolph to George Hammond. Philadelphia, May 12, 1794',3,NULL,'http://wwwapp.cc.columbia.edu/ldpd/jay/image?key=columbia.jay.00888&p=313',NULL,'2012-02-07 13:10:54','2012-02-07 13:10:54'),(89,'George Hammond to Edmund Jennings Randolph. Philadelphia, May 12, 1794',3,NULL,'http://wwwapp.cc.columbia.edu/ldpd/jay/image?key=columbia.jay.00888&p=314',NULL,'2012-02-07 13:10:54','2012-02-07 13:10:54'),(90,'George Hammond to Edmund Jennings Randolph. Philadelphia, May  5, 1794',3,NULL,'http://wwwapp.cc.columbia.edu/ldpd/jay/image?key=columbia.jay.00888&p=316',NULL,'2012-02-07 13:10:54','2012-02-07 13:10:54'),(91,'Edmund Jennings Randolph to George Hammond. Philadelphia, May  6, 1794',3,NULL,'http://wwwapp.cc.columbia.edu/ldpd/jay/image?key=columbia.jay.00888&p=317',NULL,'2012-02-07 13:10:54','2012-02-07 13:10:54'),(92,'Edmund Jennings Randolph to William Rawle. Philadelphia, May  6, 1794',3,NULL,'http://wwwapp.cc.columbia.edu/ldpd/jay/image?key=columbia.jay.00888&p=320',NULL,'2012-02-07 13:10:54','2012-02-07 13:10:54'),(93,'George Hammond to Edmund Jennings Randolph. Philadelphia, May  6, 1794',3,NULL,'http://wwwapp.cc.columbia.edu/ldpd/jay/image?key=columbia.jay.00888&p=321',NULL,'2012-02-07 13:10:54','2012-02-07 13:10:54'),(94,'Alexander Hamilton to George Hammond. Philadelphia, May  9, 1794',3,NULL,'http://wwwapp.cc.columbia.edu/ldpd/jay/image?key=columbia.jay.00888&p=323',NULL,'2012-02-07 13:10:54','2012-02-07 13:10:54'),(95,'William Rawle to Alexander Hamilton. Philadelphia, May  8, 1794',3,NULL,'http://wwwapp.cc.columbia.edu/ldpd/jay/image?key=columbia.jay.00888&p=325',NULL,'2012-02-07 13:10:54','2012-02-07 13:10:54'),(96,'George Hammond to Alexander Hamilton. Philadelphia, May 12, 1794',3,NULL,'http://wwwapp.cc.columbia.edu/ldpd/jay/image?key=columbia.jay.00888&p=333',NULL,'2012-02-07 13:10:54','2012-02-07 13:10:54'),(97,'Alexander Hamilton to George Hammond. Philadelphia, May 14, 1794',3,NULL,'http://wwwapp.cc.columbia.edu/ldpd/jay/image?key=columbia.jay.00888&p=335',NULL,'2012-02-07 13:10:54','2012-02-07 13:10:54'),(98,'Thomas Mathews to Vaughan. Norfolk, April  7, 1794',3,NULL,'http://wwwapp.cc.columbia.edu/ldpd/jay/image?key=columbia.jay.00888&p=336',NULL,'2012-02-07 13:10:54','2012-02-07 13:10:54'),(99,'George Hammond to Edmund Jennings Randolph. Philadelphia, May 15, 1794',3,NULL,'http://wwwapp.cc.columbia.edu/ldpd/jay/image?key=columbia.jay.00888&p=337',NULL,'2012-02-07 13:10:54','2012-02-07 13:10:54'),(100,'Alexander Hamilton to Edmund Jennings Randolph. Philadelphia, May 14, 1794',3,NULL,'http://wwwapp.cc.columbia.edu/ldpd/jay/image?key=columbia.jay.00888&p=339',NULL,'2012-02-07 13:10:54','2012-02-07 13:10:54'),(101,'Arthur Fenner to Edmund Jennings Randolph. Providence, May 16, 1794',3,NULL,'http://wwwapp.cc.columbia.edu/ldpd/jay/image?key=columbia.jay.00888&p=340',NULL,'2012-02-07 13:10:54','2012-02-07 13:10:54'),(102,'Edmund Jennings Randolph to John Jay. Philadelphia, May 27, 1794',3,NULL,'http://wwwapp.cc.columbia.edu/ldpd/jay/item?mode=item&key=columbia.jay.04263',NULL,'2012-02-07 13:10:54','2012-02-07 13:10:54'),(103,'Edmund Jennings Randolph to John Jay. Philadelphia, May 27, 1794',3,NULL,'http://wwwapp.cc.columbia.edu/ldpd/jay/item?mode=item&key=columbia.jay.04408',NULL,'2012-02-07 13:10:54','2012-02-07 13:10:54'),(104,'Edmund Jennings Randolph to John Jay. Philadelphia, May 27, 1794',3,NULL,'http://wwwapp.cc.columbia.edu/ldpd/jay/item?mode=item&key=columbia.jay.07069',NULL,'2012-02-07 13:10:54','2012-02-07 13:10:54'),(105,'Edmund Jennings Randolph to John Jay. Philadelphia, May 27, 1794',3,NULL,'http://wwwapp.cc.columbia.edu/ldpd/jay/item?mode=item&key=columbia.jay.08632',NULL,'2012-02-07 13:10:54','2012-02-07 13:10:54'),(106,'Edmund Jennings Randolph to John Jay. Philadelphia, May 28, 1794',3,NULL,'http://wwwapp.cc.columbia.edu/ldpd/jay/item?mode=item&key=columbia.jay.00622',NULL,'2012-02-07 13:10:54','2012-02-07 13:10:54'),(107,'Edmund Jennings Randolph to John Jay. Philadelphia, May 28, 1794',3,NULL,'http://wwwapp.cc.columbia.edu/ldpd/jay/item?mode=item&key=columbia.jay.04264',NULL,'2012-02-07 13:10:54','2012-02-07 13:10:54'),(108,'Edmund Jennings Randolph to John Jay. Philadelphia, May 28, 1794',3,NULL,'http://wwwapp.cc.columbia.edu/ldpd/jay/item?mode=item&key=columbia.jay.04409',NULL,'2012-02-07 13:10:54','2012-02-07 13:10:54'),(109,'Edmund Jennings Randolph to John Jay. Philadelphia, May 29, 1794',3,NULL,'http://wwwapp.cc.columbia.edu/ldpd/jay/item?mode=item&key=columbia.jay.00629',NULL,'2012-02-07 13:10:54','2012-02-07 13:10:54'),(110,'Edmund Jennings Randolph to John Jay. Philadelphia, May 29, 1794',3,NULL,'http://wwwapp.cc.columbia.edu/ldpd/jay/item?mode=item&key=columbia.jay.04265',NULL,'2012-02-07 13:10:54','2012-02-07 13:10:54'),(111,'Edmund Jennings Randolph to John Jay. Philadelphia, May 29, 1794',3,NULL,'http://wwwapp.cc.columbia.edu/ldpd/jay/item?mode=item&key=columbia.jay.04410',NULL,'2012-02-07 13:10:54','2012-02-07 13:10:54'),(112,'Sarah Livingston Jay to John Jay. New York, May 29, 1794',3,NULL,'http://wwwapp.cc.columbia.edu/ldpd/jay/item?mode=item&key=columbia.jay.06556',NULL,'2012-02-07 13:10:54','2012-02-07 13:10:54'),(113,'Alexander Hamilton to John Jay. Philadelphia, June  4, 1794',3,NULL,'http://wwwapp.cc.columbia.edu/ldpd/jay/item?mode=item&key=columbia.jay.05628',NULL,'2012-02-07 13:10:54','2012-02-07 13:10:54'),(114,'Christopher Gore to John Jay. Boston, June  7, 1794',3,NULL,'http://wwwapp.cc.columbia.edu/ldpd/jay/item?mode=item&key=columbia.jay.08472',NULL,'2012-02-07 13:10:54','2012-02-07 13:10:54'),(115,'Edmund Jennings Randolph to John Jay. Philadelphia, June  8, 1794',3,NULL,'http://wwwapp.cc.columbia.edu/ldpd/jay/item?mode=item&key=columbia.jay.00603',NULL,'2012-02-07 13:10:54','2012-02-07 13:10:54'),(116,'Edmund Jennings Randolph to John Jay. Philadelphia, June  8, 1794',3,NULL,'http://wwwapp.cc.columbia.edu/ldpd/jay/item?mode=item&key=columbia.jay.04266',NULL,'2012-02-07 13:10:54','2012-02-07 13:10:54'),(117,'Edmund Jennings Randolph to John Jay. Philadelphia, June  8, 1794',3,NULL,'http://wwwapp.cc.columbia.edu/ldpd/jay/item?mode=item&key=columbia.jay.04411',NULL,'2012-02-07 13:10:54','2012-02-07 13:10:54'),(118,'Edmund Jennings Randolph to John Jay. Philadelphia, June  9, 1794',3,NULL,'http://wwwapp.cc.columbia.edu/ldpd/jay/item?mode=item&key=columbia.jay.04267',NULL,'2012-02-07 13:10:54','2012-02-07 13:10:54'),(119,'Edmund Jennings Randolph to John Jay. Philadelphia, June  9, 1794',3,NULL,'http://wwwapp.cc.columbia.edu/ldpd/jay/item?mode=item&key=columbia.jay.04412',NULL,'2012-02-07 13:10:54','2012-02-07 13:10:54'),(120,'Tench Coxe to John Jay. Philadelphia, June  9, 1794',3,NULL,'http://wwwapp.cc.columbia.edu/ldpd/jay/item?mode=item&key=columbia.jay.09822',NULL,'2012-02-07 13:10:54','2012-02-07 13:10:54'),(121,'William Bayard to John Jay. Southampton, June  9, 1794',3,NULL,'http://wwwapp.cc.columbia.edu/ldpd/jay/item?mode=item&key=columbia.jay.12527',NULL,'2012-02-07 13:10:54','2012-02-07 13:10:54'),(122,'William Vans Murray to John Jay. Philadelphia, June  9, 1794',3,NULL,'http://wwwapp.cc.columbia.edu/ldpd/jay/item?mode=item&key=columbia.jay.13208',NULL,'2012-02-07 13:10:54','2012-02-07 13:10:54'),(123,'Maria Jay to John Jay. New York, June 13, 1794',3,NULL,'http://wwwapp.cc.columbia.edu/ldpd/jay/item?mode=item&key=columbia.jay.09693',NULL,'2012-02-07 13:10:54','2012-02-07 13:10:54'),(124,'Peter Jay Munro to John Jay. New York, June 14, 1794',3,NULL,'http://wwwapp.cc.columbia.edu/ldpd/jay/item?mode=item&key=columbia.jay.00423',NULL,'2012-02-07 13:10:54','2012-02-07 13:10:54'),(125,'Peter Jay Munro to John Jay. New York, June 15, 1794',3,NULL,'http://wwwapp.cc.columbia.edu/ldpd/jay/item?mode=item&key=columbia.jay.09371',NULL,'2012-02-07 13:10:54','2012-02-07 13:10:54'),(126,'Sir Edward Newenham to John Jay. Dublin, June 15, 1794',3,NULL,'http://wwwapp.cc.columbia.edu/ldpd/jay/item?mode=item&key=columbia.jay.09589',NULL,'2012-02-07 13:10:54','2012-02-07 13:10:54'),(127,'William Grenville to John Jay. London, June 16, 1794',3,NULL,'http://wwwapp.cc.columbia.edu/ldpd/jay/item?mode=item&key=columbia.jay.08517',NULL,'2012-02-07 13:10:54','2012-02-07 13:10:54'),(128,'Mr. Braithwaite to John Jay. London, June 17, 1794',3,NULL,'http://wwwapp.cc.columbia.edu/ldpd/jay/item?mode=item&key=columbia.jay.05507',NULL,'2012-02-07 13:10:54','2012-02-07 13:10:54'),(129,'Thomas Pinckney to John Jay. London, June 17, 1794',3,NULL,'http://wwwapp.cc.columbia.edu/ldpd/jay/item?mode=item&key=columbia.jay.09458',NULL,'2012-02-07 13:10:54','2012-02-07 13:10:54'),(130,'Jacob Read to John Jay. Charleston, June 19, 1794',3,NULL,'http://wwwapp.cc.columbia.edu/ldpd/jay/item?mode=item&key=columbia.jay.07071',NULL,'2012-02-07 13:10:54','2012-02-07 13:10:54'),(131,'Prince de Poix to John Jay. Twickenham, June 19, 1794',3,NULL,'http://wwwapp.cc.columbia.edu/ldpd/jay/item?mode=item&key=columbia.jay.90387',NULL,'2012-02-07 13:10:54','2012-04-20 14:18:13'),(132,'William Grenville to John Jay. London, June 19, 1794',3,NULL,'http://wwwapp.cc.columbia.edu/ldpd/jay/item?mode=item&key=columbia.jay.08518',NULL,'2012-02-07 13:10:54','2012-02-07 13:10:54'),(133,'Del Campo to John Jay. London, June 23, 1794',3,NULL,'http://wwwapp.cc.columbia.edu/ldpd/jay/item?mode=item&key=columbia.jay.08255',NULL,'2012-02-07 13:10:54','2012-02-07 13:10:54'),(134,'William Grenville to John Jay. London, June 24, 1794',3,NULL,'http://wwwapp.cc.columbia.edu/ldpd/jay/item?mode=item&key=columbia.jay.08519',NULL,'2012-02-07 13:10:54','2012-02-07 13:10:54'),(135,'William Augustus Miles to John Jay. London, June 25, 1794',3,NULL,'http://wwwapp.cc.columbia.edu/ldpd/jay/item?mode=item&key=columbia.jay.06947',NULL,'2012-02-07 13:10:54','2012-02-07 13:10:54'),(136,'William Augustus Miles to John Jay. London, June 26, 1794',3,NULL,'http://wwwapp.cc.columbia.edu/ldpd/jay/item?mode=item&key=columbia.jay.06948',NULL,'2012-02-07 13:10:54','2012-02-07 13:10:54'),(137,'Sylvanus Bourne to John Jay. Amsterdam, June 27, 1794',3,NULL,'http://wwwapp.cc.columbia.edu/ldpd/jay/item?mode=item&key=columbia.jay.04362',NULL,'2012-02-07 13:10:54','2012-02-07 13:10:54'),(138,'Sylvanus Bourne to John Jay. Amsterdam, June 27, 1794',3,NULL,'http://wwwapp.cc.columbia.edu/ldpd/jay/item?mode=item&key=columbia.jay.04420',NULL,'2012-02-07 13:10:54','2012-02-07 13:10:54'),(139,'William Bayard to John Jay. Southampton, June 29, 1794',3,NULL,'http://wwwapp.cc.columbia.edu/ldpd/jay/item?mode=item&key=columbia.jay.08361',NULL,'2012-02-07 13:10:54','2012-02-07 13:10:54'),(140,'Lally-Colendal to John Jay. London, June 30, 1794',3,NULL,'http://wwwapp.cc.columbia.edu/ldpd/jay/item?mode=item&key=columbia.jay.08559',NULL,'2012-02-07 13:10:54','2012-02-07 13:10:54'),(141,'Mary Ann Lowden to John Jay. Dumfries, July  1, 1794',3,NULL,'http://wwwapp.cc.columbia.edu/ldpd/jay/item?mode=item&key=columbia.jay.06914',NULL,'2012-02-07 13:10:54','2012-02-07 13:10:54'),(142,'Dell\'Acqua to John Jay. London, July  4, 1794',3,NULL,'http://wwwapp.cc.columbia.edu/ldpd/jay/item?mode=item&key=columbia.jay.08566',NULL,'2012-02-07 13:10:54','2012-02-07 13:10:54'),(143,'Thomas Coombe to John Jay. London, July  4, 1794',3,NULL,'http://wwwapp.cc.columbia.edu/ldpd/jay/item?mode=item&key=columbia.jay.05531',NULL,'2012-02-07 13:10:54','2012-02-07 13:10:54'),(144,'Henry Waddell to John Jay. London, July  5, 1794',3,NULL,'http://wwwapp.cc.columbia.edu/ldpd/jay/item?mode=item&key=columbia.jay.04360',NULL,'2012-02-07 13:10:54','2012-02-07 13:10:54'),(145,'Henry Waddell to John Jay. London, July  5, 1794',3,NULL,'http://wwwapp.cc.columbia.edu/ldpd/jay/item?mode=item&key=columbia.jay.04418',NULL,'2012-02-07 13:10:54','2012-02-07 13:10:54'),(146,'Richard Henry Lee to John Jay. Richmond, July  6, 1794',3,NULL,'http://wwwapp.cc.columbia.edu/ldpd/jay/item?mode=item&key=columbia.jay.12815',NULL,'2012-02-07 13:10:54','2012-02-07 13:10:54'),(147,'Sir John Sinclair to John Jay. London, July  6, 1794',3,NULL,'http://wwwapp.cc.columbia.edu/ldpd/jay/item?mode=item&key=columbia.jay.07139',NULL,'2012-02-07 13:10:54','2012-02-07 13:10:54'),(148,'Sarah Livingston Jay to John Jay. New York, July  7, 1794',3,NULL,'http://wwwapp.cc.columbia.edu/ldpd/jay/item?mode=item&key=columbia.jay.06557',NULL,'2012-02-07 13:10:54','2012-02-07 13:10:54'),(149,'W. Jackson to John Jay. Amsterdam, July  8, 1794',3,NULL,'http://wwwapp.cc.columbia.edu/ldpd/jay/item?mode=item&key=columbia.jay.08636',NULL,'2012-02-07 13:10:54','2012-02-07 13:10:54'),(150,'Edmund Jennings Randolph to John Jay. Philadelphia, July  9, 1794',3,NULL,'http://wwwapp.cc.columbia.edu/ldpd/jay/item?mode=item&key=columbia.jay.04276',NULL,'2012-02-07 13:10:54','2012-02-07 13:10:54'),(151,'Edmund Jennings Randolph to John Jay. Philadelphia, July  9, 1794',3,NULL,'http://wwwapp.cc.columbia.edu/ldpd/jay/item?mode=item&key=columbia.jay.04422',NULL,'2012-02-07 13:10:55','2012-02-07 13:10:55'),(152,'Edward Gardiner to John Jay. Herefordshire, July  9, 1794',3,NULL,'http://wwwapp.cc.columbia.edu/ldpd/jay/item?mode=item&key=columbia.jay.90018',NULL,'2012-02-07 13:10:55','2012-02-07 13:10:55'),(153,'Edmund Jennings Randolph to John Jay. Philadelphia, July 10, 1794',3,NULL,'http://wwwapp.cc.columbia.edu/ldpd/jay/item?mode=item&key=columbia.jay.00604',NULL,'2012-02-07 13:10:55','2012-02-07 13:10:55'),(154,'Edmund Jennings Randolph to John Jay. Philadelphia, July 10, 1794',3,NULL,'http://wwwapp.cc.columbia.edu/ldpd/jay/item?mode=item&key=columbia.jay.04277',NULL,'2012-02-07 13:10:55','2012-02-07 13:10:55'),(155,'Edmund Jennings Randolph to John Jay. Philadelphia, July 10, 1794',3,NULL,'http://wwwapp.cc.columbia.edu/ldpd/jay/item?mode=item&key=columbia.jay.04424',NULL,'2012-02-07 13:10:55','2012-02-07 13:10:55'),(156,'Edmund Jennings Randolph to John Jay. Philadelphia, July 10, 1794',3,NULL,'http://wwwapp.cc.columbia.edu/ldpd/jay/item?mode=item&key=columbia.jay.10076',NULL,'2012-02-07 13:10:55','2012-02-07 13:10:55'),(157,'Sarah Vaughan to John Jay. Rottingdean, July 11, 1794',3,NULL,'http://wwwapp.cc.columbia.edu/ldpd/jay/item?mode=item&key=columbia.jay.08147',NULL,'2012-02-07 13:10:55','2012-02-07 13:10:55'),(158,'Sir Edward Newenham to John Jay. Dublin, July 12, 1794',3,NULL,'http://wwwapp.cc.columbia.edu/ldpd/jay/item?mode=item&key=columbia.jay.09590',NULL,'2012-02-07 13:10:55','2012-02-07 13:10:55'),(159,'John Anstey to John Jay. Bath, July 14, 1794',3,NULL,'http://wwwapp.cc.columbia.edu/ldpd/jay/item?mode=item&key=columbia.jay.05484',NULL,'2012-02-07 13:10:55','2012-02-07 13:10:55'),(160,'Lindley Murray to John Jay. York, July 15, 1794',3,NULL,'http://wwwapp.cc.columbia.edu/ldpd/jay/item?mode=item&key=columbia.jay.09606',NULL,'2012-02-07 13:10:55','2012-02-07 13:10:55'),(161,'Edmund Jennings Randolph to John Jay. Philadelphia, July 18, 1794',3,NULL,'http://wwwapp.cc.columbia.edu/ldpd/jay/item?mode=item&key=columbia.jay.00605',NULL,'2012-02-07 13:10:55','2012-02-07 13:10:55'),(162,'Edmund Jennings Randolph to John Jay. Philadelphia, July 18, 1794',3,NULL,'http://wwwapp.cc.columbia.edu/ldpd/jay/item?mode=item&key=columbia.jay.04280',NULL,'2012-02-07 13:10:55','2012-02-07 13:10:55'),(163,'Edmund Jennings Randolph to John Jay. Philadelphia, July 18, 1794',3,NULL,'http://wwwapp.cc.columbia.edu/ldpd/jay/item?mode=item&key=columbia.jay.04427',NULL,'2012-02-07 13:10:55','2012-02-07 13:10:55'),(164,'John Mitchell to John Jay. Edinburgh, July 18, 1794',3,NULL,'http://wwwapp.cc.columbia.edu/ldpd/jay/item?mode=item&key=columbia.jay.06949',NULL,'2012-02-07 13:10:55','2012-02-07 13:10:55'),(165,'Thomas Pinckney to John Jay. London, July 19, 1794',3,NULL,'http://wwwapp.cc.columbia.edu/ldpd/jay/item?mode=item&key=columbia.jay.02600',NULL,'2012-02-07 13:10:55','2012-02-07 13:10:55'),(166,'Thomas Pinckney to John Jay. London, July 20, 1794',3,NULL,'http://wwwapp.cc.columbia.edu/ldpd/jay/item?mode=item&key=columbia.jay.09459',NULL,'2012-02-07 13:10:55','2012-02-07 13:10:55'),(167,'William Petty, Marquis of Lansdowne to John Jay. London, July 27, 1794',3,NULL,'http://wwwapp.cc.columbia.edu/ldpd/jay/item?mode=item&key=columbia.jay.08183',NULL,'2012-02-07 13:10:55','2012-02-07 13:10:55'),(168,'Thomas Pinckney to John Jay. London, July 28, 1794',3,NULL,'http://wwwapp.cc.columbia.edu/ldpd/jay/item?mode=item&key=columbia.jay.09460',NULL,'2012-02-07 13:10:55','2012-02-07 13:10:55'),(169,'William Grenville to John Jay. London, July 28, 1794',3,NULL,'http://wwwapp.cc.columbia.edu/ldpd/jay/item?mode=item&key=columbia.jay.08520',NULL,'2012-02-07 13:10:55','2012-02-07 13:10:55'),(170,'William Grenville to John Jay. London, July 29, 1794',3,NULL,'http://wwwapp.cc.columbia.edu/ldpd/jay/item?mode=item&key=columbia.jay.08521',NULL,'2012-02-07 13:10:55','2012-02-07 13:10:55'),(171,'Edmund Jennings Randolph to John Jay. Philadelphia, July 30, 1794',3,NULL,'http://wwwapp.cc.columbia.edu/ldpd/jay/item?mode=item&key=columbia.jay.04283',NULL,'2012-02-07 13:10:55','2012-02-07 13:10:55'),(172,'Edmund Jennings Randolph to John Jay. Philadelphia, July 30, 1794',3,NULL,'http://wwwapp.cc.columbia.edu/ldpd/jay/item?mode=item&key=columbia.jay.04429',NULL,'2012-02-07 13:10:55','2012-02-07 13:10:55'),(173,'Harvey Reuben to John Jay. Cork, July 30, 1794',3,NULL,'http://wwwapp.cc.columbia.edu/ldpd/jay/item?mode=item&key=columbia.jay.90281',NULL,'2012-02-07 13:10:55','2012-02-07 13:10:55'),(174,'William Grenville to John Jay. London, July 30, 1794',3,NULL,'http://wwwapp.cc.columbia.edu/ldpd/jay/item?mode=item&key=columbia.jay.04985',NULL,'2012-02-07 13:10:55','2012-02-07 13:10:55'),(175,'Mrs. Chalmers to John Jay. London, August 1794',3,NULL,'http://wwwapp.cc.columbia.edu/ldpd/jay/item?mode=item&key=columbia.jay.90267',NULL,'2012-02-07 13:10:55','2012-02-07 13:10:55'),(176,'William Temple Franklin to John Jay. London, August 1794',3,NULL,'http://wwwapp.cc.columbia.edu/ldpd/jay/item?mode=item&key=columbia.jay.90276',NULL,'2012-02-07 13:10:55','2012-02-07 13:10:55'),(177,'Mathew Clarkson to John Jay. New York, August  1, 1794',3,NULL,'http://wwwapp.cc.columbia.edu/ldpd/jay/item?mode=item&key=columbia.jay.09797',NULL,'2012-02-07 13:10:55','2012-02-07 13:10:55'),(178,'R. Bowen to John Jay. Providence, August  1, 1794',3,NULL,'http://wwwapp.cc.columbia.edu/ldpd/jay/item?mode=item&key=columbia.jay.08638',NULL,'2012-02-07 13:10:55','2012-02-07 13:10:55'),(179,'William Grenville to John Jay. London, August  1, 1794',3,NULL,'http://wwwapp.cc.columbia.edu/ldpd/jay/item?mode=item&key=columbia.jay.04466',NULL,'2012-02-07 13:10:55','2012-02-07 13:10:55'),(180,'Sarah Livingston Jay to John Jay. New York, August  2, 1794',3,NULL,'http://wwwapp.cc.columbia.edu/ldpd/jay/item?mode=item&key=columbia.jay.06558',NULL,'2012-02-07 13:10:55','2012-02-07 13:10:55'),(181,'William Scott, Baron Stowell to John Jay. London, August  2, 1794',3,NULL,'http://wwwapp.cc.columbia.edu/ldpd/jay/item?mode=item&key=columbia.jay.07133',NULL,'2012-02-07 13:10:55','2012-02-07 13:10:55'),(182,'William Grenville to John Jay. London, August  4, 1794',3,NULL,'http://wwwapp.cc.columbia.edu/ldpd/jay/item?mode=item&key=columbia.jay.08522',NULL,'2012-02-07 13:10:55','2012-02-07 13:10:55'),(183,'William Grenville to John Jay. London, August  5, 1794',3,NULL,'http://wwwapp.cc.columbia.edu/ldpd/jay/item?mode=item&key=columbia.jay.08523',NULL,'2012-02-07 13:10:55','2012-02-07 13:10:55'),(184,'William Grenville to John Jay. London, August  8, 1794',3,NULL,'http://wwwapp.cc.columbia.edu/ldpd/jay/item?mode=item&key=columbia.jay.08529',NULL,'2012-02-07 13:10:55','2012-02-07 13:10:55'),(185,'Edmund Jennings Randolph to John Jay. Philadelphia, August 11, 1794',3,NULL,'http://wwwapp.cc.columbia.edu/ldpd/jay/item?mode=item&key=columbia.jay.00606',NULL,'2012-02-07 13:10:55','2012-02-07 13:10:55'),(186,'Edmund Jennings Randolph to John Jay. Philadelphia, August 11, 1794',3,NULL,'http://wwwapp.cc.columbia.edu/ldpd/jay/item?mode=item&key=columbia.jay.04304',NULL,'2012-02-07 13:10:55','2012-02-07 13:10:55'),(187,'Edmund Jennings Randolph to John Jay. Philadelphia, August 11, 1794',3,NULL,'http://wwwapp.cc.columbia.edu/ldpd/jay/item?mode=item&key=columbia.jay.04436',NULL,'2012-02-07 13:10:55','2012-02-07 13:10:55'),(188,'Mrs. Chalmers to John Jay. London, August 11, 1794',3,NULL,'http://wwwapp.cc.columbia.edu/ldpd/jay/item?mode=item&key=columbia.jay.05509',NULL,'2012-02-07 13:10:55','2012-02-07 13:10:55'),(189,'Mrs. Chalmers to John Jay. London, August 12, 1794',3,NULL,'http://wwwapp.cc.columbia.edu/ldpd/jay/item?mode=item&key=columbia.jay.13592',NULL,'2012-02-07 13:10:55','2012-02-07 13:10:55'),(190,'Edmund Jennings Randolph to John Jay. Philadelphia, August 15, 1794',3,NULL,'http://wwwapp.cc.columbia.edu/ldpd/jay/item?mode=item&key=columbia.jay.00607',NULL,'2012-02-07 13:10:55','2012-02-07 13:10:55'),(191,'Edmund Jennings Randolph to John Jay. Philadelphia, August 15, 1794',3,NULL,'http://wwwapp.cc.columbia.edu/ldpd/jay/item?mode=item&key=columbia.jay.04305',NULL,'2012-02-07 13:10:55','2012-02-07 13:10:55'),(192,'Edmund Jennings Randolph to John Jay. Philadelphia, August 15, 1794',3,NULL,'http://wwwapp.cc.columbia.edu/ldpd/jay/item?mode=item&key=columbia.jay.04437',NULL,'2012-02-07 13:10:55','2012-02-07 13:10:55'),(193,'William Bayard to John Jay. Southampton, August 16, 1794',3,NULL,'http://wwwapp.cc.columbia.edu/ldpd/jay/item?mode=item&key=columbia.jay.08362',NULL,'2012-02-07 13:10:55','2012-02-07 13:10:55'),(194,'William Grenville to John Jay. London, August 17, 1794',3,NULL,'http://wwwapp.cc.columbia.edu/ldpd/jay/item?mode=item&key=columbia.jay.08530',NULL,'2012-02-07 13:10:55','2012-02-07 13:10:55'),(195,'Edmund Jennings Randolph to John Jay. Philadelphia, August 18, 1794',3,NULL,'http://wwwapp.cc.columbia.edu/ldpd/jay/item?mode=item&key=columbia.jay.04306',NULL,'2012-02-07 13:10:55','2012-02-07 13:10:55'),(196,'Edmund Jennings Randolph to John Jay. Philadelphia, August 18, 1794',3,NULL,'http://wwwapp.cc.columbia.edu/ldpd/jay/item?mode=item&key=columbia.jay.04438',NULL,'2012-02-07 13:10:55','2012-02-07 13:10:55'),(197,'Sarah Livingston Jay to John Jay. New York, August 27, 1794',3,NULL,'http://wwwapp.cc.columbia.edu/ldpd/jay/item?mode=item&key=columbia.jay.06559',NULL,'2012-02-07 13:10:55','2012-02-07 13:10:55'),(198,'Edmund Jennings Randolph to John Jay. Philadelphia, August 30, 1794',3,NULL,'http://wwwapp.cc.columbia.edu/ldpd/jay/item?mode=item&key=columbia.jay.00066',NULL,'2012-02-07 13:10:55','2012-02-07 13:10:55'),(199,'Edmund Jennings Randolph to John Jay. Philadelphia, August 30, 1794',3,NULL,'http://wwwapp.cc.columbia.edu/ldpd/jay/item?mode=item&key=columbia.jay.00611',NULL,'2012-02-07 13:10:55','2012-02-07 13:10:55'),(200,'Edmund Jennings Randolph to John Jay. Philadelphia, August 30, 1794',3,NULL,'http://wwwapp.cc.columbia.edu/ldpd/jay/item?mode=item&key=columbia.jay.04309',NULL,'2012-02-07 13:10:55','2012-02-07 13:10:55'),(201,'Edmund Jennings Randolph to John Jay. Philadelphia, August 30, 1794',3,NULL,'http://wwwapp.cc.columbia.edu/ldpd/jay/item?mode=item&key=columbia.jay.04441',NULL,'2012-02-07 13:10:55','2012-02-07 13:10:55'),(202,'George Washington to John Jay. Philadelphia, August 30, 1794',3,NULL,'http://wwwapp.cc.columbia.edu/ldpd/jay/item?mode=item&key=columbia.jay.00690',NULL,'2012-02-07 13:10:55','2012-02-07 13:10:55'),(203,'George Washington to John Jay. Philadelphia, August 30, 1794',3,NULL,'http://wwwapp.cc.columbia.edu/ldpd/jay/item?mode=item&key=columbia.jay.07255',NULL,'2012-02-07 13:10:55','2012-02-07 13:10:55'),(204,'George Washington to John Jay. Philadelphia, August 30, 1794',3,NULL,'http://wwwapp.cc.columbia.edu/ldpd/jay/item?mode=item&key=columbia.jay.10632',NULL,'2012-02-07 13:10:55','2012-02-07 13:10:55'),(205,'Peter Jay Munro to John Jay. New York, August 30, 1794',3,NULL,'http://wwwapp.cc.columbia.edu/ldpd/jay/item?mode=item&key=columbia.jay.00426',NULL,'2012-02-07 13:10:55','2012-02-07 13:10:55'),(206,'William Grenville to John Jay. London, August 30, 1794',3,NULL,'http://wwwapp.cc.columbia.edu/ldpd/jay/item?mode=item&key=columbia.jay.04446',NULL,'2012-02-07 13:10:55','2012-02-07 13:10:55'),(207,'Lady Payne to John Jay. London, September 1794',3,NULL,'http://wwwapp.cc.columbia.edu/ldpd/jay/item?mode=item&key=columbia.jay.07039',NULL,'2012-02-07 13:10:55','2012-02-07 13:10:55'),(208,'Edmund Jennings Randolph to John Jay. Philadelphia, September  5, 1794',3,NULL,'http://wwwapp.cc.columbia.edu/ldpd/jay/item?mode=item&key=columbia.jay.04442',NULL,'2012-02-07 13:10:55','2012-02-07 13:10:55'),(209,'George Washington to John Jay. Philadelphia, September  5, 1794',3,NULL,'http://wwwapp.cc.columbia.edu/ldpd/jay/item?mode=item&key=columbia.jay.10633',NULL,'2012-02-07 13:10:55','2012-02-07 13:10:55'),(210,'William Grenville to John Jay. London, September  5, 1794',3,NULL,'http://wwwapp.cc.columbia.edu/ldpd/jay/item?mode=item&key=columbia.jay.04317',NULL,'2012-02-07 13:10:55','2012-02-07 13:10:55'),(211,'William Grenville to John Jay. London, September  7, 1794',3,NULL,'http://wwwapp.cc.columbia.edu/ldpd/jay/item?mode=item&key=columbia.jay.04450',NULL,'2012-02-07 13:10:55','2012-02-07 13:10:55'),(212,'William Grenville to John Jay. London, September  7, 1794',3,NULL,'http://wwwapp.cc.columbia.edu/ldpd/jay/item?mode=item&key=columbia.jay.12780',NULL,'2012-02-07 13:10:55','2012-02-07 13:10:55'),(213,'William Grenville to John Jay. London, September  7, 1794',3,NULL,'http://wwwapp.cc.columbia.edu/ldpd/jay/item?mode=item&key=columbia.jay.05003',NULL,'2012-02-07 13:10:55','2012-02-07 13:10:55'),(214,'Henry Dundas, Viscount Melville to John Jay. London, September  9, 1794',3,NULL,'http://wwwapp.cc.columbia.edu/ldpd/jay/item?mode=item&key=columbia.jay.05436',NULL,'2012-02-07 13:10:55','2012-02-07 13:10:55'),(215,'Henry Dundas, Viscount Melville to John Jay. London, September 10, 1794',3,NULL,'http://wwwapp.cc.columbia.edu/ldpd/jay/item?mode=item&key=columbia.jay.05573',NULL,'2012-02-07 13:10:55','2012-02-07 13:10:55'),(216,'William Scott, Baron Stowell to John Jay. London, September 10, 1794',3,NULL,'http://wwwapp.cc.columbia.edu/ldpd/jay/item?mode=item&key=columbia.jay.04319',NULL,'2012-02-07 13:10:55','2012-02-07 13:10:55'),(217,'Edmund Jennings Randolph to John Jay. Philadelphia, September 12, 1794',3,NULL,'http://wwwapp.cc.columbia.edu/ldpd/jay/item?mode=item&key=columbia.jay.00608',NULL,'2012-02-07 13:10:55','2012-02-07 13:10:55'),(218,'Edmund Jennings Randolph to John Jay. Philadelphia, September 12, 1794',3,NULL,'http://wwwapp.cc.columbia.edu/ldpd/jay/item?mode=item&key=columbia.jay.04310',NULL,'2012-02-07 13:10:55','2012-02-07 13:10:55'),(219,'Edmund Jennings Randolph to John Jay. Philadelphia, September 12, 1794',3,NULL,'http://wwwapp.cc.columbia.edu/ldpd/jay/item?mode=item&key=columbia.jay.04443',NULL,'2012-02-07 13:10:55','2012-02-07 13:10:55'),(220,'Edmund Jennings Randolph to John Jay. Philadelphia, September 15, 1794',3,NULL,'http://wwwapp.cc.columbia.edu/ldpd/jay/item?mode=item&key=columbia.jay.04321',NULL,'2012-02-07 13:10:55','2012-02-07 13:10:55'),(221,'La Rouchefoucauld to John Jay. London, September 16, 1794',3,NULL,'http://wwwapp.cc.columbia.edu/ldpd/jay/item?mode=item&key=columbia.jay.90371',NULL,'2012-02-07 13:10:55','2012-02-07 13:10:55'),(222,'Sir Robert Herries to John Jay. London, September 16, 1794',3,NULL,'http://wwwapp.cc.columbia.edu/ldpd/jay/item?mode=item&key=columbia.jay.05673',NULL,'2012-02-07 13:10:55','2012-02-07 13:10:55'),(223,'Alexander Hamilton to John Jay. Philadelphia, September 17, 1794',3,NULL,'http://wwwapp.cc.columbia.edu/ldpd/jay/item?mode=item&key=columbia.jay.10769',NULL,'2012-02-07 13:10:55','2012-02-07 13:10:55'),(224,'Edmund Jennings Randolph to John Jay. Philadelphia, September 17, 1794',3,NULL,'http://wwwapp.cc.columbia.edu/ldpd/jay/item?mode=item&key=columbia.jay.00609',NULL,'2012-02-07 13:10:55','2012-02-07 13:10:55'),(225,'Edmund Jennings Randolph to John Jay. Philadelphia, September 17, 1794',3,NULL,'http://wwwapp.cc.columbia.edu/ldpd/jay/item?mode=item&key=columbia.jay.04323',NULL,'2012-02-07 13:10:55','2012-02-07 13:10:55'),(226,'Edmund Jennings Randolph to John Jay. Philadelphia, September 17, 1794',3,NULL,'http://wwwapp.cc.columbia.edu/ldpd/jay/item?mode=item&key=columbia.jay.04453',NULL,'2012-02-07 13:10:55','2012-02-07 13:10:55'),(227,'Peter Jay Munro to John Jay. New York, September 18, 1794',3,NULL,'http://wwwapp.cc.columbia.edu/ldpd/jay/item?mode=item&key=columbia.jay.00428',NULL,'2012-02-07 13:10:55','2012-02-07 13:10:55'),(228,'Edmund Jennings Randolph to John Jay. Philadelphia, September 20, 1794',3,NULL,'http://wwwapp.cc.columbia.edu/ldpd/jay/item?mode=item&key=columbia.jay.04324',NULL,'2012-02-07 13:10:55','2012-02-07 13:10:55'),(229,'Edmund Jennings Randolph to John Jay. Philadelphia, September 20, 1794',3,NULL,'http://wwwapp.cc.columbia.edu/ldpd/jay/item?mode=item&key=columbia.jay.04455',NULL,'2012-02-07 13:10:55','2012-02-07 13:10:55'),(230,'Richard Colley Wesley, Lord Mornington to John Jay. London, September 25, 1794',3,NULL,'http://wwwapp.cc.columbia.edu/ldpd/jay/item?mode=item&key=columbia.jay.00044',NULL,'2012-02-07 13:10:55','2012-02-07 13:10:55'),(231,'Sarah Livingston Jay to John Jay. New York, September 27, 1794',3,NULL,'http://wwwapp.cc.columbia.edu/ldpd/jay/item?mode=item&key=columbia.jay.06560',NULL,'2012-02-07 13:10:55','2012-02-07 13:10:55'),(232,'Richard Colley Wesley, Lord Mornington to John Jay. London, September 30, 1794',3,NULL,'http://wwwapp.cc.columbia.edu/ldpd/jay/item?mode=item&key=columbia.jay.06954',NULL,'2012-02-07 13:10:55','2012-02-07 13:10:55'),(233,'Hyacinthe Gabrielle Roland, Lady Mornington to John Jay. London, October  2, 1794',3,NULL,'http://wwwapp.cc.columbia.edu/ldpd/jay/item?mode=item&key=columbia.jay.06955',NULL,'2012-02-07 13:10:55','2012-02-07 13:10:55'),(234,'William Grenville to John Jay. London, October  7, 1794',3,NULL,'http://wwwapp.cc.columbia.edu/ldpd/jay/item?mode=item&key=columbia.jay.08534',NULL,'2012-02-07 13:10:55','2012-02-07 13:10:55'),(235,'Alexander Wedderburn, Baron Loughborough to John Jay. London, October 10, 1794',3,NULL,'http://wwwapp.cc.columbia.edu/ldpd/jay/item?mode=item&key=columbia.jay.06913',NULL,'2012-02-07 13:10:55','2012-02-07 13:10:55'),(236,'Edmund Jennings Randolph to John Jay. Philadelphia, October 11, 1794',3,NULL,'http://wwwapp.cc.columbia.edu/ldpd/jay/item?mode=item&key=columbia.jay.04326',NULL,'2012-02-07 13:10:55','2012-02-07 13:10:55'),(237,'Edmund Jennings Randolph to John Jay. Philadelphia, October 11, 1794',3,NULL,'http://wwwapp.cc.columbia.edu/ldpd/jay/item?mode=item&key=columbia.jay.04457',NULL,'2012-02-07 13:10:55','2012-02-07 13:10:55'),(238,'Peter Jay Munro to John Jay. New York, October 11, 1794',3,NULL,'http://wwwapp.cc.columbia.edu/ldpd/jay/item?mode=item&key=columbia.jay.00429',NULL,'2012-02-07 13:10:55','2012-02-07 13:10:55'),(239,'Sarah Livingston Jay to John Jay. New York, October 11, 1794',3,NULL,'http://wwwapp.cc.columbia.edu/ldpd/jay/item?mode=item&key=columbia.jay.06561',NULL,'2012-02-07 13:10:55','2012-02-07 13:10:55'),(240,'John Sloss Hobart to John Jay. Throggs Neck, October 16, 1794',3,NULL,'http://wwwapp.cc.columbia.edu/ldpd/jay/item?mode=item&key=columbia.jay.05676',NULL,'2012-02-07 13:10:55','2012-02-07 13:10:55'),(241,'Peter Jay Munro to John Jay. New York, October 16, 1794',3,NULL,'http://wwwapp.cc.columbia.edu/ldpd/jay/item?mode=item&key=columbia.jay.00430',NULL,'2012-02-07 13:10:55','2012-02-07 13:10:55'),(242,'Peter Jay Munro to John Jay. New York, October 16, 1794',3,NULL,'http://wwwapp.cc.columbia.edu/ldpd/jay/item?mode=item&key=columbia.jay.09375',NULL,'2012-02-07 13:10:55','2012-02-07 13:10:55'),(243,'William Petty, Marquis of Lansdowne to John Jay. London, October 19, 1794',3,NULL,'http://wwwapp.cc.columbia.edu/ldpd/jay/item?mode=item&key=columbia.jay.08180',NULL,'2012-02-07 13:10:55','2012-02-07 13:10:55'),(244,'Edmund Jennings Randolph to John Jay. Philadelphia, October 20, 1794',3,NULL,'http://wwwapp.cc.columbia.edu/ldpd/jay/item?mode=item&key=columbia.jay.00610',NULL,'2012-02-07 13:10:55','2012-02-07 13:10:55'),(245,'Edmund Jennings Randolph to John Jay. Philadelphia, October 20, 1794',3,NULL,'http://wwwapp.cc.columbia.edu/ldpd/jay/item?mode=item&key=columbia.jay.04327',NULL,'2012-02-07 13:10:55','2012-02-07 13:10:55'),(246,'Edmund Jennings Randolph to John Jay. Philadelphia, October 20, 1794',3,NULL,'http://wwwapp.cc.columbia.edu/ldpd/jay/item?mode=item&key=columbia.jay.04458',NULL,'2012-02-07 13:10:55','2012-02-07 13:10:55'),(247,'Sir Clement Cottrell Dormer to John Jay. Rousham House, October 23, 1794',3,NULL,'http://wwwapp.cc.columbia.edu/ldpd/jay/item?mode=item&key=columbia.jay.05553',NULL,'2012-02-07 13:10:55','2012-02-07 13:10:55'),(248,'Sarah Livingston Jay to John Jay. New York, October 25, 1794',3,NULL,'http://wwwapp.cc.columbia.edu/ldpd/jay/item?mode=item&key=columbia.jay.06538',NULL,'2012-02-07 13:10:55','2012-02-07 13:10:55'),(249,'Rodolf Vall-Travers to John Jay. The Hague, October 28, 1794',3,NULL,'http://wwwapp.cc.columbia.edu/ldpd/jay/item?mode=item&key=columbia.jay.07214',NULL,'2012-02-07 13:10:55','2012-02-07 13:10:55'),(250,'Chevalier Du Jay to John Jay. Nijmegen, October 29, 1794',3,NULL,'http://wwwapp.cc.columbia.edu/ldpd/jay/item?mode=item&key=columbia.jay.08560',NULL,'2012-02-07 13:10:55','2012-02-07 13:10:55'),(251,'Edmund Jennings Randolph to John Jay. Philadelphia, October 29, 1794',3,NULL,'http://wwwapp.cc.columbia.edu/ldpd/jay/item?mode=item&key=columbia.jay.00612',NULL,'2012-02-07 13:10:55','2012-02-07 13:10:55'),(252,'Edmund Jennings Randolph to John Jay. Philadelphia, October 29, 1794',3,NULL,'http://wwwapp.cc.columbia.edu/ldpd/jay/item?mode=item&key=columbia.jay.04328',NULL,'2012-02-07 13:10:55','2012-02-07 13:10:55'),(253,'Edmund Jennings Randolph to John Jay. Philadelphia, October 29, 1794',3,NULL,'http://wwwapp.cc.columbia.edu/ldpd/jay/item?mode=item&key=columbia.jay.04459',NULL,'2012-02-07 13:10:55','2012-02-07 13:10:55'),(254,'John Drayton to John Jay. Charleston, October 30, 1794',3,NULL,'http://wwwapp.cc.columbia.edu/ldpd/jay/item?mode=item&key=columbia.jay.09826',NULL,'2012-02-07 13:10:55','2012-02-07 13:10:55'),(255,'William Grenville to John Jay. London, October 30, 1794',3,NULL,'http://wwwapp.cc.columbia.edu/ldpd/jay/item?mode=item&key=columbia.jay.08535',NULL,'2012-02-07 13:10:55','2012-02-07 13:10:55'),(256,'William Grenville to John Jay. London, October 31, 1794',3,NULL,'http://wwwapp.cc.columbia.edu/ldpd/jay/item?mode=item&key=columbia.jay.08536',NULL,'2012-02-07 13:10:55','2012-02-07 13:10:55'),(257,'William Grenville to John Jay. London, November 1794',3,NULL,'http://wwwapp.cc.columbia.edu/ldpd/jay/item?mode=item&key=columbia.jay.10693',NULL,'2012-02-07 13:10:55','2012-02-07 13:10:55'),(258,'George Washington to John Jay. Philadelphia, November  1, 1794',3,NULL,'http://wwwapp.cc.columbia.edu/ldpd/jay/item?mode=item&key=columbia.jay.00688',NULL,'2012-02-07 13:10:55','2012-02-07 13:10:55'),(259,'George Washington to John Jay. Philadelphia, November  1, 1794',3,NULL,'http://wwwapp.cc.columbia.edu/ldpd/jay/item?mode=item&key=columbia.jay.07256',NULL,'2012-02-07 13:10:55','2012-02-07 13:10:55'),(260,'George Washington to John Jay. Philadelphia, November  1, 1794',3,NULL,'http://wwwapp.cc.columbia.edu/ldpd/jay/item?mode=item&key=columbia.jay.10637',NULL,'2012-02-07 13:10:55','2012-02-07 13:10:55'),(261,'Sarah Livingston Jay to John Jay. New York, November  1, 1794',3,NULL,'http://wwwapp.cc.columbia.edu/ldpd/jay/item?mode=item&key=columbia.jay.06562',NULL,'2012-02-07 13:10:55','2012-02-07 13:10:55'),(262,'William Grenville to John Jay. London, November  1, 1794',3,NULL,'http://wwwapp.cc.columbia.edu/ldpd/jay/item?mode=item&key=columbia.jay.05012',NULL,'2012-02-07 13:10:55','2012-02-07 13:10:55'),(263,'Alexander Wedderburn, Baron Loughborough to John Jay. London, November  3, 1794',3,NULL,'http://wwwapp.cc.columbia.edu/ldpd/jay/item?mode=item&key=columbia.jay.05511',NULL,'2012-02-07 13:10:55','2012-02-07 13:10:55'),(264,'Edmund Jennings Randolph to John Jay. Philadelphia, November  3, 1794',3,NULL,'http://wwwapp.cc.columbia.edu/ldpd/jay/item?mode=item&key=columbia.jay.00615',NULL,'2012-02-07 13:10:55','2012-02-07 13:10:55'),(265,'Edmund Jennings Randolph to John Jay. Philadelphia, November  3, 1794',3,NULL,'http://wwwapp.cc.columbia.edu/ldpd/jay/item?mode=item&key=columbia.jay.04334',NULL,'2012-02-07 13:10:55','2012-02-07 13:10:55'),(266,'Edmund Jennings Randolph to John Jay. Philadelphia, November  3, 1794',3,NULL,'http://wwwapp.cc.columbia.edu/ldpd/jay/item?mode=item&key=columbia.jay.04462',NULL,'2012-02-07 13:10:55','2012-02-07 13:10:55'),(267,'Lanberdiere to John Jay. Midleton, November  6, 1794',3,NULL,'http://wwwapp.cc.columbia.edu/ldpd/jay/item?mode=item&key=columbia.jay.08562',NULL,'2012-02-07 13:10:55','2012-02-07 13:10:55'),(268,'Edmund Jennings Randolph to John Jay. Philadelphia, November  7, 1794',3,NULL,'http://wwwapp.cc.columbia.edu/ldpd/jay/item?mode=item&key=columbia.jay.00617',NULL,'2012-02-07 13:10:55','2012-02-07 13:10:55'),(269,'Edmund Jennings Randolph to John Jay. Philadelphia, November  7, 1794',3,NULL,'http://wwwapp.cc.columbia.edu/ldpd/jay/item?mode=item&key=columbia.jay.04333',NULL,'2012-02-07 13:10:55','2012-02-07 13:10:55'),(270,'Edmund Jennings Randolph to John Jay. Philadelphia, November  7, 1794',3,NULL,'http://wwwapp.cc.columbia.edu/ldpd/jay/item?mode=item&key=columbia.jay.04463',NULL,'2012-02-07 13:10:55','2012-02-07 13:10:55'),(271,'Edmund Jennings Randolph to John Jay. Philadelphia, November  8, 1794',3,NULL,'http://wwwapp.cc.columbia.edu/ldpd/jay/item?mode=item&key=columbia.jay.04332',NULL,'2012-02-07 13:10:55','2012-02-07 13:10:55'),(272,'Edmund Jennings Randolph to John Jay. Philadelphia, November  8, 1794',3,NULL,'http://wwwapp.cc.columbia.edu/ldpd/jay/item?mode=item&key=columbia.jay.04464',NULL,'2012-02-07 13:10:55','2012-02-07 13:10:55'),(273,'Edmund Jennings Randolph to John Jay. Philadelphia, November  8, 1794',3,NULL,'http://wwwapp.cc.columbia.edu/ldpd/jay/item?mode=item&key=columbia.jay.11937',NULL,'2012-02-07 13:10:55','2012-02-07 13:10:55'),(274,'John Kean to John Jay. Philadelphia, November  8, 1794',3,NULL,'http://wwwapp.cc.columbia.edu/ldpd/jay/item?mode=item&key=columbia.jay.08639',NULL,'2012-02-07 13:10:55','2012-02-07 13:10:55'),(275,'Tench Coxe to John Jay. Philadelphia, November  8, 1794',3,NULL,'http://wwwapp.cc.columbia.edu/ldpd/jay/item?mode=item&key=columbia.jay.09823',NULL,'2012-02-07 13:10:55','2012-02-07 13:10:55'),(276,'William Grenville to John Jay. London, November 10, 1794',3,NULL,'http://wwwapp.cc.columbia.edu/ldpd/jay/item?mode=item&key=columbia.jay.08537',NULL,'2012-02-07 13:10:55','2012-02-07 13:10:55'),(277,'William Grenville to John Jay. London, November 10, 1794',3,NULL,'http://wwwapp.cc.columbia.edu/ldpd/jay/item?mode=item&key=columbia.jay.08538',NULL,'2012-02-07 13:10:55','2012-02-07 13:10:55'),(278,'Sarah Livingston Jay to John Jay. New York, November 11, 1794',3,NULL,'http://wwwapp.cc.columbia.edu/ldpd/jay/item?mode=item&key=columbia.jay.06563',NULL,'2012-02-07 13:10:55','2012-02-07 13:10:55'),(279,'Edmund Jennings Randolph to John Jay. Philadelphia, November 12, 1794',3,NULL,'http://wwwapp.cc.columbia.edu/ldpd/jay/item?mode=item&key=columbia.jay.00618',NULL,'2012-02-07 13:10:55','2012-02-07 13:10:55'),(280,'Sarah Livingston Jay to John Jay. New York, November 12, 1794',3,NULL,'http://wwwapp.cc.columbia.edu/ldpd/jay/item?mode=item&key=columbia.jay.06564',NULL,'2012-02-07 13:10:55','2012-02-07 13:10:55'),(281,'John Quincy Adams to John Jay. The Hague, November 14, 1794',3,NULL,'http://wwwapp.cc.columbia.edu/ldpd/jay/item?mode=item&key=columbia.jay.00047',NULL,'2012-02-07 13:10:55','2012-02-07 13:10:55'),(282,'William Grenville to John Jay. London, November 14, 1794',3,NULL,'http://wwwapp.cc.columbia.edu/ldpd/jay/item?mode=item&key=columbia.jay.08540',NULL,'2012-02-07 13:10:55','2012-02-07 13:10:55'),(283,'John Quincy Adams to John Jay. The Hague, November 16, 1794',3,NULL,'http://wwwapp.cc.columbia.edu/ldpd/jay/item?mode=item&key=columbia.jay.09689',NULL,'2012-02-07 13:10:55','2012-02-07 13:10:55'),(284,'Peter Jay Munro to John Jay. New York, November 18, 1794',3,NULL,'http://wwwapp.cc.columbia.edu/ldpd/jay/item?mode=item&key=columbia.jay.00433',NULL,'2012-02-07 13:10:55','2012-02-07 13:10:55'),(285,'Sarah Livingston Jay to John Jay. New York, November 18, 1794',3,NULL,'http://wwwapp.cc.columbia.edu/ldpd/jay/item?mode=item&key=columbia.jay.06565',NULL,'2012-02-07 13:10:55','2012-02-07 13:10:55'),(286,'James Monroe to John Jay. Paris, November 19, 1794',3,NULL,'http://wwwapp.cc.columbia.edu/ldpd/jay/item?mode=item&key=columbia.jay.13602',NULL,'2012-02-07 13:10:55','2012-02-07 13:10:55'),(287,'Peter Jay Munro to John Jay. New York, November 19, 1794',3,NULL,'http://wwwapp.cc.columbia.edu/ldpd/jay/item?mode=item&key=columbia.jay.00434',NULL,'2012-02-07 13:10:55','2012-02-07 13:10:55'),(288,'Peter Jay Munro to John Jay. New York, November 19, 1794',3,NULL,'http://wwwapp.cc.columbia.edu/ldpd/jay/item?mode=item&key=columbia.jay.09372',NULL,'2012-02-07 13:10:55','2012-02-07 13:10:55'),(289,'William Grenville to John Jay. London, November 19, 1794',3,NULL,'http://wwwapp.cc.columbia.edu/ldpd/jay/item?mode=item&key=columbia.jay.00045',NULL,'2012-02-07 13:10:55','2012-02-07 13:10:55'),(290,'William Grenville to John Jay. London, November 19, 1794',3,NULL,'http://wwwapp.cc.columbia.edu/ldpd/jay/item?mode=item&key=columbia.jay.04340',NULL,'2012-02-07 13:10:55','2012-02-07 13:10:55'),(291,'Liancour to John Jay. London, September 16, 1794',3,NULL,'http://wwwapp.cc.columbia.edu/ldpd/jay/item?mode=item&key=columbia.jay.06781',NULL,'2012-02-07 13:10:55','2012-02-07 13:10:55'),(292,'John de Neufville & Son to John Jay. ?, November 13, 1794',3,NULL,'http://wwwapp.cc.columbia.edu/ldpd/jay/item?mode=item&key=columbia.jay.12565',NULL,'2012-02-07 13:10:55','2012-02-07 13:10:55'),(293,'John Stagg to Henry Knox. Philadelphia, May 17, 1794',3,NULL,'http://wwwapp.cc.columbia.edu/ldpd/jay/image?key=columbia.jay.00888',NULL,'2012-02-07 13:10:55','2012-02-07 13:10:55'),(294,'Alexander Campbell to John Hamilton. Richmond, April 10, 1794',3,NULL,'http://wwwapp.cc.columbia.edu/ldpd/jay/image?key=columbia.jay.00888&p=296',NULL,'2012-02-07 13:10:55','2012-02-07 13:10:55'),(295,'Robert Taylor to Sir Charles Henry Knowles. Norfolk, April 14, 1794',3,NULL,'http://wwwapp.cc.columbia.edu/ldpd/jay/image?key=columbia.jay.00888&p=299',NULL,'2012-02-07 13:10:55','2012-02-07 13:10:55'),(296,'George Hammond to Edmund Jennings Randolph. Philadelphia, April 11, 1794',3,NULL,'http://wwwapp.cc.columbia.edu/ldpd/jay/image?key=columbia.jay.00888&p=365',NULL,'2012-02-07 13:10:55','2012-02-07 13:10:55'),(297,'Edmund Jennings Randolph to Thomas Fitzsimmons. Philadelphia, June 30, 1794',3,NULL,'http://wwwapp.cc.columbia.edu/ldpd/jay/image?key=columbia.jay.00888&p=390',NULL,'2012-02-07 13:10:55','2012-02-07 13:10:55'),(298,'Nathaniel Cabot Higginson to Edmund Jennings Randolph. Bridgetown, June 12, 1794',3,NULL,'http://wwwapp.cc.columbia.edu/ldpd/jay/image?key=columbia.jay.00888&p=487',NULL,'2012-02-07 13:10:55','2012-02-07 13:10:55');
/*!40000 ALTER TABLE `citations` ENABLE KEYS */;
UNLOCK TABLES;

--
-- Table structure for table `continents`
--

DROP TABLE IF EXISTS `continents`;
/*!40101 SET @saved_cs_client     = @@character_set_client */;
/*!40101 SET character_set_client = utf8 */;
CREATE TABLE `continents` (
  `id` int(11) NOT NULL AUTO_INCREMENT,
  `name` varchar(255) DEFAULT NULL,
  `created_at` datetime DEFAULT NULL,
  `updated_at` datetime DEFAULT NULL,
  PRIMARY KEY (`id`)
) ENGINE=InnoDB AUTO_INCREMENT=930672605 DEFAULT CHARSET=latin1;
/*!40101 SET character_set_client = @saved_cs_client */;

--
-- Dumping data for table `continents`
--

LOCK TABLES `continents` WRITE;
/*!40000 ALTER TABLE `continents` DISABLE KEYS */;
INSERT INTO `continents` VALUES (74295373,'North America','2009-03-13 14:03:25','2009-03-13 14:03:25'),(432531999,'Africa','2009-03-13 14:03:25','2009-03-13 14:03:25'),(619340803,'South America','2009-03-13 14:03:25','2009-03-13 14:03:25'),(655351082,'Asia','2009-03-13 14:03:25','2009-03-13 14:03:25'),(930672604,'Europe','2009-03-13 14:03:25','2009-03-13 14:03:25');
/*!40000 ALTER TABLE `continents` ENABLE KEYS */;
UNLOCK TABLES;

--
-- Table structure for table `coordinate_systems`
--

DROP TABLE IF EXISTS `coordinate_systems`;
/*!40101 SET @saved_cs_client     = @@character_set_client */;
/*!40101 SET character_set_client = utf8 */;
CREATE TABLE `coordinate_systems` (
  `id` int(11) NOT NULL AUTO_INCREMENT,
  `short_name` varchar(50) DEFAULT NULL,
  `long_name` varchar(255) DEFAULT NULL,
  `notes` text,
  `created_at` datetime DEFAULT NULL,
  `updated_at` datetime DEFAULT NULL,
  `reference` varchar(255) DEFAULT NULL,
  PRIMARY KEY (`id`)
) ENGINE=InnoDB AUTO_INCREMENT=2 DEFAULT CHARSET=latin1;
/*!40101 SET character_set_client = @saved_cs_client */;

--
-- Dumping data for table `coordinate_systems`
--

LOCK TABLES `coordinate_systems` WRITE;
/*!40000 ALTER TABLE `coordinate_systems` DISABLE KEYS */;
INSERT INTO `coordinate_systems` VALUES (1,'WGS 84',NULL,NULL,NULL,NULL,NULL);
/*!40000 ALTER TABLE `coordinate_systems` ENABLE KEYS */;
UNLOCK TABLES;

--
-- Table structure for table `django_admin_log`
--

DROP TABLE IF EXISTS `django_admin_log`;
/*!40101 SET @saved_cs_client     = @@character_set_client */;
/*!40101 SET character_set_client = utf8 */;
CREATE TABLE `django_admin_log` (
  `id` int(11) NOT NULL AUTO_INCREMENT,
  `action_time` datetime NOT NULL,
  `user_id` int(11) NOT NULL,
  `content_type_id` int(11) DEFAULT NULL,
  `object_id` longtext,
  `object_repr` varchar(200) NOT NULL,
  `action_flag` smallint(5) unsigned NOT NULL,
  `change_message` longtext NOT NULL,
  PRIMARY KEY (`id`),
  KEY `django_admin_log_fbfc09f1` (`user_id`),
  KEY `django_admin_log_e4470c6e` (`content_type_id`)
) ENGINE=InnoDB AUTO_INCREMENT=104 DEFAULT CHARSET=latin1;
/*!40101 SET character_set_client = @saved_cs_client */;

--
-- Dumping data for table `django_admin_log`
--

LOCK TABLES `django_admin_log` WRITE;
/*!40000 ALTER TABLE `django_admin_log` DISABLE KEYS */;
INSERT INTO `django_admin_log` VALUES (1,'2012-10-02 21:02:46',1,3,'1','jabauer',2,'Changed password, first_name and last_name.'),(2,'2012-10-07 00:40:44',1,42,'654','Nathaniel Falconer',2,'Changed sort_name.'),(3,'2012-10-07 00:40:59',1,42,'653','J. Yeates',2,'Changed sort_name.'),(4,'2012-10-09 20:20:44',1,46,'12','Charge d\'Affaires a.i.',2,'Changed name.'),(5,'2012-10-30 21:09:33',1,42,'652','William Bradford',2,'Changed sort_name.'),(6,'2012-10-30 21:09:42',1,42,'651','James Ross',2,'Changed sort_name.'),(7,'2012-10-30 21:09:52',1,42,'650','John Stagg',2,'Changed sort_name.'),(8,'2012-10-30 21:35:54',1,60,'18','United States Attorney',2,'No fields changed.'),(9,'2012-10-30 21:52:51',1,42,'654','Nathaniel Falconer',2,'No fields changed.'),(10,'2012-11-01 20:16:24',1,6,'1','localhost:8000',2,'Changed domain and name.'),(11,'2012-11-01 21:24:51',1,42,'649','Henry Knox',2,'Changed sort_name.'),(12,'2012-11-01 21:27:20',1,42,'648','Liancour',2,'Changed sort_name.'),(13,'2012-11-01 21:27:35',1,42,'647','John Kean',2,'Changed sort_name.'),(14,'2012-11-01 21:27:47',1,42,'646','Lanberdiere',2,'Changed sort_name.'),(15,'2012-11-01 21:28:17',1,42,'645','John Drayton',2,'Changed sort_name and sex.'),(16,'2012-11-01 21:28:54',1,42,'648','Liancour',2,'Changed sex.'),(17,'2012-11-01 21:28:58',1,42,'647','John Kean',2,'Changed sex.'),(18,'2012-11-01 21:29:25',1,42,'644','Chevalier Du Jay',2,'Changed sort_name and sex.'),(19,'2012-11-01 21:29:39',1,42,'643','Rodolf Vall-Travers',2,'Changed sort_name and sex.'),(20,'2012-11-01 21:30:01',1,42,'642','Sir Clement Cottrell Dormer',2,'Changed sort_name and sex.'),(21,'2012-11-01 21:30:11',1,42,'641','John Sloss Hobart',2,'Changed sort_name and sex.'),(22,'2012-11-01 21:37:29',1,42,'640','Alexander Wedderburn, Baron Loughborough',2,'Changed sort_name.'),(23,'2012-11-01 21:38:31',1,42,'649','Henry Knox',2,'Changed sort_name.'),(24,'2012-11-01 21:38:37',1,42,'649','Henry Knox',2,'Changed sort_name.'),(25,'2012-11-01 21:39:24',1,42,'639','Hyacinthe Gabrielle Roland, Lady Mornington',2,'Changed sort_name and sex.'),(26,'2012-11-01 21:40:04',1,42,'638','Richard Colley Wesley, Lord Mornington',2,'Changed sort_name and sex.'),(27,'2012-11-01 21:40:23',1,42,'637','Sir Robert Herries',2,'Changed sort_name and sex.'),(28,'2012-11-01 21:40:45',1,42,'636','La Rouchefoucauld',2,'Changed sort_name.'),(29,'2012-11-01 21:49:10',1,60,'19','Secretary of State for War',1,''),(30,'2012-11-01 21:50:18',1,42,'635','Henry Dundas, Viscount Melville',2,'Changed sort_name, sex, birth_date, birth_year_known, birth_month_known, birth_day_known, death_date, death_year_known, death_month_known, death_day_known and state. Added occupation \"Henry Dundas, Viscount Melville, lawyer\". Added occupation \"Henry Dundas, Viscount Melville, Secretary of State for War\".'),(31,'2012-11-01 21:50:34',1,42,'634','Lady Payne',2,'Changed sort_name and sex.'),(32,'2012-11-01 21:51:04',1,42,'633','William Scott, Baron Stowell',2,'Changed sort_name and sex.'),(33,'2012-11-01 21:51:33',1,42,'632','Mathew Clarkson',2,'Changed sort_name and sex.'),(34,'2012-11-01 21:55:45',1,42,'631','William Temple Franklin',2,'Changed sort_name, sex, birth_date, birth_year_known, birth_month_known, birth_day_known, death_date, death_year_known, death_month_known and death_day_known.'),(35,'2012-11-01 22:03:01',1,42,'631','William Temple Franklin',2,'Changed notes.'),(36,'2012-11-01 22:03:12',1,42,'630','Mrs. Chalmers',2,'Changed sort_name and sex.'),(37,'2012-11-03 18:58:40',1,42,'629','Harvey Reuben',2,'Changed sort_name and sex.'),(38,'2012-11-03 18:59:53',1,42,'628','William Petty, Marquis of Lansdowne',2,'Changed sort_name and sex.'),(39,'2012-11-03 19:00:07',1,42,'627','Lindley Murray',2,'Changed sort_name.'),(40,'2012-11-03 19:00:23',1,42,'626','Sarah Vaughan',2,'Changed sort_name and sex.'),(41,'2012-11-03 19:00:37',1,42,'625','Edward Gardiner',2,'Changed sort_name and sex.'),(42,'2012-11-03 19:01:07',1,42,'624','W. Jackson',2,'Changed sort_name.'),(43,'2012-11-03 19:01:20',1,42,'623','Sir John Sinclair',2,'Changed sort_name and sex.'),(44,'2012-11-03 19:01:41',1,42,'622','Richard Henry Lee',2,'Changed sort_name and sex.'),(45,'2012-11-03 19:01:55',1,42,'621','Henry Waddell',2,'Changed sort_name.'),(46,'2012-11-03 19:02:10',1,42,'620','Thomas Coombe',2,'Changed sort_name and sex.'),(47,'2012-11-03 19:02:20',1,42,'619','Dell\'Acqua',2,'Changed sort_name.'),(48,'2012-11-03 19:02:44',1,42,'618','Mary Ann Lowden',2,'Changed sort_name and sex.'),(49,'2012-11-03 19:02:54',1,42,'617','Lally-Colendal',2,'Changed sort_name.'),(50,'2012-11-03 19:03:15',1,42,'616','William Augustus Miles',2,'Changed sort_name and sex.'),(51,'2012-11-03 19:03:29',1,42,'615','Del Campo',2,'Changed sort_name.'),(52,'2012-11-03 19:03:49',1,42,'614','Prince de Poix',2,'Changed sort_name and sex.'),(53,'2012-11-03 19:04:04',1,42,'613','Jacob Read',2,'Changed sort_name and sex.'),(54,'2012-11-03 19:04:13',1,42,'612','Mr. Braithwaite',2,'Changed sort_name and sex.'),(55,'2012-11-03 19:04:27',1,42,'611','William Grenville',2,'Changed sort_name and sex.'),(56,'2012-11-03 19:04:44',1,42,'609','Peter Jay Munro',2,'Changed sort_name and sex.'),(57,'2012-11-03 19:05:01',1,42,'608','Maria Jay',2,'Changed sort_name and sex.'),(58,'2012-11-03 19:05:21',1,42,'607','Tench Coxe',2,'Changed sort_name and sex.'),(59,'2012-11-03 23:34:56',1,42,'606','Alexander Hamilton',2,'Changed sort_name and sex.'),(60,'2012-11-03 23:44:16',1,68,'88','New Jersey',1,''),(61,'2012-11-03 23:44:24',1,42,'605','Sarah Livingston Jay',2,'Changed sort_name, sex, birth_date, birth_year_known, birth_month_known, birth_day_known, death_date, death_year_known, death_month_known, death_day_known and state.'),(62,'2012-11-03 23:47:27',1,60,'20','Secretary of the Treasury',1,''),(63,'2012-11-03 23:47:32',1,42,'606','Alexander Hamilton',2,'Changed birth_date, birth_year_known, birth_month_known, birth_day_known, death_date, death_year_known, death_month_known, death_day_known, state and notes. Added occupation \"Alexander Hamilton, lawyer\". Added occupation \"Alexander Hamilton, Army Officer\". Added occupation \"Alexander Hamilton, Secretary of the Treasury\".'),(64,'2012-11-04 00:03:01',1,42,'604','R. Bowen',2,'Changed sort_name.'),(65,'2012-11-04 00:03:15',1,42,'603','William Bayard',2,'Changed sort_name.'),(66,'2012-11-04 00:03:34',1,42,'602','John Anstey',2,'Changed sort_name.'),(67,'2012-11-04 00:03:48',1,42,'601','Arthur Fenner',2,'Changed sort_name.'),(68,'2012-11-04 00:04:00',1,42,'600','Vaughan',2,'Changed sort_name.'),(69,'2012-11-04 00:04:22',1,42,'598','Sir Charles Henry Knowles',2,'Changed sort_name.'),(70,'2012-11-04 00:04:38',1,42,'597','John Hamilton',2,'Changed sort_name.'),(71,'2012-11-04 00:05:02',1,42,'610','Sir Edward Newenham',2,'Changed sort_name and sex.'),(72,'2012-11-04 00:05:21',1,42,'599','Thomas Mathews',2,'Changed sort_name.'),(73,'2012-11-04 00:05:48',1,42,'596','William Moultrie',2,'Changed sort_name.'),(74,'2012-11-04 00:06:00',1,42,'595','Robert Taylor',2,'Changed sort_name.'),(75,'2012-11-04 00:06:19',1,42,'594','John C. Wederstrandt',2,'Changed sort_name.'),(76,'2012-11-04 00:06:31',1,42,'593','Alexander Campbell',2,'Changed sort_name.'),(77,'2012-11-04 00:06:43',1,42,'592','Zebulon Hollingsworth',2,'Changed sort_name.'),(78,'2012-11-04 00:06:53',1,42,'591','Coxe',2,'Changed sort_name.'),(79,'2012-11-04 00:07:02',1,42,'590','Collins',2,'Changed sort_name.'),(80,'2012-11-04 00:07:12',1,42,'589','Knox',2,'Changed sort_name.'),(81,'2012-11-04 00:08:32',1,42,'588','Anthony Wayne',2,'Changed sort_name, birth_date, birth_year_known, birth_month_known, birth_day_known, death_date, death_year_known, death_month_known and death_day_known. Added occupation \"Anthony Wayne, Army Officer\".'),(82,'2012-11-04 00:08:46',1,42,'587','William Rawle',2,'Changed sort_name.'),(83,'2012-11-04 00:09:02',1,42,'586','S. Girard',2,'Changed sort_name.'),(84,'2012-11-04 00:09:24',1,42,'585','Jean Antoine Joseph Fauchet',2,'Changed sort_name.'),(85,'2012-11-04 00:09:38',1,42,'584','John Prettijohn',2,'Changed sort_name.'),(86,'2012-11-04 00:09:47',1,42,'583','Mr. Little',2,'Changed sort_name and sex.'),(87,'2012-11-04 00:09:56',1,42,'582','R.H. Sheaffe',2,'Changed sort_name.'),(88,'2012-11-04 00:10:20',1,42,'581','Charles Williamson',2,'Changed sort_name and notes.'),(89,'2012-11-04 00:10:39',1,42,'580','Edward Cook',2,'Changed sort_name and sex.'),(90,'2012-11-04 00:10:50',1,42,'579','George Washington',2,'Changed sort_name.'),(91,'2012-11-04 00:11:03',1,42,'577','Thomas Fitzsimmons',2,'Changed sort_name.'),(92,'2012-11-04 00:11:12',1,42,'576','Cochrane',2,'Changed sort_name.'),(93,'2012-11-04 00:11:27',1,42,'575','George Clinton',2,'Changed sort_name and notes.'),(94,'2012-11-04 00:11:40',1,42,'574','David Gelston',2,'Changed sort_name and notes.'),(95,'2012-11-04 00:11:52',1,42,'573','George Hammond',2,'Changed sort_name.'),(96,'2012-11-04 00:12:09',1,42,'572','Edmund Jennings Randolph',2,'Changed sort_name.'),(97,'2012-11-04 00:12:22',1,42,'571','George Murray, Vice Admiral',2,'Changed sort_name.'),(98,'2012-11-04 00:12:34',1,42,'570','Rodney Homes',2,'Changed sort_name.'),(99,'2012-11-04 00:12:48',1,42,'578','John Hollins',2,'Changed sort_name.'),(100,'2012-12-05 00:30:21',1,42,'318','William Smith',2,'Changed notes.'),(101,'2012-12-07 17:46:21',1,64,'290','St. Kitts Island',2,'Deleted in state \"St. Kitts Island in St. Kitts Island\".'),(102,'2012-12-07 17:46:30',1,64,'290','St. Kitts Island',2,'No fields changed.'),(103,'2013-04-19 02:38:17',1,46,'14','Commercial Agent',2,'Changed commissioned and notes.');
/*!40000 ALTER TABLE `django_admin_log` ENABLE KEYS */;
UNLOCK TABLES;

--
-- Table structure for table `django_content_type`
--

DROP TABLE IF EXISTS `django_content_type`;
/*!40101 SET @saved_cs_client     = @@character_set_client */;
/*!40101 SET character_set_client = utf8 */;
CREATE TABLE `django_content_type` (
  `id` int(11) NOT NULL AUTO_INCREMENT,
  `name` varchar(100) NOT NULL,
  `app_label` varchar(100) NOT NULL,
  `model` varchar(100) NOT NULL,
  PRIMARY KEY (`id`),
  UNIQUE KEY `app_label` (`app_label`,`model`)
) ENGINE=InnoDB AUTO_INCREMENT=72 DEFAULT CHARSET=latin1;
/*!40101 SET character_set_client = @saved_cs_client */;

--
-- Dumping data for table `django_content_type`
--

LOCK TABLES `django_content_type` WRITE;
/*!40000 ALTER TABLE `django_content_type` DISABLE KEYS */;
INSERT INTO `django_content_type` VALUES (1,'permission','auth','permission'),(2,'group','auth','group'),(3,'user','auth','user'),(4,'content type','contenttypes','contenttype'),(5,'session','sessions','session'),(6,'site','sites','site'),(7,'log entry','admin','logentry'),(28,'occupations','people','occupations'),(40,'validation','citations','validation'),(41,'empire','places','empire'),(42,'individual','people','individual'),(43,'letter','communication','letter'),(44,'assignment','activities','assignment'),(45,'assignment type','activities','assignmenttype'),(46,'assignment title','activities','assignmenttitle'),(47,'organization type','activities','organizationtype'),(48,'organization','activities','organization'),(49,'org evolution type','activities','orgevolutiontype'),(50,'org evolution','activities','orgevolution'),(51,'role type','activities','roletype'),(52,'role title','activities','roletitle'),(53,'member','activities','member'),(54,'bibliography','citations','bibliography'),(55,'citation','citations','citation'),(56,'enclosure','communication','enclosure'),(57,'residence type','people','residencetype'),(58,'residence','people','residence'),(59,'occupation type','people','occupationtype'),(60,'occupation title','people','occupationtitle'),(61,'relationship type','people','relationshiptype'),(62,'relationship','people','relationship'),(63,'coordinate system','places','coordinatesystem'),(64,'location','places','location'),(65,'region','places','region'),(66,'in region','places','inregion'),(67,'continent','places','continent'),(68,'state','places','state'),(69,'in state','places','instate'),(70,'in empire','places','inempire'),(71,'occupation','people','occupation');
/*!40000 ALTER TABLE `django_content_type` ENABLE KEYS */;
UNLOCK TABLES;

--
-- Table structure for table `django_session`
--

DROP TABLE IF EXISTS `django_session`;
/*!40101 SET @saved_cs_client     = @@character_set_client */;
/*!40101 SET character_set_client = utf8 */;
CREATE TABLE `django_session` (
  `session_key` varchar(40) NOT NULL,
  `session_data` longtext NOT NULL,
  `expire_date` datetime NOT NULL,
  PRIMARY KEY (`session_key`),
  KEY `django_session_c25c2c28` (`expire_date`)
) ENGINE=InnoDB DEFAULT CHARSET=latin1;
/*!40101 SET character_set_client = @saved_cs_client */;

--
-- Dumping data for table `django_session`
--

LOCK TABLES `django_session` WRITE;
/*!40000 ALTER TABLE `django_session` DISABLE KEYS */;
INSERT INTO `django_session` VALUES ('5ac028cf1af2042cd5351e527fc03892','YTEwNDJhODUwOGRkNGI4NjQyYWJiOWRiNWY5ZGQxYjc3MzkxYzQ3NDqAAn1xAS4=\n','2012-10-18 03:47:33'),('c553a32261e4bf69ba14a3764d6b4207','ZDNkMzQ5ZDQyMWNmZGMwNTI3M2U4NzllZjZhZTgyOTFjNTIxYjI1ZjqAAn1xAShVEl9hdXRoX3Vz\nZXJfYmFja2VuZHECVSlkamFuZ28uY29udHJpYi5hdXRoLmJhY2tlbmRzLk1vZGVsQmFja2VuZHED\nVQ1fYXV0aF91c2VyX2lkcQSKAQF1Lg==\n','2012-10-23 17:19:38'),('25c7a816cb3c1c73e9c2690450ed56c8','YTEwNDJhODUwOGRkNGI4NjQyYWJiOWRiNWY5ZGQxYjc3MzkxYzQ3NDqAAn1xAS4=\n','2012-11-26 22:26:44'),('8731749ce5aeb6dd928b1a276ba81a24','YTEwNDJhODUwOGRkNGI4NjQyYWJiOWRiNWY5ZGQxYjc3MzkxYzQ3NDqAAn1xAS4=\n','2012-12-21 18:15:08'),('dd336e06f20bb757499cb81fc4a68e9e','YTEwNDJhODUwOGRkNGI4NjQyYWJiOWRiNWY5ZGQxYjc3MzkxYzQ3NDqAAn1xAS4=\n','2013-01-17 17:26:30'),('073f163c954fbcede38720be4d1f165f','YjZjYzk3NTIzNjc2MTllOGRkYjg2OWZiYjFkN2U3NTU2Njk1ODQ2NzqAAn1xAVUKdGVzdGNvb2tp\nZXECVQZ3b3JrZWRxA3Mu\n','2013-03-14 10:31:40'),('f9a1da3b1f902e26409fe9363aea45ef','YjZjYzk3NTIzNjc2MTllOGRkYjg2OWZiYjFkN2U3NTU2Njk1ODQ2NzqAAn1xAVUKdGVzdGNvb2tp\nZXECVQZ3b3JrZWRxA3Mu\n','2013-03-15 08:38:57'),('9f3b7d91f53b109e3e143c68b7b26b40','YTEwNDJhODUwOGRkNGI4NjQyYWJiOWRiNWY5ZGQxYjc3MzkxYzQ3NDqAAn1xAS4=\n','2013-02-23 23:00:14'),('1e33a8140402e916fd549311cb872913','YjZjYzk3NTIzNjc2MTllOGRkYjg2OWZiYjFkN2U3NTU2Njk1ODQ2NzqAAn1xAVUKdGVzdGNvb2tp\nZXECVQZ3b3JrZWRxA3Mu\n','2013-03-14 09:58:15'),('3835766c0d9d5bd6a98209e57d76da0f','YjZjYzk3NTIzNjc2MTllOGRkYjg2OWZiYjFkN2U3NTU2Njk1ODQ2NzqAAn1xAVUKdGVzdGNvb2tp\nZXECVQZ3b3JrZWRxA3Mu\n','2013-03-16 00:52:50'),('5a18317e4a75ad4cdbc73700c5592c6b','YjZjYzk3NTIzNjc2MTllOGRkYjg2OWZiYjFkN2U3NTU2Njk1ODQ2NzqAAn1xAVUKdGVzdGNvb2tp\nZXECVQZ3b3JrZWRxA3Mu\n','2013-03-16 04:56:48'),('72920308fc7ea4d50fe39efe1238d77f','YjZjYzk3NTIzNjc2MTllOGRkYjg2OWZiYjFkN2U3NTU2Njk1ODQ2NzqAAn1xAVUKdGVzdGNvb2tp\nZXECVQZ3b3JrZWRxA3Mu\n','2013-03-16 11:44:18'),('b41bf6cd4c1a92b918e2dd580e127856','YjZjYzk3NTIzNjc2MTllOGRkYjg2OWZiYjFkN2U3NTU2Njk1ODQ2NzqAAn1xAVUKdGVzdGNvb2tp\nZXECVQZ3b3JrZWRxA3Mu\n','2013-03-17 01:52:38'),('c67a9f8c42a40af76cb3eac43017585a','YjZjYzk3NTIzNjc2MTllOGRkYjg2OWZiYjFkN2U3NTU2Njk1ODQ2NzqAAn1xAVUKdGVzdGNvb2tp\nZXECVQZ3b3JrZWRxA3Mu\n','2013-03-17 10:43:50'),('3a4d9f855aff288be28e91e7c1e50805','YjZjYzk3NTIzNjc2MTllOGRkYjg2OWZiYjFkN2U3NTU2Njk1ODQ2NzqAAn1xAVUKdGVzdGNvb2tp\nZXECVQZ3b3JrZWRxA3Mu\n','2013-03-17 20:40:41'),('409205c331fec707c6e546dade3beea2','YjZjYzk3NTIzNjc2MTllOGRkYjg2OWZiYjFkN2U3NTU2Njk1ODQ2NzqAAn1xAVUKdGVzdGNvb2tp\nZXECVQZ3b3JrZWRxA3Mu\n','2013-03-18 06:09:35'),('10f19387ac7c92f9a52be113066fa128','YTEwNDJhODUwOGRkNGI4NjQyYWJiOWRiNWY5ZGQxYjc3MzkxYzQ3NDqAAn1xAS4=\n','2013-03-18 03:24:31'),('595201b92397df05c05b4dc2ad075203','YjZjYzk3NTIzNjc2MTllOGRkYjg2OWZiYjFkN2U3NTU2Njk1ODQ2NzqAAn1xAVUKdGVzdGNvb2tp\nZXECVQZ3b3JrZWRxA3Mu\n','2013-03-18 03:43:16'),('19598b0d2e89a31a6ebacb9d1869b3cb','YjZjYzk3NTIzNjc2MTllOGRkYjg2OWZiYjFkN2U3NTU2Njk1ODQ2NzqAAn1xAVUKdGVzdGNvb2tp\nZXECVQZ3b3JrZWRxA3Mu\n','2013-03-19 04:34:15'),('0c68eb2e7e89167d53578d79e476116b','YjZjYzk3NTIzNjc2MTllOGRkYjg2OWZiYjFkN2U3NTU2Njk1ODQ2NzqAAn1xAVUKdGVzdGNvb2tp\nZXECVQZ3b3JrZWRxA3Mu\n','2013-03-19 23:49:10'),('d32f340397b48d9a598dc8b6b2ca9b47','YjZjYzk3NTIzNjc2MTllOGRkYjg2OWZiYjFkN2U3NTU2Njk1ODQ2NzqAAn1xAVUKdGVzdGNvb2tp\nZXECVQZ3b3JrZWRxA3Mu\n','2013-03-20 00:11:45'),('f85148f06456cd6fd9fb0b7866146118','YjZjYzk3NTIzNjc2MTllOGRkYjg2OWZiYjFkN2U3NTU2Njk1ODQ2NzqAAn1xAVUKdGVzdGNvb2tp\nZXECVQZ3b3JrZWRxA3Mu\n','2013-03-20 04:15:18'),('fbe52bd2ec64aaed3227ba25851c4442','YjZjYzk3NTIzNjc2MTllOGRkYjg2OWZiYjFkN2U3NTU2Njk1ODQ2NzqAAn1xAVUKdGVzdGNvb2tp\nZXECVQZ3b3JrZWRxA3Mu\n','2013-03-20 06:02:57'),('f69521d42fc66e69d0cc415f1ea29eb9','YjZjYzk3NTIzNjc2MTllOGRkYjg2OWZiYjFkN2U3NTU2Njk1ODQ2NzqAAn1xAVUKdGVzdGNvb2tp\nZXECVQZ3b3JrZWRxA3Mu\n','2013-03-20 08:24:03'),('cf62058b69fad8f9fa60171df1eb77d9','YjZjYzk3NTIzNjc2MTllOGRkYjg2OWZiYjFkN2U3NTU2Njk1ODQ2NzqAAn1xAVUKdGVzdGNvb2tp\nZXECVQZ3b3JrZWRxA3Mu\n','2013-03-20 21:16:44'),('5a2e6126fdfb6e56ff5f24434109afd3','YjZjYzk3NTIzNjc2MTllOGRkYjg2OWZiYjFkN2U3NTU2Njk1ODQ2NzqAAn1xAVUKdGVzdGNvb2tp\nZXECVQZ3b3JrZWRxA3Mu\n','2013-03-21 10:34:53'),('298aa226d2a52bdd4d9f5376f7fad905','YjZjYzk3NTIzNjc2MTllOGRkYjg2OWZiYjFkN2U3NTU2Njk1ODQ2NzqAAn1xAVUKdGVzdGNvb2tp\nZXECVQZ3b3JrZWRxA3Mu\n','2013-03-21 15:25:29'),('c476a3bfdf9e5a1d5b71a2c19396a6df','YjZjYzk3NTIzNjc2MTllOGRkYjg2OWZiYjFkN2U3NTU2Njk1ODQ2NzqAAn1xAVUKdGVzdGNvb2tp\nZXECVQZ3b3JrZWRxA3Mu\n','2013-03-24 14:00:31'),('9c5ac34d500e345db9115a25479f5096','YjZjYzk3NTIzNjc2MTllOGRkYjg2OWZiYjFkN2U3NTU2Njk1ODQ2NzqAAn1xAVUKdGVzdGNvb2tp\nZXECVQZ3b3JrZWRxA3Mu\n','2013-03-25 22:05:57'),('39df4aff973d56eac2e9b795758a9633','YjZjYzk3NTIzNjc2MTllOGRkYjg2OWZiYjFkN2U3NTU2Njk1ODQ2NzqAAn1xAVUKdGVzdGNvb2tp\nZXECVQZ3b3JrZWRxA3Mu\n','2013-03-27 13:22:31'),('3513733084ce9a0ee07a073de976c1fc','YjZjYzk3NTIzNjc2MTllOGRkYjg2OWZiYjFkN2U3NTU2Njk1ODQ2NzqAAn1xAVUKdGVzdGNvb2tp\nZXECVQZ3b3JrZWRxA3Mu\n','2013-03-28 09:07:15'),('d3d5b987150e86edf1cad817247918b1','YjZjYzk3NTIzNjc2MTllOGRkYjg2OWZiYjFkN2U3NTU2Njk1ODQ2NzqAAn1xAVUKdGVzdGNvb2tp\nZXECVQZ3b3JrZWRxA3Mu\n','2013-03-28 11:31:23'),('ffa505d9ae44f18399fc83b3abbdf176','YjZjYzk3NTIzNjc2MTllOGRkYjg2OWZiYjFkN2U3NTU2Njk1ODQ2NzqAAn1xAVUKdGVzdGNvb2tp\nZXECVQZ3b3JrZWRxA3Mu\n','2013-03-31 00:45:22'),('bc1925de3d50b64b63442870a90e0435','YjZjYzk3NTIzNjc2MTllOGRkYjg2OWZiYjFkN2U3NTU2Njk1ODQ2NzqAAn1xAVUKdGVzdGNvb2tp\nZXECVQZ3b3JrZWRxA3Mu\n','2013-04-01 06:58:15'),('71c6686f01be83b4d5b845bbdcf5c58a','YjZjYzk3NTIzNjc2MTllOGRkYjg2OWZiYjFkN2U3NTU2Njk1ODQ2NzqAAn1xAVUKdGVzdGNvb2tp\nZXECVQZ3b3JrZWRxA3Mu\n','2013-04-02 23:48:16'),('f13d3671d97bbb0db0896c95bb664ac9','YjZjYzk3NTIzNjc2MTllOGRkYjg2OWZiYjFkN2U3NTU2Njk1ODQ2NzqAAn1xAVUKdGVzdGNvb2tp\nZXECVQZ3b3JrZWRxA3Mu\n','2013-04-04 10:16:16'),('aca7001892e9a105166b03da2c4e182b','YjZjYzk3NTIzNjc2MTllOGRkYjg2OWZiYjFkN2U3NTU2Njk1ODQ2NzqAAn1xAVUKdGVzdGNvb2tp\nZXECVQZ3b3JrZWRxA3Mu\n','2013-04-05 05:06:07'),('5dc9765c25661a23b3f4abd89bd5d0cd','YjZjYzk3NTIzNjc2MTllOGRkYjg2OWZiYjFkN2U3NTU2Njk1ODQ2NzqAAn1xAVUKdGVzdGNvb2tp\nZXECVQZ3b3JrZWRxA3Mu\n','2013-04-06 14:39:37'),('87269e73b8691203d8e560d94c2f3ebf','YjZjYzk3NTIzNjc2MTllOGRkYjg2OWZiYjFkN2U3NTU2Njk1ODQ2NzqAAn1xAVUKdGVzdGNvb2tp\nZXECVQZ3b3JrZWRxA3Mu\n','2013-04-07 00:51:01'),('cce2e1b7015f6178f3e905f72c1b3730','YjZjYzk3NTIzNjc2MTllOGRkYjg2OWZiYjFkN2U3NTU2Njk1ODQ2NzqAAn1xAVUKdGVzdGNvb2tp\nZXECVQZ3b3JrZWRxA3Mu\n','2013-04-07 02:34:46'),('9cb67d6d66db30b0525ae31fdf1e6187','YjZjYzk3NTIzNjc2MTllOGRkYjg2OWZiYjFkN2U3NTU2Njk1ODQ2NzqAAn1xAVUKdGVzdGNvb2tp\nZXECVQZ3b3JrZWRxA3Mu\n','2013-04-07 15:39:22'),('7492e7c7cc45751dbed4a737d70de2ac','YjZjYzk3NTIzNjc2MTllOGRkYjg2OWZiYjFkN2U3NTU2Njk1ODQ2NzqAAn1xAVUKdGVzdGNvb2tp\nZXECVQZ3b3JrZWRxA3Mu\n','2013-04-07 23:06:59'),('55689b98cbbad78ebe8c862c65de8a4f','YjZjYzk3NTIzNjc2MTllOGRkYjg2OWZiYjFkN2U3NTU2Njk1ODQ2NzqAAn1xAVUKdGVzdGNvb2tp\nZXECVQZ3b3JrZWRxA3Mu\n','2013-04-08 06:18:29'),('436e56e3fb8ece0d271c482a783f5e14','YjZjYzk3NTIzNjc2MTllOGRkYjg2OWZiYjFkN2U3NTU2Njk1ODQ2NzqAAn1xAVUKdGVzdGNvb2tp\nZXECVQZ3b3JrZWRxA3Mu\n','2013-04-09 22:51:04'),('e487373fbe0a863c6dba77b73da1bf35','YjZjYzk3NTIzNjc2MTllOGRkYjg2OWZiYjFkN2U3NTU2Njk1ODQ2NzqAAn1xAVUKdGVzdGNvb2tp\nZXECVQZ3b3JrZWRxA3Mu\n','2013-04-10 04:31:04'),('3682e87577545afa854e8365c70f1fff','YjZjYzk3NTIzNjc2MTllOGRkYjg2OWZiYjFkN2U3NTU2Njk1ODQ2NzqAAn1xAVUKdGVzdGNvb2tp\nZXECVQZ3b3JrZWRxA3Mu\n','2013-04-11 10:28:18'),('dfc94c6622a371348695a2d1351b8d95','YjZjYzk3NTIzNjc2MTllOGRkYjg2OWZiYjFkN2U3NTU2Njk1ODQ2NzqAAn1xAVUKdGVzdGNvb2tp\nZXECVQZ3b3JrZWRxA3Mu\n','2013-04-12 20:45:34'),('81938fa97062f3ef9e97daf01973d38e','YjZjYzk3NTIzNjc2MTllOGRkYjg2OWZiYjFkN2U3NTU2Njk1ODQ2NzqAAn1xAVUKdGVzdGNvb2tp\nZXECVQZ3b3JrZWRxA3Mu\n','2013-04-13 12:36:36'),('112f9e8d48691b4fb6a7e7ddaebfd0b1','YjZjYzk3NTIzNjc2MTllOGRkYjg2OWZiYjFkN2U3NTU2Njk1ODQ2NzqAAn1xAVUKdGVzdGNvb2tp\nZXECVQZ3b3JrZWRxA3Mu\n','2013-04-15 01:36:33'),('24e46009c71c062f4e89391aa51bde84','YjZjYzk3NTIzNjc2MTllOGRkYjg2OWZiYjFkN2U3NTU2Njk1ODQ2NzqAAn1xAVUKdGVzdGNvb2tp\nZXECVQZ3b3JrZWRxA3Mu\n','2013-04-16 23:05:31'),('8b313979ec01c40cf86223986396e557','YjZjYzk3NTIzNjc2MTllOGRkYjg2OWZiYjFkN2U3NTU2Njk1ODQ2NzqAAn1xAVUKdGVzdGNvb2tp\nZXECVQZ3b3JrZWRxA3Mu\n','2013-04-18 03:39:40'),('768cfb40a06d04123a8336cea1608e10','YjZjYzk3NTIzNjc2MTllOGRkYjg2OWZiYjFkN2U3NTU2Njk1ODQ2NzqAAn1xAVUKdGVzdGNvb2tp\nZXECVQZ3b3JrZWRxA3Mu\n','2013-04-18 09:01:22'),('12b8ed0188b916b8f1caa03432b7a5f1','YjZjYzk3NTIzNjc2MTllOGRkYjg2OWZiYjFkN2U3NTU2Njk1ODQ2NzqAAn1xAVUKdGVzdGNvb2tp\nZXECVQZ3b3JrZWRxA3Mu\n','2013-04-18 22:59:18'),('737fd8545979c0d6556bb1cd6b4d525a','YjZjYzk3NTIzNjc2MTllOGRkYjg2OWZiYjFkN2U3NTU2Njk1ODQ2NzqAAn1xAVUKdGVzdGNvb2tp\nZXECVQZ3b3JrZWRxA3Mu\n','2013-04-20 00:22:30'),('44d2f09c0025038d0cf4b8b0b3b1c646','YjZjYzk3NTIzNjc2MTllOGRkYjg2OWZiYjFkN2U3NTU2Njk1ODQ2NzqAAn1xAVUKdGVzdGNvb2tp\nZXECVQZ3b3JrZWRxA3Mu\n','2013-04-20 13:46:37'),('7d9ed0a0a37c656cfab17214721eaac4','YjZjYzk3NTIzNjc2MTllOGRkYjg2OWZiYjFkN2U3NTU2Njk1ODQ2NzqAAn1xAVUKdGVzdGNvb2tp\nZXECVQZ3b3JrZWRxA3Mu\n','2013-04-20 21:09:47'),('daca989404d80abd1983136cab1595d6','YjZjYzk3NTIzNjc2MTllOGRkYjg2OWZiYjFkN2U3NTU2Njk1ODQ2NzqAAn1xAVUKdGVzdGNvb2tp\nZXECVQZ3b3JrZWRxA3Mu\n','2013-04-20 22:40:43'),('de2879dccb17c784788f9959d2f612d7','YjZjYzk3NTIzNjc2MTllOGRkYjg2OWZiYjFkN2U3NTU2Njk1ODQ2NzqAAn1xAVUKdGVzdGNvb2tp\nZXECVQZ3b3JrZWRxA3Mu\n','2013-04-21 06:29:07'),('1ada5840d9f04ac4730385853685a0d4','YjZjYzk3NTIzNjc2MTllOGRkYjg2OWZiYjFkN2U3NTU2Njk1ODQ2NzqAAn1xAVUKdGVzdGNvb2tp\nZXECVQZ3b3JrZWRxA3Mu\n','2013-04-22 00:55:54'),('38d80de3f91dba445579b253f9c0e1f2','YjZjYzk3NTIzNjc2MTllOGRkYjg2OWZiYjFkN2U3NTU2Njk1ODQ2NzqAAn1xAVUKdGVzdGNvb2tp\nZXECVQZ3b3JrZWRxA3Mu\n','2013-04-22 02:34:47'),('64d17887ffbf26aca3a90a8851ab58f2','YjZjYzk3NTIzNjc2MTllOGRkYjg2OWZiYjFkN2U3NTU2Njk1ODQ2NzqAAn1xAVUKdGVzdGNvb2tp\nZXECVQZ3b3JrZWRxA3Mu\n','2013-04-23 03:54:16'),('391b50a6dba1479a786651cf867df007','YjZjYzk3NTIzNjc2MTllOGRkYjg2OWZiYjFkN2U3NTU2Njk1ODQ2NzqAAn1xAVUKdGVzdGNvb2tp\nZXECVQZ3b3JrZWRxA3Mu\n','2013-04-23 04:27:26'),('9654e2af5a2aff8e57f47385a66959bd','YjZjYzk3NTIzNjc2MTllOGRkYjg2OWZiYjFkN2U3NTU2Njk1ODQ2NzqAAn1xAVUKdGVzdGNvb2tp\nZXECVQZ3b3JrZWRxA3Mu\n','2013-04-23 04:27:32'),('d2736a17126d0eb264e3f5a7612227a5','YjZjYzk3NTIzNjc2MTllOGRkYjg2OWZiYjFkN2U3NTU2Njk1ODQ2NzqAAn1xAVUKdGVzdGNvb2tp\nZXECVQZ3b3JrZWRxA3Mu\n','2013-04-24 07:24:04'),('7b833b893ef87287258f583f90485d81','YjZjYzk3NTIzNjc2MTllOGRkYjg2OWZiYjFkN2U3NTU2Njk1ODQ2NzqAAn1xAVUKdGVzdGNvb2tp\nZXECVQZ3b3JrZWRxA3Mu\n','2013-04-26 09:36:20'),('78e01d591a51604842620e3e7be8d09d','YjZjYzk3NTIzNjc2MTllOGRkYjg2OWZiYjFkN2U3NTU2Njk1ODQ2NzqAAn1xAVUKdGVzdGNvb2tp\nZXECVQZ3b3JrZWRxA3Mu\n','2013-04-26 09:36:29'),('a0fee99122a037a5d108c057bf05294a','YjZjYzk3NTIzNjc2MTllOGRkYjg2OWZiYjFkN2U3NTU2Njk1ODQ2NzqAAn1xAVUKdGVzdGNvb2tp\nZXECVQZ3b3JrZWRxA3Mu\n','2013-04-26 15:24:23'),('f6e3f671e829f60489ea53e759f6d0b2','YjZjYzk3NTIzNjc2MTllOGRkYjg2OWZiYjFkN2U3NTU2Njk1ODQ2NzqAAn1xAVUKdGVzdGNvb2tp\nZXECVQZ3b3JrZWRxA3Mu\n','2013-04-27 07:43:31'),('4e5e06baad90c69f531fd6942ed3466a','YjZjYzk3NTIzNjc2MTllOGRkYjg2OWZiYjFkN2U3NTU2Njk1ODQ2NzqAAn1xAVUKdGVzdGNvb2tp\nZXECVQZ3b3JrZWRxA3Mu\n','2013-04-29 01:53:51'),('4a03b32a0bcad131f224272112f21b24','YjZjYzk3NTIzNjc2MTllOGRkYjg2OWZiYjFkN2U3NTU2Njk1ODQ2NzqAAn1xAVUKdGVzdGNvb2tp\nZXECVQZ3b3JrZWRxA3Mu\n','2013-04-29 01:53:56'),('387cf49d69b37f56fc58084ea5ab1631','YjZjYzk3NTIzNjc2MTllOGRkYjg2OWZiYjFkN2U3NTU2Njk1ODQ2NzqAAn1xAVUKdGVzdGNvb2tp\nZXECVQZ3b3JrZWRxA3Mu\n','2013-04-29 04:24:55'),('0378f1de0de0f1bd015a752a11dc2e83','YjZjYzk3NTIzNjc2MTllOGRkYjg2OWZiYjFkN2U3NTU2Njk1ODQ2NzqAAn1xAVUKdGVzdGNvb2tp\nZXECVQZ3b3JrZWRxA3Mu\n','2013-04-29 05:23:49'),('0baee9cedba7ab6c5aa18b866650ee31','YjZjYzk3NTIzNjc2MTllOGRkYjg2OWZiYjFkN2U3NTU2Njk1ODQ2NzqAAn1xAVUKdGVzdGNvb2tp\nZXECVQZ3b3JrZWRxA3Mu\n','2013-04-30 14:30:08'),('202c6c376eeb7a4cbbfc2807c3df8a11','YjZjYzk3NTIzNjc2MTllOGRkYjg2OWZiYjFkN2U3NTU2Njk1ODQ2NzqAAn1xAVUKdGVzdGNvb2tp\nZXECVQZ3b3JrZWRxA3Mu\n','2013-05-01 02:39:12'),('acd73a9cc18344495b4fdf3a1e8fd6c6','YjZjYzk3NTIzNjc2MTllOGRkYjg2OWZiYjFkN2U3NTU2Njk1ODQ2NzqAAn1xAVUKdGVzdGNvb2tp\nZXECVQZ3b3JrZWRxA3Mu\n','2013-05-02 00:44:04'),('34426656e88dc63c13518de55f0ba57e','YjZjYzk3NTIzNjc2MTllOGRkYjg2OWZiYjFkN2U3NTU2Njk1ODQ2NzqAAn1xAVUKdGVzdGNvb2tp\nZXECVQZ3b3JrZWRxA3Mu\n','2013-05-02 09:14:41'),('6b6e43383ec082419d1c82dd5b058830','YjZjYzk3NTIzNjc2MTllOGRkYjg2OWZiYjFkN2U3NTU2Njk1ODQ2NzqAAn1xAVUKdGVzdGNvb2tp\nZXECVQZ3b3JrZWRxA3Mu\n','2013-05-02 09:14:54'),('c8a79cef57434f3e807ea2152c1e854a','YjZjYzk3NTIzNjc2MTllOGRkYjg2OWZiYjFkN2U3NTU2Njk1ODQ2NzqAAn1xAVUKdGVzdGNvb2tp\nZXECVQZ3b3JrZWRxA3Mu\n','2013-05-03 20:55:07'),('3a15fcfa885ed15c7ef95484e2b83af6','YjZjYzk3NTIzNjc2MTllOGRkYjg2OWZiYjFkN2U3NTU2Njk1ODQ2NzqAAn1xAVUKdGVzdGNvb2tp\nZXECVQZ3b3JrZWRxA3Mu\n','2013-05-05 02:45:59'),('926d4048c1f0f7316ad9a55462cb4633','YjQ1ZGNmMzg3NDE5NWE0OWU4YjRjYmJiMTE1M2RkNmFhYmIwNmE0OTqAAn1xAVUKdGVzdGNvb2tp\nZVUGd29ya2VkcQJzLg==\n','2013-05-03 11:11:57'),('bba45a474ee529f5cd7b4384dc30129e','YjZjYzk3NTIzNjc2MTllOGRkYjg2OWZiYjFkN2U3NTU2Njk1ODQ2NzqAAn1xAVUKdGVzdGNvb2tp\nZXECVQZ3b3JrZWRxA3Mu\n','2013-05-05 11:06:41'),('6b93a385947f9b9204a117c5d373d550','YTEwNDJhODUwOGRkNGI4NjQyYWJiOWRiNWY5ZGQxYjc3MzkxYzQ3NDqAAn1xAS4=\n','2013-05-04 12:25:08'),('07468ee16d65bcd8c677e1c201e38a3f','YjZjYzk3NTIzNjc2MTllOGRkYjg2OWZiYjFkN2U3NTU2Njk1ODQ2NzqAAn1xAVUKdGVzdGNvb2tp\nZXECVQZ3b3JrZWRxA3Mu\n','2013-05-04 15:13:49'),('fdf19c9d26843bb585a4965cd5bca34f','YjZjYzk3NTIzNjc2MTllOGRkYjg2OWZiYjFkN2U3NTU2Njk1ODQ2NzqAAn1xAVUKdGVzdGNvb2tp\nZXECVQZ3b3JrZWRxA3Mu\n','2013-05-06 10:07:27'),('1a1a2e57d5c9e59778602bbf391be449','YjZjYzk3NTIzNjc2MTllOGRkYjg2OWZiYjFkN2U3NTU2Njk1ODQ2NzqAAn1xAVUKdGVzdGNvb2tp\nZXECVQZ3b3JrZWRxA3Mu\n','2013-05-06 14:18:44'),('0590b5ba4b1d950e361f086d24d37a8c','YjZjYzk3NTIzNjc2MTllOGRkYjg2OWZiYjFkN2U3NTU2Njk1ODQ2NzqAAn1xAVUKdGVzdGNvb2tp\nZXECVQZ3b3JrZWRxA3Mu\n','2013-05-06 21:41:34'),('fce811835268a6b130284d803b0e2279','YjZjYzk3NTIzNjc2MTllOGRkYjg2OWZiYjFkN2U3NTU2Njk1ODQ2NzqAAn1xAVUKdGVzdGNvb2tp\nZXECVQZ3b3JrZWRxA3Mu\n','2013-05-07 13:04:32'),('65c4ede1d1cf593dd2117ec1835f04be','YjZjYzk3NTIzNjc2MTllOGRkYjg2OWZiYjFkN2U3NTU2Njk1ODQ2NzqAAn1xAVUKdGVzdGNvb2tp\nZXECVQZ3b3JrZWRxA3Mu\n','2013-05-07 18:52:41'),('56b03faf46defdee46b8c07ee31c5566','YjZjYzk3NTIzNjc2MTllOGRkYjg2OWZiYjFkN2U3NTU2Njk1ODQ2NzqAAn1xAVUKdGVzdGNvb2tp\nZXECVQZ3b3JrZWRxA3Mu\n','2013-05-08 03:57:57'),('6d6fcd5e9cbb30266e612b24adb059a8','YjZjYzk3NTIzNjc2MTllOGRkYjg2OWZiYjFkN2U3NTU2Njk1ODQ2NzqAAn1xAVUKdGVzdGNvb2tp\nZXECVQZ3b3JrZWRxA3Mu\n','2013-05-08 13:01:00'),('35ebf10275754e527ae10ca33c2cbbde','YjZjYzk3NTIzNjc2MTllOGRkYjg2OWZiYjFkN2U3NTU2Njk1ODQ2NzqAAn1xAVUKdGVzdGNvb2tp\nZXECVQZ3b3JrZWRxA3Mu\n','2013-05-09 14:13:02'),('b8fef90b1fb2a7c641f2e403d3703865','YjZjYzk3NTIzNjc2MTllOGRkYjg2OWZiYjFkN2U3NTU2Njk1ODQ2NzqAAn1xAVUKdGVzdGNvb2tp\nZXECVQZ3b3JrZWRxA3Mu\n','2013-05-10 06:48:37'),('8003a9be98ccfc39296333d09cd9263b','YjZjYzk3NTIzNjc2MTllOGRkYjg2OWZiYjFkN2U3NTU2Njk1ODQ2NzqAAn1xAVUKdGVzdGNvb2tp\nZXECVQZ3b3JrZWRxA3Mu\n','2013-05-10 08:17:56'),('f1fc047cda78e1ef8209d84715b4040c','YjZjYzk3NTIzNjc2MTllOGRkYjg2OWZiYjFkN2U3NTU2Njk1ODQ2NzqAAn1xAVUKdGVzdGNvb2tp\nZXECVQZ3b3JrZWRxA3Mu\n','2013-05-10 23:34:34'),('877aac2c8d9ff3f8429365eb5dff531d','YjZjYzk3NTIzNjc2MTllOGRkYjg2OWZiYjFkN2U3NTU2Njk1ODQ2NzqAAn1xAVUKdGVzdGNvb2tp\nZXECVQZ3b3JrZWRxA3Mu\n','2013-05-11 02:29:03'),('b275500632d8877e2566f8e1935f8a4a','YjZjYzk3NTIzNjc2MTllOGRkYjg2OWZiYjFkN2U3NTU2Njk1ODQ2NzqAAn1xAVUKdGVzdGNvb2tp\nZXECVQZ3b3JrZWRxA3Mu\n','2013-05-11 14:51:19'),('ea099008f887c689ab5c8c88eafeacd9','YjZjYzk3NTIzNjc2MTllOGRkYjg2OWZiYjFkN2U3NTU2Njk1ODQ2NzqAAn1xAVUKdGVzdGNvb2tp\nZXECVQZ3b3JrZWRxA3Mu\n','2013-05-11 14:51:43'),('b1b3ce01b90e921e6b1cd0a5aa8a8be6','YjZjYzk3NTIzNjc2MTllOGRkYjg2OWZiYjFkN2U3NTU2Njk1ODQ2NzqAAn1xAVUKdGVzdGNvb2tp\nZXECVQZ3b3JrZWRxA3Mu\n','2013-05-11 22:44:28'),('73b71a722e15e9327fa87de7c66c49c9','YjZjYzk3NTIzNjc2MTllOGRkYjg2OWZiYjFkN2U3NTU2Njk1ODQ2NzqAAn1xAVUKdGVzdGNvb2tp\nZXECVQZ3b3JrZWRxA3Mu\n','2013-05-11 23:17:41'),('48db5c56d08cdb12e9c1c8c11d07f739','YjZjYzk3NTIzNjc2MTllOGRkYjg2OWZiYjFkN2U3NTU2Njk1ODQ2NzqAAn1xAVUKdGVzdGNvb2tp\nZXECVQZ3b3JrZWRxA3Mu\n','2013-05-12 12:37:36'),('6ba52c2119a708f0a8ba4c160f90e7a5','YjZjYzk3NTIzNjc2MTllOGRkYjg2OWZiYjFkN2U3NTU2Njk1ODQ2NzqAAn1xAVUKdGVzdGNvb2tp\nZXECVQZ3b3JrZWRxA3Mu\n','2013-05-12 17:03:08'),('983ccdea656d1adb3142bcc5ae52afcc','YjZjYzk3NTIzNjc2MTllOGRkYjg2OWZiYjFkN2U3NTU2Njk1ODQ2NzqAAn1xAVUKdGVzdGNvb2tp\nZXECVQZ3b3JrZWRxA3Mu\n','2013-05-13 14:18:21'),('c8dc22e4163606418fb8bd827ffe702e','YjZjYzk3NTIzNjc2MTllOGRkYjg2OWZiYjFkN2U3NTU2Njk1ODQ2NzqAAn1xAVUKdGVzdGNvb2tp\nZXECVQZ3b3JrZWRxA3Mu\n','2013-05-14 13:16:53'),('3183037ad6bb65759539ea787c36c8f1','YjZjYzk3NTIzNjc2MTllOGRkYjg2OWZiYjFkN2U3NTU2Njk1ODQ2NzqAAn1xAVUKdGVzdGNvb2tp\nZXECVQZ3b3JrZWRxA3Mu\n','2013-05-18 04:26:52'),('3f8d70bc09291ebabea2817bff27fa18','YjZjYzk3NTIzNjc2MTllOGRkYjg2OWZiYjFkN2U3NTU2Njk1ODQ2NzqAAn1xAVUKdGVzdGNvb2tp\nZXECVQZ3b3JrZWRxA3Mu\n','2013-05-18 06:36:36'),('5a1015bf5150143310e25ee99df2f676','YjZjYzk3NTIzNjc2MTllOGRkYjg2OWZiYjFkN2U3NTU2Njk1ODQ2NzqAAn1xAVUKdGVzdGNvb2tp\nZXECVQZ3b3JrZWRxA3Mu\n','2013-05-18 13:07:23'),('62cadbc324451b2817bd515027fbc94a','YjZjYzk3NTIzNjc2MTllOGRkYjg2OWZiYjFkN2U3NTU2Njk1ODQ2NzqAAn1xAVUKdGVzdGNvb2tp\nZXECVQZ3b3JrZWRxA3Mu\n','2013-05-19 00:59:40'),('25958ecd55f1763aa81a229fc8cabbeb','YjZjYzk3NTIzNjc2MTllOGRkYjg2OWZiYjFkN2U3NTU2Njk1ODQ2NzqAAn1xAVUKdGVzdGNvb2tp\nZXECVQZ3b3JrZWRxA3Mu\n','2013-05-19 17:56:44'),('f7dd72b6338432d8ba2e488004ef3781','YjZjYzk3NTIzNjc2MTllOGRkYjg2OWZiYjFkN2U3NTU2Njk1ODQ2NzqAAn1xAVUKdGVzdGNvb2tp\nZXECVQZ3b3JrZWRxA3Mu\n','2013-05-21 01:35:54'),('c566ae671c1e405bf182975536e2802d','YjZjYzk3NTIzNjc2MTllOGRkYjg2OWZiYjFkN2U3NTU2Njk1ODQ2NzqAAn1xAVUKdGVzdGNvb2tp\nZXECVQZ3b3JrZWRxA3Mu\n','2013-05-22 14:10:40'),('f3be80c9fff069f3c2487437b0b3b006','YjZjYzk3NTIzNjc2MTllOGRkYjg2OWZiYjFkN2U3NTU2Njk1ODQ2NzqAAn1xAVUKdGVzdGNvb2tp\nZXECVQZ3b3JrZWRxA3Mu\n','2013-05-23 15:49:03'),('37d8448040c215c14562c46ca1d5741e','YjZjYzk3NTIzNjc2MTllOGRkYjg2OWZiYjFkN2U3NTU2Njk1ODQ2NzqAAn1xAVUKdGVzdGNvb2tp\nZXECVQZ3b3JrZWRxA3Mu\n','2013-05-24 03:42:14'),('ebcdace873b4445f98f5eb4a92148aca','YjZjYzk3NTIzNjc2MTllOGRkYjg2OWZiYjFkN2U3NTU2Njk1ODQ2NzqAAn1xAVUKdGVzdGNvb2tp\nZXECVQZ3b3JrZWRxA3Mu\n','2013-05-24 04:58:51'),('4d5a5f0d7e572211b5cb6b832425d463','YjZjYzk3NTIzNjc2MTllOGRkYjg2OWZiYjFkN2U3NTU2Njk1ODQ2NzqAAn1xAVUKdGVzdGNvb2tp\nZXECVQZ3b3JrZWRxA3Mu\n','2013-05-25 04:34:23'),('40d6db87b824632678aabb6175675017','YjZjYzk3NTIzNjc2MTllOGRkYjg2OWZiYjFkN2U3NTU2Njk1ODQ2NzqAAn1xAVUKdGVzdGNvb2tp\nZXECVQZ3b3JrZWRxA3Mu\n','2013-05-29 13:40:16'),('d08b553086e9b0fd4364b0478341a7f1','YjZjYzk3NTIzNjc2MTllOGRkYjg2OWZiYjFkN2U3NTU2Njk1ODQ2NzqAAn1xAVUKdGVzdGNvb2tp\nZXECVQZ3b3JrZWRxA3Mu\n','2013-05-30 05:23:40'),('3999f100c403c5d4f50dce882b5f13f1','YjZjYzk3NTIzNjc2MTllOGRkYjg2OWZiYjFkN2U3NTU2Njk1ODQ2NzqAAn1xAVUKdGVzdGNvb2tp\nZXECVQZ3b3JrZWRxA3Mu\n','2013-05-30 16:23:57'),('7bc186e02347589c06a0300efe5e5a97','YjZjYzk3NTIzNjc2MTllOGRkYjg2OWZiYjFkN2U3NTU2Njk1ODQ2NzqAAn1xAVUKdGVzdGNvb2tp\nZXECVQZ3b3JrZWRxA3Mu\n','2013-05-31 22:57:41'),('0316b8571ba3ae370969c01a7d55862e','YjZjYzk3NTIzNjc2MTllOGRkYjg2OWZiYjFkN2U3NTU2Njk1ODQ2NzqAAn1xAVUKdGVzdGNvb2tp\nZXECVQZ3b3JrZWRxA3Mu\n','2013-06-01 02:36:50'),('e5b37f7c013c8740621c84b34fd9893b','YjZjYzk3NTIzNjc2MTllOGRkYjg2OWZiYjFkN2U3NTU2Njk1ODQ2NzqAAn1xAVUKdGVzdGNvb2tp\nZXECVQZ3b3JrZWRxA3Mu\n','2013-06-01 14:51:44'),('12fd21c85c90a37478da061d610bac94','YjZjYzk3NTIzNjc2MTllOGRkYjg2OWZiYjFkN2U3NTU2Njk1ODQ2NzqAAn1xAVUKdGVzdGNvb2tp\nZXECVQZ3b3JrZWRxA3Mu\n','2013-06-01 16:29:10'),('70420177ea99f4688b81b3a1fa728efc','YjZjYzk3NTIzNjc2MTllOGRkYjg2OWZiYjFkN2U3NTU2Njk1ODQ2NzqAAn1xAVUKdGVzdGNvb2tp\nZXECVQZ3b3JrZWRxA3Mu\n','2013-06-01 21:57:41'),('6ccbca886933d3b1612799a25a68ff6d','YjZjYzk3NTIzNjc2MTllOGRkYjg2OWZiYjFkN2U3NTU2Njk1ODQ2NzqAAn1xAVUKdGVzdGNvb2tp\nZXECVQZ3b3JrZWRxA3Mu\n','2013-06-02 03:53:15'),('961312377a0d6f642af4b2094709a3f3','YjZjYzk3NTIzNjc2MTllOGRkYjg2OWZiYjFkN2U3NTU2Njk1ODQ2NzqAAn1xAVUKdGVzdGNvb2tp\nZXECVQZ3b3JrZWRxA3Mu\n','2013-06-02 16:15:12'),('8d69a53badf15b99cc83c49fc33d5765','YjZjYzk3NTIzNjc2MTllOGRkYjg2OWZiYjFkN2U3NTU2Njk1ODQ2NzqAAn1xAVUKdGVzdGNvb2tp\nZXECVQZ3b3JrZWRxA3Mu\n','2013-06-02 22:53:12'),('5f3f63646e042991cf583a39b1740714','YjZjYzk3NTIzNjc2MTllOGRkYjg2OWZiYjFkN2U3NTU2Njk1ODQ2NzqAAn1xAVUKdGVzdGNvb2tp\nZXECVQZ3b3JrZWRxA3Mu\n','2013-06-04 17:44:23'),('88ea2845d3b5c83e4c9c7f08bc2d922f','YjZjYzk3NTIzNjc2MTllOGRkYjg2OWZiYjFkN2U3NTU2Njk1ODQ2NzqAAn1xAVUKdGVzdGNvb2tp\nZXECVQZ3b3JrZWRxA3Mu\n','2013-06-06 15:07:54'),('7f5b965ddca237cb7c0a8a7e102e9139','YjZjYzk3NTIzNjc2MTllOGRkYjg2OWZiYjFkN2U3NTU2Njk1ODQ2NzqAAn1xAVUKdGVzdGNvb2tp\nZXECVQZ3b3JrZWRxA3Mu\n','2013-06-07 00:33:46'),('58ea697a5a232f6fc76f02607cac308b','YjZjYzk3NTIzNjc2MTllOGRkYjg2OWZiYjFkN2U3NTU2Njk1ODQ2NzqAAn1xAVUKdGVzdGNvb2tp\nZXECVQZ3b3JrZWRxA3Mu\n','2013-06-08 13:41:16'),('5ded3dcabe7d0200d00a37dfab2daec3','YjZjYzk3NTIzNjc2MTllOGRkYjg2OWZiYjFkN2U3NTU2Njk1ODQ2NzqAAn1xAVUKdGVzdGNvb2tp\nZXECVQZ3b3JrZWRxA3Mu\n','2013-06-09 18:19:19'),('b09da7487fd19fb40f2c92f6d0077868','YjZjYzk3NTIzNjc2MTllOGRkYjg2OWZiYjFkN2U3NTU2Njk1ODQ2NzqAAn1xAVUKdGVzdGNvb2tp\nZXECVQZ3b3JrZWRxA3Mu\n','2013-06-11 22:18:46'),('c7289b0bde8e2366998e0508487db4b1','YjZjYzk3NTIzNjc2MTllOGRkYjg2OWZiYjFkN2U3NTU2Njk1ODQ2NzqAAn1xAVUKdGVzdGNvb2tp\nZXECVQZ3b3JrZWRxA3Mu\n','2013-06-12 14:23:03'),('c07a82cc5f14b6921c6eb24de101c052','YjZjYzk3NTIzNjc2MTllOGRkYjg2OWZiYjFkN2U3NTU2Njk1ODQ2NzqAAn1xAVUKdGVzdGNvb2tp\nZXECVQZ3b3JrZWRxA3Mu\n','2013-06-12 14:23:03'),('91d888c2f70b02b0b4218826add5c2fb','YjZjYzk3NTIzNjc2MTllOGRkYjg2OWZiYjFkN2U3NTU2Njk1ODQ2NzqAAn1xAVUKdGVzdGNvb2tp\nZXECVQZ3b3JrZWRxA3Mu\n','2013-06-13 02:26:33'),('d47e176906cd35add37787a5ee714c30','YjZjYzk3NTIzNjc2MTllOGRkYjg2OWZiYjFkN2U3NTU2Njk1ODQ2NzqAAn1xAVUKdGVzdGNvb2tp\nZXECVQZ3b3JrZWRxA3Mu\n','2013-06-13 13:49:42'),('227ff52e3cb0d04b842e216a31d15342','YjZjYzk3NTIzNjc2MTllOGRkYjg2OWZiYjFkN2U3NTU2Njk1ODQ2NzqAAn1xAVUKdGVzdGNvb2tp\nZXECVQZ3b3JrZWRxA3Mu\n','2013-06-13 15:26:57'),('ac570a1c61c534dcc2eeaea284dfdd45','YjZjYzk3NTIzNjc2MTllOGRkYjg2OWZiYjFkN2U3NTU2Njk1ODQ2NzqAAn1xAVUKdGVzdGNvb2tp\nZXECVQZ3b3JrZWRxA3Mu\n','2013-06-14 20:34:20'),('5f4810e7bfe303669ce23d70743e53b8','YjZjYzk3NTIzNjc2MTllOGRkYjg2OWZiYjFkN2U3NTU2Njk1ODQ2NzqAAn1xAVUKdGVzdGNvb2tp\nZXECVQZ3b3JrZWRxA3Mu\n','2013-06-18 04:10:15'),('1beb285cca2a6f57b0769238a4ac5657','YjZjYzk3NTIzNjc2MTllOGRkYjg2OWZiYjFkN2U3NTU2Njk1ODQ2NzqAAn1xAVUKdGVzdGNvb2tp\nZXECVQZ3b3JrZWRxA3Mu\n','2013-06-18 04:38:42'),('e036b0f10b61f50623fc7d86f85b7315','YjZjYzk3NTIzNjc2MTllOGRkYjg2OWZiYjFkN2U3NTU2Njk1ODQ2NzqAAn1xAVUKdGVzdGNvb2tp\nZXECVQZ3b3JrZWRxA3Mu\n','2013-06-18 10:01:19'),('287ee25a55ff9b129d42c4acbd18cece','YjZjYzk3NTIzNjc2MTllOGRkYjg2OWZiYjFkN2U3NTU2Njk1ODQ2NzqAAn1xAVUKdGVzdGNvb2tp\nZXECVQZ3b3JrZWRxA3Mu\n','2013-06-19 19:53:41'),('24c19ad6bf5cb4320a67bf11aac11c0b','YjZjYzk3NTIzNjc2MTllOGRkYjg2OWZiYjFkN2U3NTU2Njk1ODQ2NzqAAn1xAVUKdGVzdGNvb2tp\nZXECVQZ3b3JrZWRxA3Mu\n','2013-06-19 20:14:48'),('67bb96cca69d1226c99b5efd2db8f27d','YjZjYzk3NTIzNjc2MTllOGRkYjg2OWZiYjFkN2U3NTU2Njk1ODQ2NzqAAn1xAVUKdGVzdGNvb2tp\nZXECVQZ3b3JrZWRxA3Mu\n','2013-06-20 02:51:28'),('0ff272c1f67e56dce46215b7c37f2dc0','YjZjYzk3NTIzNjc2MTllOGRkYjg2OWZiYjFkN2U3NTU2Njk1ODQ2NzqAAn1xAVUKdGVzdGNvb2tp\nZXECVQZ3b3JrZWRxA3Mu\n','2013-06-20 14:50:28'),('109041146c12bf6feb379d3ccb5b59ed','YjZjYzk3NTIzNjc2MTllOGRkYjg2OWZiYjFkN2U3NTU2Njk1ODQ2NzqAAn1xAVUKdGVzdGNvb2tp\nZXECVQZ3b3JrZWRxA3Mu\n','2013-06-20 14:54:06'),('58470a3bb024e92f0c9dca86fffa4a72','YjZjYzk3NTIzNjc2MTllOGRkYjg2OWZiYjFkN2U3NTU2Njk1ODQ2NzqAAn1xAVUKdGVzdGNvb2tp\nZXECVQZ3b3JrZWRxA3Mu\n','2013-06-21 05:29:32'),('502e22ee6db60ee23b29df17eba85aa0','YjZjYzk3NTIzNjc2MTllOGRkYjg2OWZiYjFkN2U3NTU2Njk1ODQ2NzqAAn1xAVUKdGVzdGNvb2tp\nZXECVQZ3b3JrZWRxA3Mu\n','2013-06-22 05:57:35'),('c2f769675a3ba28179a5f2751974fe26','YjZjYzk3NTIzNjc2MTllOGRkYjg2OWZiYjFkN2U3NTU2Njk1ODQ2NzqAAn1xAVUKdGVzdGNvb2tp\nZXECVQZ3b3JrZWRxA3Mu\n','2013-06-25 11:17:30'),('9d014911fed282174266d3d255a543e3','YjZjYzk3NTIzNjc2MTllOGRkYjg2OWZiYjFkN2U3NTU2Njk1ODQ2NzqAAn1xAVUKdGVzdGNvb2tp\nZXECVQZ3b3JrZWRxA3Mu\n','2013-06-26 18:05:13'),('b15657843fd2ec199a6292f4f9b2bc27','YjZjYzk3NTIzNjc2MTllOGRkYjg2OWZiYjFkN2U3NTU2Njk1ODQ2NzqAAn1xAVUKdGVzdGNvb2tp\nZXECVQZ3b3JrZWRxA3Mu\n','2013-06-27 08:08:01'),('df00921050237e9f33350813a0f26b69','YjZjYzk3NTIzNjc2MTllOGRkYjg2OWZiYjFkN2U3NTU2Njk1ODQ2NzqAAn1xAVUKdGVzdGNvb2tp\nZXECVQZ3b3JrZWRxA3Mu\n','2013-06-27 13:38:38'),('25d73a4dc91feb9fcf18ae0271741a2e','YjZjYzk3NTIzNjc2MTllOGRkYjg2OWZiYjFkN2U3NTU2Njk1ODQ2NzqAAn1xAVUKdGVzdGNvb2tp\nZXECVQZ3b3JrZWRxA3Mu\n','2013-06-27 15:34:15'),('fd5fed2a0d4d6f416ef3b6dcb5a557c5','YjZjYzk3NTIzNjc2MTllOGRkYjg2OWZiYjFkN2U3NTU2Njk1ODQ2NzqAAn1xAVUKdGVzdGNvb2tp\nZXECVQZ3b3JrZWRxA3Mu\n','2013-06-29 11:52:31'),('57877b5933c00460f94f0288221376f9','YjZjYzk3NTIzNjc2MTllOGRkYjg2OWZiYjFkN2U3NTU2Njk1ODQ2NzqAAn1xAVUKdGVzdGNvb2tp\nZXECVQZ3b3JrZWRxA3Mu\n','2013-07-01 15:59:35'),('748b75c41fe15cf5b30854f9064e465e','YjZjYzk3NTIzNjc2MTllOGRkYjg2OWZiYjFkN2U3NTU2Njk1ODQ2NzqAAn1xAVUKdGVzdGNvb2tp\nZXECVQZ3b3JrZWRxA3Mu\n','2013-07-02 05:30:35'),('ebcd6a9d9ad1afe28b3c0d51bff3c4d9','YjZjYzk3NTIzNjc2MTllOGRkYjg2OWZiYjFkN2U3NTU2Njk1ODQ2NzqAAn1xAVUKdGVzdGNvb2tp\nZXECVQZ3b3JrZWRxA3Mu\n','2013-07-03 08:54:11'),('2aef26d433af5d4c96fac93eae718f65','YjZjYzk3NTIzNjc2MTllOGRkYjg2OWZiYjFkN2U3NTU2Njk1ODQ2NzqAAn1xAVUKdGVzdGNvb2tp\nZXECVQZ3b3JrZWRxA3Mu\n','2013-07-03 12:31:51'),('1101314bc4bcafaac795336654954093','YjZjYzk3NTIzNjc2MTllOGRkYjg2OWZiYjFkN2U3NTU2Njk1ODQ2NzqAAn1xAVUKdGVzdGNvb2tp\nZXECVQZ3b3JrZWRxA3Mu\n','2013-07-04 01:35:46'),('579947d5eb919dffc27ee4e13b9236a3','YjZjYzk3NTIzNjc2MTllOGRkYjg2OWZiYjFkN2U3NTU2Njk1ODQ2NzqAAn1xAVUKdGVzdGNvb2tp\nZXECVQZ3b3JrZWRxA3Mu\n','2013-07-04 02:30:47'),('c5cf342d7be46358e8c0fd3b87f8e228','YjZjYzk3NTIzNjc2MTllOGRkYjg2OWZiYjFkN2U3NTU2Njk1ODQ2NzqAAn1xAVUKdGVzdGNvb2tp\nZXECVQZ3b3JrZWRxA3Mu\n','2013-07-04 03:02:57'),('671963b671690fa92dfc587b1706576a','YjZjYzk3NTIzNjc2MTllOGRkYjg2OWZiYjFkN2U3NTU2Njk1ODQ2NzqAAn1xAVUKdGVzdGNvb2tp\nZXECVQZ3b3JrZWRxA3Mu\n','2013-07-04 03:55:53'),('48c57176c9c6877b04d566ad65105105','YjZjYzk3NTIzNjc2MTllOGRkYjg2OWZiYjFkN2U3NTU2Njk1ODQ2NzqAAn1xAVUKdGVzdGNvb2tp\nZXECVQZ3b3JrZWRxA3Mu\n','2013-07-04 04:45:46'),('28984974bb45505b509ae5bcfa74d442','YjZjYzk3NTIzNjc2MTllOGRkYjg2OWZiYjFkN2U3NTU2Njk1ODQ2NzqAAn1xAVUKdGVzdGNvb2tp\nZXECVQZ3b3JrZWRxA3Mu\n','2013-07-04 05:59:38'),('af4afed23d1d4d91c91c111bdaaa1867','YjZjYzk3NTIzNjc2MTllOGRkYjg2OWZiYjFkN2U3NTU2Njk1ODQ2NzqAAn1xAVUKdGVzdGNvb2tp\nZXECVQZ3b3JrZWRxA3Mu\n','2013-07-04 07:39:15'),('c48605d5319030fb022a343ff1824e31','YjZjYzk3NTIzNjc2MTllOGRkYjg2OWZiYjFkN2U3NTU2Njk1ODQ2NzqAAn1xAVUKdGVzdGNvb2tp\nZXECVQZ3b3JrZWRxA3Mu\n','2013-07-04 07:58:41'),('71dba23722aa8f5fa184a3d67645df29','YjZjYzk3NTIzNjc2MTllOGRkYjg2OWZiYjFkN2U3NTU2Njk1ODQ2NzqAAn1xAVUKdGVzdGNvb2tp\nZXECVQZ3b3JrZWRxA3Mu\n','2013-07-04 08:30:38'),('be0a9bd0796b3b055daee0cc71724113','YjZjYzk3NTIzNjc2MTllOGRkYjg2OWZiYjFkN2U3NTU2Njk1ODQ2NzqAAn1xAVUKdGVzdGNvb2tp\nZXECVQZ3b3JrZWRxA3Mu\n','2013-07-04 08:51:51'),('7a169ed202d6c4284bd21f00220e370f','YjZjYzk3NTIzNjc2MTllOGRkYjg2OWZiYjFkN2U3NTU2Njk1ODQ2NzqAAn1xAVUKdGVzdGNvb2tp\nZXECVQZ3b3JrZWRxA3Mu\n','2013-07-04 09:23:17'),('6fe81e0bed8dfb952473dd3c73ed3bea','YjZjYzk3NTIzNjc2MTllOGRkYjg2OWZiYjFkN2U3NTU2Njk1ODQ2NzqAAn1xAVUKdGVzdGNvb2tp\nZXECVQZ3b3JrZWRxA3Mu\n','2013-07-04 10:25:23'),('975a1e08037693d9e6733dace31ff76d','YjZjYzk3NTIzNjc2MTllOGRkYjg2OWZiYjFkN2U3NTU2Njk1ODQ2NzqAAn1xAVUKdGVzdGNvb2tp\nZXECVQZ3b3JrZWRxA3Mu\n','2013-07-04 20:40:04'),('596870e404f40c7d98808036b836dc81','YjZjYzk3NTIzNjc2MTllOGRkYjg2OWZiYjFkN2U3NTU2Njk1ODQ2NzqAAn1xAVUKdGVzdGNvb2tp\nZXECVQZ3b3JrZWRxA3Mu\n','2013-07-05 22:29:22'),('123c49ffffd1a2f0e4ffabf71851d94c','YjZjYzk3NTIzNjc2MTllOGRkYjg2OWZiYjFkN2U3NTU2Njk1ODQ2NzqAAn1xAVUKdGVzdGNvb2tp\nZXECVQZ3b3JrZWRxA3Mu\n','2013-07-05 23:42:58'),('9b142414ad1fa0980de8afc661d0f430','YjZjYzk3NTIzNjc2MTllOGRkYjg2OWZiYjFkN2U3NTU2Njk1ODQ2NzqAAn1xAVUKdGVzdGNvb2tp\nZXECVQZ3b3JrZWRxA3Mu\n','2013-07-11 16:51:40'),('bfdf803f1b44afc3ccce005b195198ac','YjZjYzk3NTIzNjc2MTllOGRkYjg2OWZiYjFkN2U3NTU2Njk1ODQ2NzqAAn1xAVUKdGVzdGNvb2tp\nZXECVQZ3b3JrZWRxA3Mu\n','2013-07-12 17:33:03'),('4cc8f5cb03c360392072a8806089b217','YjZjYzk3NTIzNjc2MTllOGRkYjg2OWZiYjFkN2U3NTU2Njk1ODQ2NzqAAn1xAVUKdGVzdGNvb2tp\nZXECVQZ3b3JrZWRxA3Mu\n','2013-07-13 05:13:09'),('e13bb2dd722b58d8fa81951405c861a1','YjZjYzk3NTIzNjc2MTllOGRkYjg2OWZiYjFkN2U3NTU2Njk1ODQ2NzqAAn1xAVUKdGVzdGNvb2tp\nZXECVQZ3b3JrZWRxA3Mu\n','2013-07-13 09:50:39'),('6e1177dcf6907eaaa89fb1ba7a9d1a3c','YjZjYzk3NTIzNjc2MTllOGRkYjg2OWZiYjFkN2U3NTU2Njk1ODQ2NzqAAn1xAVUKdGVzdGNvb2tp\nZXECVQZ3b3JrZWRxA3Mu\n','2013-07-15 20:21:08'),('25ed4bbb0fb24231080abf2a3d4f61cc','YjZjYzk3NTIzNjc2MTllOGRkYjg2OWZiYjFkN2U3NTU2Njk1ODQ2NzqAAn1xAVUKdGVzdGNvb2tp\nZXECVQZ3b3JrZWRxA3Mu\n','2013-07-15 22:35:36'),('43553be79b71489149c6229dfd32d17d','YjZjYzk3NTIzNjc2MTllOGRkYjg2OWZiYjFkN2U3NTU2Njk1ODQ2NzqAAn1xAVUKdGVzdGNvb2tp\nZXECVQZ3b3JrZWRxA3Mu\n','2013-07-16 17:15:16'),('eeaca2148828a0af4b3580c95ef3a91d','YjZjYzk3NTIzNjc2MTllOGRkYjg2OWZiYjFkN2U3NTU2Njk1ODQ2NzqAAn1xAVUKdGVzdGNvb2tp\nZXECVQZ3b3JrZWRxA3Mu\n','2013-07-16 23:33:51'),('ac6f35e3cd31945d60397bf9fe247329','YjZjYzk3NTIzNjc2MTllOGRkYjg2OWZiYjFkN2U3NTU2Njk1ODQ2NzqAAn1xAVUKdGVzdGNvb2tp\nZXECVQZ3b3JrZWRxA3Mu\n','2013-07-17 07:39:32'),('651715c1c4f59c89fa45d0391b9573d1','YjZjYzk3NTIzNjc2MTllOGRkYjg2OWZiYjFkN2U3NTU2Njk1ODQ2NzqAAn1xAVUKdGVzdGNvb2tp\nZXECVQZ3b3JrZWRxA3Mu\n','2013-07-17 10:29:17'),('33258c870849c0601684c00998d740d8','YjZjYzk3NTIzNjc2MTllOGRkYjg2OWZiYjFkN2U3NTU2Njk1ODQ2NzqAAn1xAVUKdGVzdGNvb2tp\nZXECVQZ3b3JrZWRxA3Mu\n','2013-07-18 04:11:31'),('29bce05b1fe53cb117aab39105345111','YjZjYzk3NTIzNjc2MTllOGRkYjg2OWZiYjFkN2U3NTU2Njk1ODQ2NzqAAn1xAVUKdGVzdGNvb2tp\nZXECVQZ3b3JrZWRxA3Mu\n','2013-07-18 04:42:13'),('1b4d732d7f58de1aef8dd99f038bc8a7','YjZjYzk3NTIzNjc2MTllOGRkYjg2OWZiYjFkN2U3NTU2Njk1ODQ2NzqAAn1xAVUKdGVzdGNvb2tp\nZXECVQZ3b3JrZWRxA3Mu\n','2013-07-18 08:50:10'),('aa39a302b03a49dc3308996776ee150a','YjZjYzk3NTIzNjc2MTllOGRkYjg2OWZiYjFkN2U3NTU2Njk1ODQ2NzqAAn1xAVUKdGVzdGNvb2tp\nZXECVQZ3b3JrZWRxA3Mu\n','2013-07-18 13:55:04'),('099219fe675382fb5d0247d179dc2958','YjZjYzk3NTIzNjc2MTllOGRkYjg2OWZiYjFkN2U3NTU2Njk1ODQ2NzqAAn1xAVUKdGVzdGNvb2tp\nZXECVQZ3b3JrZWRxA3Mu\n','2013-07-18 16:37:43'),('c758365d48e9b7fdd95c8aa3507b65c1','YjZjYzk3NTIzNjc2MTllOGRkYjg2OWZiYjFkN2U3NTU2Njk1ODQ2NzqAAn1xAVUKdGVzdGNvb2tp\nZXECVQZ3b3JrZWRxA3Mu\n','2013-07-18 20:16:49'),('27b5490ba79c12fed74c5906a6b54b63','YjZjYzk3NTIzNjc2MTllOGRkYjg2OWZiYjFkN2U3NTU2Njk1ODQ2NzqAAn1xAVUKdGVzdGNvb2tp\nZXECVQZ3b3JrZWRxA3Mu\n','2013-07-20 16:27:45'),('df10441a52adeec0bf73893d9ff222c5','YjQ1ZGNmMzg3NDE5NWE0OWU4YjRjYmJiMTE1M2RkNmFhYmIwNmE0OTqAAn1xAVUKdGVzdGNvb2tp\nZVUGd29ya2VkcQJzLg==\n','2013-07-24 11:13:01'),('a6ddbbc150d35ea747b3cbcd2f458915','YjZjYzk3NTIzNjc2MTllOGRkYjg2OWZiYjFkN2U3NTU2Njk1ODQ2NzqAAn1xAVUKdGVzdGNvb2tp\nZXECVQZ3b3JrZWRxA3Mu\n','2013-07-25 17:08:06'),('c6988aec823e7ab28ab5ed2dfb90ad32','YjZjYzk3NTIzNjc2MTllOGRkYjg2OWZiYjFkN2U3NTU2Njk1ODQ2NzqAAn1xAVUKdGVzdGNvb2tp\nZXECVQZ3b3JrZWRxA3Mu\n','2013-07-25 23:54:31'),('3098b6311da2588f3840e39efe0ea721','YjZjYzk3NTIzNjc2MTllOGRkYjg2OWZiYjFkN2U3NTU2Njk1ODQ2NzqAAn1xAVUKdGVzdGNvb2tp\nZXECVQZ3b3JrZWRxA3Mu\n','2013-07-26 18:58:40'),('c1515b4fc432fdc813432f4cdfe4d0ba','YjZjYzk3NTIzNjc2MTllOGRkYjg2OWZiYjFkN2U3NTU2Njk1ODQ2NzqAAn1xAVUKdGVzdGNvb2tp\nZXECVQZ3b3JrZWRxA3Mu\n','2013-07-26 22:54:44'),('fd4f169056f4f8ea5bcbe363e0d3243d','YjQ1ZGNmMzg3NDE5NWE0OWU4YjRjYmJiMTE1M2RkNmFhYmIwNmE0OTqAAn1xAVUKdGVzdGNvb2tp\nZVUGd29ya2VkcQJzLg==\n','2013-07-27 08:00:14'),('c6e769775d1644409b5049cbfd5f2c6a','YjZjYzk3NTIzNjc2MTllOGRkYjg2OWZiYjFkN2U3NTU2Njk1ODQ2NzqAAn1xAVUKdGVzdGNvb2tp\nZXECVQZ3b3JrZWRxA3Mu\n','2013-07-27 18:57:07'),('0b67f5d9698ff349682d18cda2839e09','YjZjYzk3NTIzNjc2MTllOGRkYjg2OWZiYjFkN2U3NTU2Njk1ODQ2NzqAAn1xAVUKdGVzdGNvb2tp\nZXECVQZ3b3JrZWRxA3Mu\n','2013-07-28 04:35:07'),('45ce6d901ce4e80359e843031bca0de1','YjZjYzk3NTIzNjc2MTllOGRkYjg2OWZiYjFkN2U3NTU2Njk1ODQ2NzqAAn1xAVUKdGVzdGNvb2tp\nZXECVQZ3b3JrZWRxA3Mu\n','2013-07-28 05:17:50'),('98b0f6af6448b74f1fc0d34fc958cc4e','YjZjYzk3NTIzNjc2MTllOGRkYjg2OWZiYjFkN2U3NTU2Njk1ODQ2NzqAAn1xAVUKdGVzdGNvb2tp\nZXECVQZ3b3JrZWRxA3Mu\n','2013-07-29 00:10:10'),('12c07ca2c9c23f10e73c82cc1bedb30f','YjQ1ZGNmMzg3NDE5NWE0OWU4YjRjYmJiMTE1M2RkNmFhYmIwNmE0OTqAAn1xAVUKdGVzdGNvb2tp\nZVUGd29ya2VkcQJzLg==\n','2013-07-29 19:08:47'),('e9672bfa0af874648b445cd76254e626','YjQ1ZGNmMzg3NDE5NWE0OWU4YjRjYmJiMTE1M2RkNmFhYmIwNmE0OTqAAn1xAVUKdGVzdGNvb2tp\nZVUGd29ya2VkcQJzLg==\n','2013-07-30 02:16:19'),('90b8d8ed6e5394bbb53ca3a74e3fc10b','YjZjYzk3NTIzNjc2MTllOGRkYjg2OWZiYjFkN2U3NTU2Njk1ODQ2NzqAAn1xAVUKdGVzdGNvb2tp\nZXECVQZ3b3JrZWRxA3Mu\n','2013-07-30 17:13:02'),('4791d171d3e4f35f4014ee1bceb79f76','YjZjYzk3NTIzNjc2MTllOGRkYjg2OWZiYjFkN2U3NTU2Njk1ODQ2NzqAAn1xAVUKdGVzdGNvb2tp\nZXECVQZ3b3JrZWRxA3Mu\n','2013-07-30 17:22:56'),('70391a9158a859e7cf64f03a2d2ac324','YjZjYzk3NTIzNjc2MTllOGRkYjg2OWZiYjFkN2U3NTU2Njk1ODQ2NzqAAn1xAVUKdGVzdGNvb2tp\nZXECVQZ3b3JrZWRxA3Mu\n','2013-07-31 20:01:40'),('d349c839762734785a3ae160c99a07f0','YjZjYzk3NTIzNjc2MTllOGRkYjg2OWZiYjFkN2U3NTU2Njk1ODQ2NzqAAn1xAVUKdGVzdGNvb2tp\nZXECVQZ3b3JrZWRxA3Mu\n','2013-07-31 20:10:03'),('359553c83d05f56274767da1bd302049','YjZjYzk3NTIzNjc2MTllOGRkYjg2OWZiYjFkN2U3NTU2Njk1ODQ2NzqAAn1xAVUKdGVzdGNvb2tp\nZXECVQZ3b3JrZWRxA3Mu\n','2013-08-01 02:16:02'),('df3077955ce03973ac54d365977b6292','YjZjYzk3NTIzNjc2MTllOGRkYjg2OWZiYjFkN2U3NTU2Njk1ODQ2NzqAAn1xAVUKdGVzdGNvb2tp\nZXECVQZ3b3JrZWRxA3Mu\n','2013-08-01 03:58:40'),('27537afc539088a61fd826c689a514ab','YjZjYzk3NTIzNjc2MTllOGRkYjg2OWZiYjFkN2U3NTU2Njk1ODQ2NzqAAn1xAVUKdGVzdGNvb2tp\nZXECVQZ3b3JrZWRxA3Mu\n','2013-08-01 06:35:18'),('ec9e6349b1caa4abb77e16a9761c2065','YjZjYzk3NTIzNjc2MTllOGRkYjg2OWZiYjFkN2U3NTU2Njk1ODQ2NzqAAn1xAVUKdGVzdGNvb2tp\nZXECVQZ3b3JrZWRxA3Mu\n','2013-08-01 15:47:53'),('de42909bc5c9cd1e2e149555778f0cff','YjZjYzk3NTIzNjc2MTllOGRkYjg2OWZiYjFkN2U3NTU2Njk1ODQ2NzqAAn1xAVUKdGVzdGNvb2tp\nZXECVQZ3b3JrZWRxA3Mu\n','2013-08-02 11:22:50'),('e96a8bb9dd9a44eb6c04a13a8771bd11','YjZjYzk3NTIzNjc2MTllOGRkYjg2OWZiYjFkN2U3NTU2Njk1ODQ2NzqAAn1xAVUKdGVzdGNvb2tp\nZXECVQZ3b3JrZWRxA3Mu\n','2013-08-02 16:42:24'),('2856042125d8a7924af55dc7855b9fe7','YjZjYzk3NTIzNjc2MTllOGRkYjg2OWZiYjFkN2U3NTU2Njk1ODQ2NzqAAn1xAVUKdGVzdGNvb2tp\nZXECVQZ3b3JrZWRxA3Mu\n','2013-08-02 18:03:26'),('04f56c78a48dd2be44a0b72896c0fd0d','YjZjYzk3NTIzNjc2MTllOGRkYjg2OWZiYjFkN2U3NTU2Njk1ODQ2NzqAAn1xAVUKdGVzdGNvb2tp\nZXECVQZ3b3JrZWRxA3Mu\n','2013-08-03 21:42:47'),('173ad406d5c49c7bf7836bf3593f4e5b','YjZjYzk3NTIzNjc2MTllOGRkYjg2OWZiYjFkN2U3NTU2Njk1ODQ2NzqAAn1xAVUKdGVzdGNvb2tp\nZXECVQZ3b3JrZWRxA3Mu\n','2013-08-04 07:02:55'),('07969afa4fc41b5a2c0fd554367443e9','YjZjYzk3NTIzNjc2MTllOGRkYjg2OWZiYjFkN2U3NTU2Njk1ODQ2NzqAAn1xAVUKdGVzdGNvb2tp\nZXECVQZ3b3JrZWRxA3Mu\n','2013-08-04 07:10:38'),('df3c500ba2dca5d05dc1fc95397ba189','YjZjYzk3NTIzNjc2MTllOGRkYjg2OWZiYjFkN2U3NTU2Njk1ODQ2NzqAAn1xAVUKdGVzdGNvb2tp\nZXECVQZ3b3JrZWRxA3Mu\n','2013-08-05 10:33:51'),('ce7933aee6a4ab533d868c944d71ea6d','YjZjYzk3NTIzNjc2MTllOGRkYjg2OWZiYjFkN2U3NTU2Njk1ODQ2NzqAAn1xAVUKdGVzdGNvb2tp\nZXECVQZ3b3JrZWRxA3Mu\n','2013-08-05 17:09:26'),('50ac60f67c117fc7a2b21a312c4e4fd8','YjZjYzk3NTIzNjc2MTllOGRkYjg2OWZiYjFkN2U3NTU2Njk1ODQ2NzqAAn1xAVUKdGVzdGNvb2tp\nZXECVQZ3b3JrZWRxA3Mu\n','2013-08-05 17:35:29'),('fd899df26d43cb302b2a5505e9c3dca2','YjZjYzk3NTIzNjc2MTllOGRkYjg2OWZiYjFkN2U3NTU2Njk1ODQ2NzqAAn1xAVUKdGVzdGNvb2tp\nZXECVQZ3b3JrZWRxA3Mu\n','2013-08-06 04:04:12'),('4f4bab290c94ea0ee376bbc8c00434cf','YjZjYzk3NTIzNjc2MTllOGRkYjg2OWZiYjFkN2U3NTU2Njk1ODQ2NzqAAn1xAVUKdGVzdGNvb2tp\nZXECVQZ3b3JrZWRxA3Mu\n','2013-08-06 14:35:21'),('e0e8c75db19d4b2f5011ba3060f2f365','YjZjYzk3NTIzNjc2MTllOGRkYjg2OWZiYjFkN2U3NTU2Njk1ODQ2NzqAAn1xAVUKdGVzdGNvb2tp\nZXECVQZ3b3JrZWRxA3Mu\n','2013-08-06 19:33:44'),('059a6d2ea0803ad4a862a71db783f0f2','YjZjYzk3NTIzNjc2MTllOGRkYjg2OWZiYjFkN2U3NTU2Njk1ODQ2NzqAAn1xAVUKdGVzdGNvb2tp\nZXECVQZ3b3JrZWRxA3Mu\n','2013-08-06 22:19:04'),('e3f3809ed28110aee4e6e25a5e4595ae','YjZjYzk3NTIzNjc2MTllOGRkYjg2OWZiYjFkN2U3NTU2Njk1ODQ2NzqAAn1xAVUKdGVzdGNvb2tp\nZXECVQZ3b3JrZWRxA3Mu\n','2013-08-06 23:12:29'),('683bdab1fd5248f127daea9b1ee5b54b','YjZjYzk3NTIzNjc2MTllOGRkYjg2OWZiYjFkN2U3NTU2Njk1ODQ2NzqAAn1xAVUKdGVzdGNvb2tp\nZXECVQZ3b3JrZWRxA3Mu\n','2013-08-07 10:50:21'),('4337fa3d53a64a48be56d17f739aa777','YjZjYzk3NTIzNjc2MTllOGRkYjg2OWZiYjFkN2U3NTU2Njk1ODQ2NzqAAn1xAVUKdGVzdGNvb2tp\nZXECVQZ3b3JrZWRxA3Mu\n','2013-08-07 12:03:01'),('63b9fa5b1df785fa98ee8c14ec704e15','YjZjYzk3NTIzNjc2MTllOGRkYjg2OWZiYjFkN2U3NTU2Njk1ODQ2NzqAAn1xAVUKdGVzdGNvb2tp\nZXECVQZ3b3JrZWRxA3Mu\n','2013-08-08 10:42:10'),('1089f5aab7bb6a0fd4505668090ac64a','YjZjYzk3NTIzNjc2MTllOGRkYjg2OWZiYjFkN2U3NTU2Njk1ODQ2NzqAAn1xAVUKdGVzdGNvb2tp\nZXECVQZ3b3JrZWRxA3Mu\n','2013-08-08 13:26:27'),('f3e4193b502bbb8baa2682c7d509bb14','YjZjYzk3NTIzNjc2MTllOGRkYjg2OWZiYjFkN2U3NTU2Njk1ODQ2NzqAAn1xAVUKdGVzdGNvb2tp\nZXECVQZ3b3JrZWRxA3Mu\n','2013-08-08 13:38:50'),('bc5fb2f73ad76aa3b3298361f5326f92','YjZjYzk3NTIzNjc2MTllOGRkYjg2OWZiYjFkN2U3NTU2Njk1ODQ2NzqAAn1xAVUKdGVzdGNvb2tp\nZXECVQZ3b3JrZWRxA3Mu\n','2013-08-08 14:46:16'),('10328177a1ca92a61ec75aed7c2cb07b','YjZjYzk3NTIzNjc2MTllOGRkYjg2OWZiYjFkN2U3NTU2Njk1ODQ2NzqAAn1xAVUKdGVzdGNvb2tp\nZXECVQZ3b3JrZWRxA3Mu\n','2013-08-08 18:07:29'),('d7c27e4a823096c449832a5c15cfdf73','YjZjYzk3NTIzNjc2MTllOGRkYjg2OWZiYjFkN2U3NTU2Njk1ODQ2NzqAAn1xAVUKdGVzdGNvb2tp\nZXECVQZ3b3JrZWRxA3Mu\n','2013-08-08 19:53:08'),('3216ad4ea3479ee6cd4ace7d4173937f','YjZjYzk3NTIzNjc2MTllOGRkYjg2OWZiYjFkN2U3NTU2Njk1ODQ2NzqAAn1xAVUKdGVzdGNvb2tp\nZXECVQZ3b3JrZWRxA3Mu\n','2013-08-09 07:19:44'),('90855deb340ba5b872f46ebce3804ec0','YjZjYzk3NTIzNjc2MTllOGRkYjg2OWZiYjFkN2U3NTU2Njk1ODQ2NzqAAn1xAVUKdGVzdGNvb2tp\nZXECVQZ3b3JrZWRxA3Mu\n','2013-08-10 16:40:55'),('8bffa640deda81eac6172df5c27bd1f8','YjZjYzk3NTIzNjc2MTllOGRkYjg2OWZiYjFkN2U3NTU2Njk1ODQ2NzqAAn1xAVUKdGVzdGNvb2tp\nZXECVQZ3b3JrZWRxA3Mu\n','2013-08-10 18:11:55'),('d1f2e37c950b028228c722867bebbdbc','YjZjYzk3NTIzNjc2MTllOGRkYjg2OWZiYjFkN2U3NTU2Njk1ODQ2NzqAAn1xAVUKdGVzdGNvb2tp\nZXECVQZ3b3JrZWRxA3Mu\n','2013-08-10 18:51:24'),('1fdeabd1ec03a0aef655e7352ca77751','YjZjYzk3NTIzNjc2MTllOGRkYjg2OWZiYjFkN2U3NTU2Njk1ODQ2NzqAAn1xAVUKdGVzdGNvb2tp\nZXECVQZ3b3JrZWRxA3Mu\n','2013-08-10 20:06:27'),('9a17fbedeee17192c001fc695a3873a7','YjZjYzk3NTIzNjc2MTllOGRkYjg2OWZiYjFkN2U3NTU2Njk1ODQ2NzqAAn1xAVUKdGVzdGNvb2tp\nZXECVQZ3b3JrZWRxA3Mu\n','2013-08-11 21:31:26'),('4ed3e296a626a50a3956b1349496433f','YjZjYzk3NTIzNjc2MTllOGRkYjg2OWZiYjFkN2U3NTU2Njk1ODQ2NzqAAn1xAVUKdGVzdGNvb2tp\nZXECVQZ3b3JrZWRxA3Mu\n','2013-08-12 08:22:23'),('2c1868a9618717962cce1b9661826efc','YjZjYzk3NTIzNjc2MTllOGRkYjg2OWZiYjFkN2U3NTU2Njk1ODQ2NzqAAn1xAVUKdGVzdGNvb2tp\nZXECVQZ3b3JrZWRxA3Mu\n','2013-08-13 03:55:45'),('1112b8c40222ef0f23a6762f3aa83173','YjZjYzk3NTIzNjc2MTllOGRkYjg2OWZiYjFkN2U3NTU2Njk1ODQ2NzqAAn1xAVUKdGVzdGNvb2tp\nZXECVQZ3b3JrZWRxA3Mu\n','2013-08-13 14:44:01'),('2aafda170034b6fc8688a46f62643192','YjZjYzk3NTIzNjc2MTllOGRkYjg2OWZiYjFkN2U3NTU2Njk1ODQ2NzqAAn1xAVUKdGVzdGNvb2tp\nZXECVQZ3b3JrZWRxA3Mu\n','2013-08-14 00:41:22'),('edf6a0eda1a6ac17453c33eebe052afb','YjZjYzk3NTIzNjc2MTllOGRkYjg2OWZiYjFkN2U3NTU2Njk1ODQ2NzqAAn1xAVUKdGVzdGNvb2tp\nZXECVQZ3b3JrZWRxA3Mu\n','2013-08-14 03:23:26'),('9bdeb4204350aab204dbc4008004d19f','YjZjYzk3NTIzNjc2MTllOGRkYjg2OWZiYjFkN2U3NTU2Njk1ODQ2NzqAAn1xAVUKdGVzdGNvb2tp\nZXECVQZ3b3JrZWRxA3Mu\n','2013-08-14 07:20:01'),('b4b03eb02374874f38e259a60c40ae1a','YjZjYzk3NTIzNjc2MTllOGRkYjg2OWZiYjFkN2U3NTU2Njk1ODQ2NzqAAn1xAVUKdGVzdGNvb2tp\nZXECVQZ3b3JrZWRxA3Mu\n','2013-08-14 08:44:37'),('138c030c01e2377c9bbdf487a33fabb5','YjZjYzk3NTIzNjc2MTllOGRkYjg2OWZiYjFkN2U3NTU2Njk1ODQ2NzqAAn1xAVUKdGVzdGNvb2tp\nZXECVQZ3b3JrZWRxA3Mu\n','2013-08-15 05:40:39'),('638e067d5f9947e4edd2546b41c65815','YjZjYzk3NTIzNjc2MTllOGRkYjg2OWZiYjFkN2U3NTU2Njk1ODQ2NzqAAn1xAVUKdGVzdGNvb2tp\nZXECVQZ3b3JrZWRxA3Mu\n','2013-08-15 15:54:13'),('e192af835cf8e35fc41426a0167c45ec','YjZjYzk3NTIzNjc2MTllOGRkYjg2OWZiYjFkN2U3NTU2Njk1ODQ2NzqAAn1xAVUKdGVzdGNvb2tp\nZXECVQZ3b3JrZWRxA3Mu\n','2013-08-16 02:49:35'),('3a96d5162d8e96f6f68a5d257096218e','YjZjYzk3NTIzNjc2MTllOGRkYjg2OWZiYjFkN2U3NTU2Njk1ODQ2NzqAAn1xAVUKdGVzdGNvb2tp\nZXECVQZ3b3JrZWRxA3Mu\n','2013-08-16 02:49:42'),('66f0adc8bf2e0c693db1ffbb5354d39e','YjZjYzk3NTIzNjc2MTllOGRkYjg2OWZiYjFkN2U3NTU2Njk1ODQ2NzqAAn1xAVUKdGVzdGNvb2tp\nZXECVQZ3b3JrZWRxA3Mu\n','2013-08-16 08:51:36'),('017b9a5b373624ddb16310f4e076e55a','YjZjYzk3NTIzNjc2MTllOGRkYjg2OWZiYjFkN2U3NTU2Njk1ODQ2NzqAAn1xAVUKdGVzdGNvb2tp\nZXECVQZ3b3JrZWRxA3Mu\n','2013-08-16 18:22:09'),('610d5e00ece09e1ed4ac0feda1bb3baa','YjZjYzk3NTIzNjc2MTllOGRkYjg2OWZiYjFkN2U3NTU2Njk1ODQ2NzqAAn1xAVUKdGVzdGNvb2tp\nZXECVQZ3b3JrZWRxA3Mu\n','2013-08-17 07:57:03'),('29cf06805bbe03327a2f2ea1a2690cd5','YjZjYzk3NTIzNjc2MTllOGRkYjg2OWZiYjFkN2U3NTU2Njk1ODQ2NzqAAn1xAVUKdGVzdGNvb2tp\nZXECVQZ3b3JrZWRxA3Mu\n','2013-08-17 20:48:01'),('12a4df5505346e276101e1b1603cb3ae','YjZjYzk3NTIzNjc2MTllOGRkYjg2OWZiYjFkN2U3NTU2Njk1ODQ2NzqAAn1xAVUKdGVzdGNvb2tp\nZXECVQZ3b3JrZWRxA3Mu\n','2013-08-18 07:08:07'),('2c326223e35ec023a79543746184ffcc','YjZjYzk3NTIzNjc2MTllOGRkYjg2OWZiYjFkN2U3NTU2Njk1ODQ2NzqAAn1xAVUKdGVzdGNvb2tp\nZXECVQZ3b3JrZWRxA3Mu\n','2013-08-19 02:06:34'),('e1459da8482200cbba97a11af3d77c55','YjZjYzk3NTIzNjc2MTllOGRkYjg2OWZiYjFkN2U3NTU2Njk1ODQ2NzqAAn1xAVUKdGVzdGNvb2tp\nZXECVQZ3b3JrZWRxA3Mu\n','2013-08-22 06:16:26'),('489ad47f30a1443fb1a3cee64deb3199','YjZjYzk3NTIzNjc2MTllOGRkYjg2OWZiYjFkN2U3NTU2Njk1ODQ2NzqAAn1xAVUKdGVzdGNvb2tp\nZXECVQZ3b3JrZWRxA3Mu\n','2013-08-22 18:57:19'),('008995b4a2c89fb7c9077041dbdd88b2','YjZjYzk3NTIzNjc2MTllOGRkYjg2OWZiYjFkN2U3NTU2Njk1ODQ2NzqAAn1xAVUKdGVzdGNvb2tp\nZXECVQZ3b3JrZWRxA3Mu\n','2013-08-22 19:36:00'),('86a700f5cff57d2cef449b93846ff040','YjZjYzk3NTIzNjc2MTllOGRkYjg2OWZiYjFkN2U3NTU2Njk1ODQ2NzqAAn1xAVUKdGVzdGNvb2tp\nZXECVQZ3b3JrZWRxA3Mu\n','2013-08-23 13:35:17'),('3c734c683c955929a3e642869c8204e4','YjZjYzk3NTIzNjc2MTllOGRkYjg2OWZiYjFkN2U3NTU2Njk1ODQ2NzqAAn1xAVUKdGVzdGNvb2tp\nZXECVQZ3b3JrZWRxA3Mu\n','2013-08-24 05:01:24'),('0198a4f540c95cd5e018eed7be693243','YjZjYzk3NTIzNjc2MTllOGRkYjg2OWZiYjFkN2U3NTU2Njk1ODQ2NzqAAn1xAVUKdGVzdGNvb2tp\nZXECVQZ3b3JrZWRxA3Mu\n','2013-08-25 07:47:06'),('81b93b90c2735a7d432bf07ab2743b94','YjZjYzk3NTIzNjc2MTllOGRkYjg2OWZiYjFkN2U3NTU2Njk1ODQ2NzqAAn1xAVUKdGVzdGNvb2tp\nZXECVQZ3b3JrZWRxA3Mu\n','2013-08-26 06:40:38'),('faed5d716fa06dae99c10bf1fe494484','YjZjYzk3NTIzNjc2MTllOGRkYjg2OWZiYjFkN2U3NTU2Njk1ODQ2NzqAAn1xAVUKdGVzdGNvb2tp\nZXECVQZ3b3JrZWRxA3Mu\n','2013-08-28 17:55:01'),('b7c8ae2e9ef321e3d39ede3462baa1a9','YjZjYzk3NTIzNjc2MTllOGRkYjg2OWZiYjFkN2U3NTU2Njk1ODQ2NzqAAn1xAVUKdGVzdGNvb2tp\nZXECVQZ3b3JrZWRxA3Mu\n','2013-09-03 15:30:44'),('85dc8e831288b1cc7b14168f8b49249d','YjZjYzk3NTIzNjc2MTllOGRkYjg2OWZiYjFkN2U3NTU2Njk1ODQ2NzqAAn1xAVUKdGVzdGNvb2tp\nZXECVQZ3b3JrZWRxA3Mu\n','2013-09-03 21:07:17'),('96f6eebdccd0eece786e7cdd4eb50658','YjZjYzk3NTIzNjc2MTllOGRkYjg2OWZiYjFkN2U3NTU2Njk1ODQ2NzqAAn1xAVUKdGVzdGNvb2tp\nZXECVQZ3b3JrZWRxA3Mu\n','2013-09-04 00:22:05'),('3fddc15be8017f5f5c5b00fa0edce695','YjZjYzk3NTIzNjc2MTllOGRkYjg2OWZiYjFkN2U3NTU2Njk1ODQ2NzqAAn1xAVUKdGVzdGNvb2tp\nZXECVQZ3b3JrZWRxA3Mu\n','2013-09-04 02:53:18'),('8e8653e7735bc9ede505745349a0a945','YjZjYzk3NTIzNjc2MTllOGRkYjg2OWZiYjFkN2U3NTU2Njk1ODQ2NzqAAn1xAVUKdGVzdGNvb2tp\nZXECVQZ3b3JrZWRxA3Mu\n','2013-09-04 04:45:53'),('5edf92378b59191f5cc123ccab0439e8','YjZjYzk3NTIzNjc2MTllOGRkYjg2OWZiYjFkN2U3NTU2Njk1ODQ2NzqAAn1xAVUKdGVzdGNvb2tp\nZXECVQZ3b3JrZWRxA3Mu\n','2013-09-04 17:22:11'),('b2275f40027366ae8afa0a7b80c61347','YjZjYzk3NTIzNjc2MTllOGRkYjg2OWZiYjFkN2U3NTU2Njk1ODQ2NzqAAn1xAVUKdGVzdGNvb2tp\nZXECVQZ3b3JrZWRxA3Mu\n','2013-09-05 12:02:35'),('8fa1fbd655bdc45226cb0b50087cc4c5','YjZjYzk3NTIzNjc2MTllOGRkYjg2OWZiYjFkN2U3NTU2Njk1ODQ2NzqAAn1xAVUKdGVzdGNvb2tp\nZXECVQZ3b3JrZWRxA3Mu\n','2013-09-06 00:18:30'),('ce82b92c98af39cfac1c06492277f6cc','YjZjYzk3NTIzNjc2MTllOGRkYjg2OWZiYjFkN2U3NTU2Njk1ODQ2NzqAAn1xAVUKdGVzdGNvb2tp\nZXECVQZ3b3JrZWRxA3Mu\n','2013-09-06 22:48:03'),('70b281a53125e0e553b19809f0239706','YjZjYzk3NTIzNjc2MTllOGRkYjg2OWZiYjFkN2U3NTU2Njk1ODQ2NzqAAn1xAVUKdGVzdGNvb2tp\nZXECVQZ3b3JrZWRxA3Mu\n','2013-09-07 04:46:39'),('d974c76311a1e33f554985ab8770cab0','YjZjYzk3NTIzNjc2MTllOGRkYjg2OWZiYjFkN2U3NTU2Njk1ODQ2NzqAAn1xAVUKdGVzdGNvb2tp\nZXECVQZ3b3JrZWRxA3Mu\n','2013-09-07 05:46:09'),('afd1639c37f06d9c9736054e07d7834c','YjZjYzk3NTIzNjc2MTllOGRkYjg2OWZiYjFkN2U3NTU2Njk1ODQ2NzqAAn1xAVUKdGVzdGNvb2tp\nZXECVQZ3b3JrZWRxA3Mu\n','2013-09-08 05:57:11'),('75462f18d667577096331e2e6eb7bae1','YjZjYzk3NTIzNjc2MTllOGRkYjg2OWZiYjFkN2U3NTU2Njk1ODQ2NzqAAn1xAVUKdGVzdGNvb2tp\nZXECVQZ3b3JrZWRxA3Mu\n','2013-09-08 10:07:40'),('eb86a4da452d50ad3d2c321c7f6d0214','YjZjYzk3NTIzNjc2MTllOGRkYjg2OWZiYjFkN2U3NTU2Njk1ODQ2NzqAAn1xAVUKdGVzdGNvb2tp\nZXECVQZ3b3JrZWRxA3Mu\n','2013-09-11 04:01:43'),('619486ae1a2ba98e7c8e787868e7390b','YjZjYzk3NTIzNjc2MTllOGRkYjg2OWZiYjFkN2U3NTU2Njk1ODQ2NzqAAn1xAVUKdGVzdGNvb2tp\nZXECVQZ3b3JrZWRxA3Mu\n','2013-09-11 12:14:17'),('ed063b299ecb4eddbc01930e1c0e0a9f','YjZjYzk3NTIzNjc2MTllOGRkYjg2OWZiYjFkN2U3NTU2Njk1ODQ2NzqAAn1xAVUKdGVzdGNvb2tp\nZXECVQZ3b3JrZWRxA3Mu\n','2013-09-11 17:27:13'),('241857e7842b4d7de6d7ca60480487a9','YjZjYzk3NTIzNjc2MTllOGRkYjg2OWZiYjFkN2U3NTU2Njk1ODQ2NzqAAn1xAVUKdGVzdGNvb2tp\nZXECVQZ3b3JrZWRxA3Mu\n','2013-09-11 20:40:17'),('3514df48c5e7cd3a75a3373dd16507fd','YjZjYzk3NTIzNjc2MTllOGRkYjg2OWZiYjFkN2U3NTU2Njk1ODQ2NzqAAn1xAVUKdGVzdGNvb2tp\nZXECVQZ3b3JrZWRxA3Mu\n','2013-09-12 09:23:16'),('78146d92913db8f342d04a6c92af45c2','YjZjYzk3NTIzNjc2MTllOGRkYjg2OWZiYjFkN2U3NTU2Njk1ODQ2NzqAAn1xAVUKdGVzdGNvb2tp\nZXECVQZ3b3JrZWRxA3Mu\n','2013-09-13 03:21:13'),('181c17fdb64d788c12346213e5d824e6','YjZjYzk3NTIzNjc2MTllOGRkYjg2OWZiYjFkN2U3NTU2Njk1ODQ2NzqAAn1xAVUKdGVzdGNvb2tp\nZXECVQZ3b3JrZWRxA3Mu\n','2013-09-15 03:56:56'),('fe96e8353fbc25100b229d931e15b83b','YjZjYzk3NTIzNjc2MTllOGRkYjg2OWZiYjFkN2U3NTU2Njk1ODQ2NzqAAn1xAVUKdGVzdGNvb2tp\nZXECVQZ3b3JrZWRxA3Mu\n','2013-09-15 04:17:16'),('fa8b84d59fab083832d9be9d62e45ce4','YjZjYzk3NTIzNjc2MTllOGRkYjg2OWZiYjFkN2U3NTU2Njk1ODQ2NzqAAn1xAVUKdGVzdGNvb2tp\nZXECVQZ3b3JrZWRxA3Mu\n','2013-09-15 10:39:26'),('74e43d5220ae7f72238c5ad30ec58e83','YjZjYzk3NTIzNjc2MTllOGRkYjg2OWZiYjFkN2U3NTU2Njk1ODQ2NzqAAn1xAVUKdGVzdGNvb2tp\nZXECVQZ3b3JrZWRxA3Mu\n','2013-09-16 07:23:12'),('62a4705e60fca2bc4e6206fededeb796','YjZjYzk3NTIzNjc2MTllOGRkYjg2OWZiYjFkN2U3NTU2Njk1ODQ2NzqAAn1xAVUKdGVzdGNvb2tp\nZXECVQZ3b3JrZWRxA3Mu\n','2013-09-17 23:34:04'),('fe12adb518c5b1d88bc26d2684c1a88f','YjZjYzk3NTIzNjc2MTllOGRkYjg2OWZiYjFkN2U3NTU2Njk1ODQ2NzqAAn1xAVUKdGVzdGNvb2tp\nZXECVQZ3b3JrZWRxA3Mu\n','2013-09-18 03:51:10'),('e75a902e526ae531eb063bc9237aab4b','YjZjYzk3NTIzNjc2MTllOGRkYjg2OWZiYjFkN2U3NTU2Njk1ODQ2NzqAAn1xAVUKdGVzdGNvb2tp\nZXECVQZ3b3JrZWRxA3Mu\n','2013-09-18 13:20:51'),('38df4928b50b4f004e0fe04afb8bbd48','YjZjYzk3NTIzNjc2MTllOGRkYjg2OWZiYjFkN2U3NTU2Njk1ODQ2NzqAAn1xAVUKdGVzdGNvb2tp\nZXECVQZ3b3JrZWRxA3Mu\n','2013-09-18 16:55:28'),('7359798a033aec1eab39f7ecbb379f33','YjZjYzk3NTIzNjc2MTllOGRkYjg2OWZiYjFkN2U3NTU2Njk1ODQ2NzqAAn1xAVUKdGVzdGNvb2tp\nZXECVQZ3b3JrZWRxA3Mu\n','2013-09-19 10:40:38'),('c38f25e85380e52dd430cf4a4f0b6d51','YjZjYzk3NTIzNjc2MTllOGRkYjg2OWZiYjFkN2U3NTU2Njk1ODQ2NzqAAn1xAVUKdGVzdGNvb2tp\nZXECVQZ3b3JrZWRxA3Mu\n','2013-09-19 11:05:42'),('9abd7597248e60a11f73c449aa184d5f','YjZjYzk3NTIzNjc2MTllOGRkYjg2OWZiYjFkN2U3NTU2Njk1ODQ2NzqAAn1xAVUKdGVzdGNvb2tp\nZXECVQZ3b3JrZWRxA3Mu\n','2013-09-20 07:37:59'),('2603e5734135abcc900a58fad4c5bcfd','YjZjYzk3NTIzNjc2MTllOGRkYjg2OWZiYjFkN2U3NTU2Njk1ODQ2NzqAAn1xAVUKdGVzdGNvb2tp\nZXECVQZ3b3JrZWRxA3Mu\n','2013-09-20 12:53:41'),('a87bdbdf8157a5c856b58f7e532a3e5e','YjZjYzk3NTIzNjc2MTllOGRkYjg2OWZiYjFkN2U3NTU2Njk1ODQ2NzqAAn1xAVUKdGVzdGNvb2tp\nZXECVQZ3b3JrZWRxA3Mu\n','2013-09-21 05:28:55'),('ccca6f5a45027b10aa4f3f27fb000291','YjZjYzk3NTIzNjc2MTllOGRkYjg2OWZiYjFkN2U3NTU2Njk1ODQ2NzqAAn1xAVUKdGVzdGNvb2tp\nZXECVQZ3b3JrZWRxA3Mu\n','2013-09-21 07:04:02'),('91845c6bbb65dcd2818b4d9f362d5238','YjZjYzk3NTIzNjc2MTllOGRkYjg2OWZiYjFkN2U3NTU2Njk1ODQ2NzqAAn1xAVUKdGVzdGNvb2tp\nZXECVQZ3b3JrZWRxA3Mu\n','2013-09-21 10:28:46'),('dcde62862c54155e64b1a7c85fea8563','YjZjYzk3NTIzNjc2MTllOGRkYjg2OWZiYjFkN2U3NTU2Njk1ODQ2NzqAAn1xAVUKdGVzdGNvb2tp\nZXECVQZ3b3JrZWRxA3Mu\n','2013-09-21 13:59:17'),('97457058a6c8c448960313d5a13c211c','YjZjYzk3NTIzNjc2MTllOGRkYjg2OWZiYjFkN2U3NTU2Njk1ODQ2NzqAAn1xAVUKdGVzdGNvb2tp\nZXECVQZ3b3JrZWRxA3Mu\n','2013-09-23 11:25:27'),('382b92d7b334b9815819cba7bf01ead3','YjZjYzk3NTIzNjc2MTllOGRkYjg2OWZiYjFkN2U3NTU2Njk1ODQ2NzqAAn1xAVUKdGVzdGNvb2tp\nZXECVQZ3b3JrZWRxA3Mu\n','2013-09-23 20:13:38'),('0d36e1ba9da7b641f95975810d5b5623','YjZjYzk3NTIzNjc2MTllOGRkYjg2OWZiYjFkN2U3NTU2Njk1ODQ2NzqAAn1xAVUKdGVzdGNvb2tp\nZXECVQZ3b3JrZWRxA3Mu\n','2013-09-23 20:13:39'),('899367bf012a75850ace4d30540f8099','YjZjYzk3NTIzNjc2MTllOGRkYjg2OWZiYjFkN2U3NTU2Njk1ODQ2NzqAAn1xAVUKdGVzdGNvb2tp\nZXECVQZ3b3JrZWRxA3Mu\n','2013-09-24 03:39:23'),('abacc7ded7da7f49b37db28741648150','YjZjYzk3NTIzNjc2MTllOGRkYjg2OWZiYjFkN2U3NTU2Njk1ODQ2NzqAAn1xAVUKdGVzdGNvb2tp\nZXECVQZ3b3JrZWRxA3Mu\n','2013-09-24 14:20:22'),('3fb9cde0405f45473c1915e47eb968be','YjZjYzk3NTIzNjc2MTllOGRkYjg2OWZiYjFkN2U3NTU2Njk1ODQ2NzqAAn1xAVUKdGVzdGNvb2tp\nZXECVQZ3b3JrZWRxA3Mu\n','2013-09-24 18:05:19'),('05b2d542395bc368140d5a206cfb7755','YjZjYzk3NTIzNjc2MTllOGRkYjg2OWZiYjFkN2U3NTU2Njk1ODQ2NzqAAn1xAVUKdGVzdGNvb2tp\nZXECVQZ3b3JrZWRxA3Mu\n','2013-09-24 20:29:10'),('cd2fbaf95b7179f04fcc762fefcb8b0c','YjZjYzk3NTIzNjc2MTllOGRkYjg2OWZiYjFkN2U3NTU2Njk1ODQ2NzqAAn1xAVUKdGVzdGNvb2tp\nZXECVQZ3b3JrZWRxA3Mu\n','2013-09-26 10:29:09'),('2771cfc730aab07ae7dd09171a75b012','YjZjYzk3NTIzNjc2MTllOGRkYjg2OWZiYjFkN2U3NTU2Njk1ODQ2NzqAAn1xAVUKdGVzdGNvb2tp\nZXECVQZ3b3JrZWRxA3Mu\n','2013-09-26 12:14:20'),('2b838193c8aaeeb906a9fb98e62e8fae','YjZjYzk3NTIzNjc2MTllOGRkYjg2OWZiYjFkN2U3NTU2Njk1ODQ2NzqAAn1xAVUKdGVzdGNvb2tp\nZXECVQZ3b3JrZWRxA3Mu\n','2013-09-27 10:39:54'),('a0d5fc8eda1a4d19f7c5587129d42359','YjZjYzk3NTIzNjc2MTllOGRkYjg2OWZiYjFkN2U3NTU2Njk1ODQ2NzqAAn1xAVUKdGVzdGNvb2tp\nZXECVQZ3b3JrZWRxA3Mu\n','2013-09-27 14:50:52'),('e6cb985e898d8de56d25871bf84426a7','YjZjYzk3NTIzNjc2MTllOGRkYjg2OWZiYjFkN2U3NTU2Njk1ODQ2NzqAAn1xAVUKdGVzdGNvb2tp\nZXECVQZ3b3JrZWRxA3Mu\n','2013-09-27 15:06:55'),('797bb539667d00e275a84042e6e5b0c2','YjZjYzk3NTIzNjc2MTllOGRkYjg2OWZiYjFkN2U3NTU2Njk1ODQ2NzqAAn1xAVUKdGVzdGNvb2tp\nZXECVQZ3b3JrZWRxA3Mu\n','2013-09-27 15:30:45'),('6649c7ac97788cc1651d25d8d914bd39','YjZjYzk3NTIzNjc2MTllOGRkYjg2OWZiYjFkN2U3NTU2Njk1ODQ2NzqAAn1xAVUKdGVzdGNvb2tp\nZXECVQZ3b3JrZWRxA3Mu\n','2013-09-28 23:43:32'),('4352a919213721138bf37fd926a4df63','YjZjYzk3NTIzNjc2MTllOGRkYjg2OWZiYjFkN2U3NTU2Njk1ODQ2NzqAAn1xAVUKdGVzdGNvb2tp\nZXECVQZ3b3JrZWRxA3Mu\n','2013-09-29 06:08:47'),('4143a5f78e8e105fb3e7da0f7c1b0b9a','YjZjYzk3NTIzNjc2MTllOGRkYjg2OWZiYjFkN2U3NTU2Njk1ODQ2NzqAAn1xAVUKdGVzdGNvb2tp\nZXECVQZ3b3JrZWRxA3Mu\n','2013-09-29 15:17:58'),('c82508c4365a690e65c229310aac7a2a','YjZjYzk3NTIzNjc2MTllOGRkYjg2OWZiYjFkN2U3NTU2Njk1ODQ2NzqAAn1xAVUKdGVzdGNvb2tp\nZXECVQZ3b3JrZWRxA3Mu\n','2013-09-30 10:07:10'),('620459dd8442f4d066a68e930d46649e','YjZjYzk3NTIzNjc2MTllOGRkYjg2OWZiYjFkN2U3NTU2Njk1ODQ2NzqAAn1xAVUKdGVzdGNvb2tp\nZXECVQZ3b3JrZWRxA3Mu\n','2013-09-30 16:00:44'),('58c5195363d56592197cec58e874476d','YjZjYzk3NTIzNjc2MTllOGRkYjg2OWZiYjFkN2U3NTU2Njk1ODQ2NzqAAn1xAVUKdGVzdGNvb2tp\nZXECVQZ3b3JrZWRxA3Mu\n','2013-10-02 04:25:12'),('4b07a58c7c5a74aff52faf190fcb2302','YjZjYzk3NTIzNjc2MTllOGRkYjg2OWZiYjFkN2U3NTU2Njk1ODQ2NzqAAn1xAVUKdGVzdGNvb2tp\nZXECVQZ3b3JrZWRxA3Mu\n','2013-10-03 07:35:08'),('267920628e5e7d3fb1b361a3092b9d10','YjZjYzk3NTIzNjc2MTllOGRkYjg2OWZiYjFkN2U3NTU2Njk1ODQ2NzqAAn1xAVUKdGVzdGNvb2tp\nZXECVQZ3b3JrZWRxA3Mu\n','2013-10-03 10:34:41'),('b3f8d34677f64c16d1fce8e9d93b5c71','YjZjYzk3NTIzNjc2MTllOGRkYjg2OWZiYjFkN2U3NTU2Njk1ODQ2NzqAAn1xAVUKdGVzdGNvb2tp\nZXECVQZ3b3JrZWRxA3Mu\n','2013-10-03 10:34:41'),('ce818bb05ad78cc869a4c913bc6d58b9','YjZjYzk3NTIzNjc2MTllOGRkYjg2OWZiYjFkN2U3NTU2Njk1ODQ2NzqAAn1xAVUKdGVzdGNvb2tp\nZXECVQZ3b3JrZWRxA3Mu\n','2013-10-03 16:52:18'),('37f6022853ef9e22c391a118da2e54de','YjZjYzk3NTIzNjc2MTllOGRkYjg2OWZiYjFkN2U3NTU2Njk1ODQ2NzqAAn1xAVUKdGVzdGNvb2tp\nZXECVQZ3b3JrZWRxA3Mu\n','2013-10-04 02:26:57'),('bd3091e91e206208dfee80ab7f76994f','YjZjYzk3NTIzNjc2MTllOGRkYjg2OWZiYjFkN2U3NTU2Njk1ODQ2NzqAAn1xAVUKdGVzdGNvb2tp\nZXECVQZ3b3JrZWRxA3Mu\n','2013-10-04 02:40:53'),('8952ba8cee48c6e7813ef1d69525e2a1','YjZjYzk3NTIzNjc2MTllOGRkYjg2OWZiYjFkN2U3NTU2Njk1ODQ2NzqAAn1xAVUKdGVzdGNvb2tp\nZXECVQZ3b3JrZWRxA3Mu\n','2013-10-04 11:15:21'),('7e76e47ba86d25da76c824a0c78dd603','YjZjYzk3NTIzNjc2MTllOGRkYjg2OWZiYjFkN2U3NTU2Njk1ODQ2NzqAAn1xAVUKdGVzdGNvb2tp\nZXECVQZ3b3JrZWRxA3Mu\n','2013-10-04 11:39:37'),('61704c1df16193b6574be530ead367cc','YjZjYzk3NTIzNjc2MTllOGRkYjg2OWZiYjFkN2U3NTU2Njk1ODQ2NzqAAn1xAVUKdGVzdGNvb2tp\nZXECVQZ3b3JrZWRxA3Mu\n','2013-10-08 20:08:34'),('8d2fdf9c820885cea3d9d71da225a95f','YjZjYzk3NTIzNjc2MTllOGRkYjg2OWZiYjFkN2U3NTU2Njk1ODQ2NzqAAn1xAVUKdGVzdGNvb2tp\nZXECVQZ3b3JrZWRxA3Mu\n','2013-10-09 04:11:58'),('a5e446cd4c129f75a91f0eba9e00c932','YjZjYzk3NTIzNjc2MTllOGRkYjg2OWZiYjFkN2U3NTU2Njk1ODQ2NzqAAn1xAVUKdGVzdGNvb2tp\nZXECVQZ3b3JrZWRxA3Mu\n','2013-10-09 14:36:25'),('b301267ebec17b753396b889bcde3283','YjZjYzk3NTIzNjc2MTllOGRkYjg2OWZiYjFkN2U3NTU2Njk1ODQ2NzqAAn1xAVUKdGVzdGNvb2tp\nZXECVQZ3b3JrZWRxA3Mu\n','2013-10-09 17:40:32'),('541e63a885e13bd4430f5a382e991ba7','YjZjYzk3NTIzNjc2MTllOGRkYjg2OWZiYjFkN2U3NTU2Njk1ODQ2NzqAAn1xAVUKdGVzdGNvb2tp\nZXECVQZ3b3JrZWRxA3Mu\n','2013-10-10 07:41:34'),('8bbfeaf8da0c504b918de4ef72239fe1','YjZjYzk3NTIzNjc2MTllOGRkYjg2OWZiYjFkN2U3NTU2Njk1ODQ2NzqAAn1xAVUKdGVzdGNvb2tp\nZXECVQZ3b3JrZWRxA3Mu\n','2013-10-11 07:21:54'),('55dbab472e8b2e1d1e3ede6ceda54c97','YjZjYzk3NTIzNjc2MTllOGRkYjg2OWZiYjFkN2U3NTU2Njk1ODQ2NzqAAn1xAVUKdGVzdGNvb2tp\nZXECVQZ3b3JrZWRxA3Mu\n','2013-10-16 20:13:25'),('c4d68ba0a9b8e510894a434acd6014f3','YjZjYzk3NTIzNjc2MTllOGRkYjg2OWZiYjFkN2U3NTU2Njk1ODQ2NzqAAn1xAVUKdGVzdGNvb2tp\nZXECVQZ3b3JrZWRxA3Mu\n','2013-10-18 01:48:18'),('8fdfe0454f69f5d38eb3cd2f4c80d370','YjZjYzk3NTIzNjc2MTllOGRkYjg2OWZiYjFkN2U3NTU2Njk1ODQ2NzqAAn1xAVUKdGVzdGNvb2tp\nZXECVQZ3b3JrZWRxA3Mu\n','2013-10-18 06:30:53'),('de1bc953b19910ff7327ae5988ab5b05','YjZjYzk3NTIzNjc2MTllOGRkYjg2OWZiYjFkN2U3NTU2Njk1ODQ2NzqAAn1xAVUKdGVzdGNvb2tp\nZXECVQZ3b3JrZWRxA3Mu\n','2013-10-18 11:08:15'),('0ab7026f5441e8b9adf2047839d13b18','YjZjYzk3NTIzNjc2MTllOGRkYjg2OWZiYjFkN2U3NTU2Njk1ODQ2NzqAAn1xAVUKdGVzdGNvb2tp\nZXECVQZ3b3JrZWRxA3Mu\n','2013-10-19 01:06:04'),('4cb35a1c905d10b5ea0b0570fd486001','YjZjYzk3NTIzNjc2MTllOGRkYjg2OWZiYjFkN2U3NTU2Njk1ODQ2NzqAAn1xAVUKdGVzdGNvb2tp\nZXECVQZ3b3JrZWRxA3Mu\n','2013-10-19 12:47:15'),('3b8001b89ce79a6d4229cbfd056805de','YjZjYzk3NTIzNjc2MTllOGRkYjg2OWZiYjFkN2U3NTU2Njk1ODQ2NzqAAn1xAVUKdGVzdGNvb2tp\nZXECVQZ3b3JrZWRxA3Mu\n','2013-10-20 03:25:34'),('2748817563ed6a5974fc45b07ad7ecc8','YjZjYzk3NTIzNjc2MTllOGRkYjg2OWZiYjFkN2U3NTU2Njk1ODQ2NzqAAn1xAVUKdGVzdGNvb2tp\nZXECVQZ3b3JrZWRxA3Mu\n','2013-10-20 06:06:24'),('e9cb1222b9fcd77456ab9ed24bff1657','YjZjYzk3NTIzNjc2MTllOGRkYjg2OWZiYjFkN2U3NTU2Njk1ODQ2NzqAAn1xAVUKdGVzdGNvb2tp\nZXECVQZ3b3JrZWRxA3Mu\n','2013-10-20 06:11:52'),('9755822632b9c3caa94581ff68fec282','YjZjYzk3NTIzNjc2MTllOGRkYjg2OWZiYjFkN2U3NTU2Njk1ODQ2NzqAAn1xAVUKdGVzdGNvb2tp\nZXECVQZ3b3JrZWRxA3Mu\n','2013-10-20 21:41:34'),('292657885ecd45ea3e2a2e0c6733e2e3','YjZjYzk3NTIzNjc2MTllOGRkYjg2OWZiYjFkN2U3NTU2Njk1ODQ2NzqAAn1xAVUKdGVzdGNvb2tp\nZXECVQZ3b3JrZWRxA3Mu\n','2013-10-21 10:53:36'),('d2596bdfc1671680c82ad63617561323','YjZjYzk3NTIzNjc2MTllOGRkYjg2OWZiYjFkN2U3NTU2Njk1ODQ2NzqAAn1xAVUKdGVzdGNvb2tp\nZXECVQZ3b3JrZWRxA3Mu\n','2013-10-23 23:10:07'),('0427139064daad548b7cce8d1c5cfed3','YjZjYzk3NTIzNjc2MTllOGRkYjg2OWZiYjFkN2U3NTU2Njk1ODQ2NzqAAn1xAVUKdGVzdGNvb2tp\nZXECVQZ3b3JrZWRxA3Mu\n','2013-10-24 18:44:54'),('6efc08de72a967970f8df4f6f2a9d9a5','YjZjYzk3NTIzNjc2MTllOGRkYjg2OWZiYjFkN2U3NTU2Njk1ODQ2NzqAAn1xAVUKdGVzdGNvb2tp\nZXECVQZ3b3JrZWRxA3Mu\n','2013-10-26 10:44:59'),('157c14d60a48ad93165d820ac3aab0f7','YjZjYzk3NTIzNjc2MTllOGRkYjg2OWZiYjFkN2U3NTU2Njk1ODQ2NzqAAn1xAVUKdGVzdGNvb2tp\nZXECVQZ3b3JrZWRxA3Mu\n','2013-10-28 04:25:39'),('867fbff097778e7def2ab5867fcc751c','YjZjYzk3NTIzNjc2MTllOGRkYjg2OWZiYjFkN2U3NTU2Njk1ODQ2NzqAAn1xAVUKdGVzdGNvb2tp\nZXECVQZ3b3JrZWRxA3Mu\n','2013-10-29 11:14:22'),('398a13b1aa7ac4c18ebfd6dbd883e043','YjZjYzk3NTIzNjc2MTllOGRkYjg2OWZiYjFkN2U3NTU2Njk1ODQ2NzqAAn1xAVUKdGVzdGNvb2tp\nZXECVQZ3b3JrZWRxA3Mu\n','2013-11-04 23:38:52'),('2a60b567ddcda3aba52dfdfb93dc8897','YjZjYzk3NTIzNjc2MTllOGRkYjg2OWZiYjFkN2U3NTU2Njk1ODQ2NzqAAn1xAVUKdGVzdGNvb2tp\nZXECVQZ3b3JrZWRxA3Mu\n','2013-11-05 08:13:43'),('42be53b4c4dea3828ce73b89a1bd6e15','YjZjYzk3NTIzNjc2MTllOGRkYjg2OWZiYjFkN2U3NTU2Njk1ODQ2NzqAAn1xAVUKdGVzdGNvb2tp\nZXECVQZ3b3JrZWRxA3Mu\n','2013-11-06 02:02:17'),('159ae06a53d55e7c7f25ef12a64a76a5','YjZjYzk3NTIzNjc2MTllOGRkYjg2OWZiYjFkN2U3NTU2Njk1ODQ2NzqAAn1xAVUKdGVzdGNvb2tp\nZXECVQZ3b3JrZWRxA3Mu\n','2013-11-06 07:47:41'),('53dea6f580d84e5f13c09f196c95f9af','YjZjYzk3NTIzNjc2MTllOGRkYjg2OWZiYjFkN2U3NTU2Njk1ODQ2NzqAAn1xAVUKdGVzdGNvb2tp\nZXECVQZ3b3JrZWRxA3Mu\n','2013-11-07 16:57:00'),('4b04fe8abde81408dc8c876c70870e72','YjZjYzk3NTIzNjc2MTllOGRkYjg2OWZiYjFkN2U3NTU2Njk1ODQ2NzqAAn1xAVUKdGVzdGNvb2tp\nZXECVQZ3b3JrZWRxA3Mu\n','2013-11-08 12:17:28'),('725b391ec6c38420cf74727e6fd71507','YjZjYzk3NTIzNjc2MTllOGRkYjg2OWZiYjFkN2U3NTU2Njk1ODQ2NzqAAn1xAVUKdGVzdGNvb2tp\nZXECVQZ3b3JrZWRxA3Mu\n','2013-11-09 09:26:25'),('b1ec9db7c226e36e322495ad716a15eb','YjZjYzk3NTIzNjc2MTllOGRkYjg2OWZiYjFkN2U3NTU2Njk1ODQ2NzqAAn1xAVUKdGVzdGNvb2tp\nZXECVQZ3b3JrZWRxA3Mu\n','2013-11-09 15:00:12'),('1fcae46dd2a6b5d277b2cfe2f8fb4086','YjZjYzk3NTIzNjc2MTllOGRkYjg2OWZiYjFkN2U3NTU2Njk1ODQ2NzqAAn1xAVUKdGVzdGNvb2tp\nZXECVQZ3b3JrZWRxA3Mu\n','2013-11-11 00:08:15'),('190ec7054913f207f28394a5acb0a23b','YjZjYzk3NTIzNjc2MTllOGRkYjg2OWZiYjFkN2U3NTU2Njk1ODQ2NzqAAn1xAVUKdGVzdGNvb2tp\nZXECVQZ3b3JrZWRxA3Mu\n','2013-11-11 12:33:10'),('7bb1f9f74f446ed4e07fa48a9716fba1','YjZjYzk3NTIzNjc2MTllOGRkYjg2OWZiYjFkN2U3NTU2Njk1ODQ2NzqAAn1xAVUKdGVzdGNvb2tp\nZXECVQZ3b3JrZWRxA3Mu\n','2013-11-12 17:02:41'),('1cc79b6c0e5fa8ad2e4175b35c23383b','YjZjYzk3NTIzNjc2MTllOGRkYjg2OWZiYjFkN2U3NTU2Njk1ODQ2NzqAAn1xAVUKdGVzdGNvb2tp\nZXECVQZ3b3JrZWRxA3Mu\n','2013-11-15 07:47:26'),('36cfbe4f431bd4483abd13850e5bfa8c','YjZjYzk3NTIzNjc2MTllOGRkYjg2OWZiYjFkN2U3NTU2Njk1ODQ2NzqAAn1xAVUKdGVzdGNvb2tp\nZXECVQZ3b3JrZWRxA3Mu\n','2013-11-16 08:56:56'),('9c5ee2aa5b5f86d62e055cab9e5d14d2','YjZjYzk3NTIzNjc2MTllOGRkYjg2OWZiYjFkN2U3NTU2Njk1ODQ2NzqAAn1xAVUKdGVzdGNvb2tp\nZXECVQZ3b3JrZWRxA3Mu\n','2013-11-18 19:43:58'),('fc291f23272b3de1b304dc0c4eb71891','YjZjYzk3NTIzNjc2MTllOGRkYjg2OWZiYjFkN2U3NTU2Njk1ODQ2NzqAAn1xAVUKdGVzdGNvb2tp\nZXECVQZ3b3JrZWRxA3Mu\n','2013-11-19 04:43:57'),('ccec61568527be2e282b0335da4c91b8','YjZjYzk3NTIzNjc2MTllOGRkYjg2OWZiYjFkN2U3NTU2Njk1ODQ2NzqAAn1xAVUKdGVzdGNvb2tp\nZXECVQZ3b3JrZWRxA3Mu\n','2013-11-19 04:43:59'),('543d53af091f3625ffd896ddf889b20a','YjZjYzk3NTIzNjc2MTllOGRkYjg2OWZiYjFkN2U3NTU2Njk1ODQ2NzqAAn1xAVUKdGVzdGNvb2tp\nZXECVQZ3b3JrZWRxA3Mu\n','2013-11-19 06:50:59'),('2b86db375e332862269547104871d649','YjZjYzk3NTIzNjc2MTllOGRkYjg2OWZiYjFkN2U3NTU2Njk1ODQ2NzqAAn1xAVUKdGVzdGNvb2tp\nZXECVQZ3b3JrZWRxA3Mu\n','2013-11-21 03:38:18'),('edada40f473459debffc60a378f66dee','YjZjYzk3NTIzNjc2MTllOGRkYjg2OWZiYjFkN2U3NTU2Njk1ODQ2NzqAAn1xAVUKdGVzdGNvb2tp\nZXECVQZ3b3JrZWRxA3Mu\n','2013-11-22 03:18:56'),('c97e04c47edb0f710fc826ddf164619e','YjZjYzk3NTIzNjc2MTllOGRkYjg2OWZiYjFkN2U3NTU2Njk1ODQ2NzqAAn1xAVUKdGVzdGNvb2tp\nZXECVQZ3b3JrZWRxA3Mu\n','2013-11-22 17:46:04'),('85428f4dd13b8880c1884aa8fc8c7581','YjZjYzk3NTIzNjc2MTllOGRkYjg2OWZiYjFkN2U3NTU2Njk1ODQ2NzqAAn1xAVUKdGVzdGNvb2tp\nZXECVQZ3b3JrZWRxA3Mu\n','2013-11-23 01:04:03'),('51938d3ac5436810cf605804a2219456','YjZjYzk3NTIzNjc2MTllOGRkYjg2OWZiYjFkN2U3NTU2Njk1ODQ2NzqAAn1xAVUKdGVzdGNvb2tp\nZXECVQZ3b3JrZWRxA3Mu\n','2013-11-23 08:44:00'),('7846d9abb0e334572ecaa0a51fe434a9','YjZjYzk3NTIzNjc2MTllOGRkYjg2OWZiYjFkN2U3NTU2Njk1ODQ2NzqAAn1xAVUKdGVzdGNvb2tp\nZXECVQZ3b3JrZWRxA3Mu\n','2013-11-24 03:32:48'),('921f69d27b7253317e0c032c752c76a0','YjZjYzk3NTIzNjc2MTllOGRkYjg2OWZiYjFkN2U3NTU2Njk1ODQ2NzqAAn1xAVUKdGVzdGNvb2tp\nZXECVQZ3b3JrZWRxA3Mu\n','2013-11-24 07:55:12'),('ac6767e1c4fe927e2831321eae174839','YjZjYzk3NTIzNjc2MTllOGRkYjg2OWZiYjFkN2U3NTU2Njk1ODQ2NzqAAn1xAVUKdGVzdGNvb2tp\nZXECVQZ3b3JrZWRxA3Mu\n','2013-11-25 07:45:09'),('07ff9a1155ddafc39e0efb8538274e39','YjZjYzk3NTIzNjc2MTllOGRkYjg2OWZiYjFkN2U3NTU2Njk1ODQ2NzqAAn1xAVUKdGVzdGNvb2tp\nZXECVQZ3b3JrZWRxA3Mu\n','2013-11-25 19:57:03'),('1777e4baae70bcb66a00637a89c23e3a','YjZjYzk3NTIzNjc2MTllOGRkYjg2OWZiYjFkN2U3NTU2Njk1ODQ2NzqAAn1xAVUKdGVzdGNvb2tp\nZXECVQZ3b3JrZWRxA3Mu\n','2013-11-27 09:04:35'),('5c36bd86ba0a23a36133b01185c7a948','YjZjYzk3NTIzNjc2MTllOGRkYjg2OWZiYjFkN2U3NTU2Njk1ODQ2NzqAAn1xAVUKdGVzdGNvb2tp\nZXECVQZ3b3JrZWRxA3Mu\n','2013-11-28 00:17:36'),('6deb771b24fe8cb44e6aab9ce4c0c478','YjZjYzk3NTIzNjc2MTllOGRkYjg2OWZiYjFkN2U3NTU2Njk1ODQ2NzqAAn1xAVUKdGVzdGNvb2tp\nZXECVQZ3b3JrZWRxA3Mu\n','2013-11-29 19:34:46'),('3a6807cc1eea36d2465ae06074bbf69d','YjZjYzk3NTIzNjc2MTllOGRkYjg2OWZiYjFkN2U3NTU2Njk1ODQ2NzqAAn1xAVUKdGVzdGNvb2tp\nZXECVQZ3b3JrZWRxA3Mu\n','2013-11-30 12:52:22'),('840ede66c045a5460e32351da263d748','YjZjYzk3NTIzNjc2MTllOGRkYjg2OWZiYjFkN2U3NTU2Njk1ODQ2NzqAAn1xAVUKdGVzdGNvb2tp\nZXECVQZ3b3JrZWRxA3Mu\n','2013-11-30 16:35:58'),('68090abe6760bc7de03df579fe39e2b6','YjZjYzk3NTIzNjc2MTllOGRkYjg2OWZiYjFkN2U3NTU2Njk1ODQ2NzqAAn1xAVUKdGVzdGNvb2tp\nZXECVQZ3b3JrZWRxA3Mu\n','2013-11-30 17:32:52'),('9be69bfe6eea44d4decae62ee76576eb','YjZjYzk3NTIzNjc2MTllOGRkYjg2OWZiYjFkN2U3NTU2Njk1ODQ2NzqAAn1xAVUKdGVzdGNvb2tp\nZXECVQZ3b3JrZWRxA3Mu\n','2013-11-30 17:53:11'),('c3e294b7592ad8ec4d45697fc634b733','YjZjYzk3NTIzNjc2MTllOGRkYjg2OWZiYjFkN2U3NTU2Njk1ODQ2NzqAAn1xAVUKdGVzdGNvb2tp\nZXECVQZ3b3JrZWRxA3Mu\n','2013-11-30 18:22:39'),('1856102bc82924334e8da899b0bebd94','YjZjYzk3NTIzNjc2MTllOGRkYjg2OWZiYjFkN2U3NTU2Njk1ODQ2NzqAAn1xAVUKdGVzdGNvb2tp\nZXECVQZ3b3JrZWRxA3Mu\n','2013-11-30 19:44:01'),('dfcfdd57d71036e9fcfc5832ef76df55','YjZjYzk3NTIzNjc2MTllOGRkYjg2OWZiYjFkN2U3NTU2Njk1ODQ2NzqAAn1xAVUKdGVzdGNvb2tp\nZXECVQZ3b3JrZWRxA3Mu\n','2013-11-30 23:24:25'),('5a3eff413ad0789c25ebe20a47aca846','YjZjYzk3NTIzNjc2MTllOGRkYjg2OWZiYjFkN2U3NTU2Njk1ODQ2NzqAAn1xAVUKdGVzdGNvb2tp\nZXECVQZ3b3JrZWRxA3Mu\n','2013-12-02 14:13:38'),('aa3a666c8ca26678b389ba1f307c1b73','YjZjYzk3NTIzNjc2MTllOGRkYjg2OWZiYjFkN2U3NTU2Njk1ODQ2NzqAAn1xAVUKdGVzdGNvb2tp\nZXECVQZ3b3JrZWRxA3Mu\n','2013-12-02 22:09:04'),('b313c21ae82577bdbd6ad57ed51cb1a3','YjZjYzk3NTIzNjc2MTllOGRkYjg2OWZiYjFkN2U3NTU2Njk1ODQ2NzqAAn1xAVUKdGVzdGNvb2tp\nZXECVQZ3b3JrZWRxA3Mu\n','2013-12-03 15:27:27'),('54fab080edf8f85f0b5e67406b925198','YjZjYzk3NTIzNjc2MTllOGRkYjg2OWZiYjFkN2U3NTU2Njk1ODQ2NzqAAn1xAVUKdGVzdGNvb2tp\nZXECVQZ3b3JrZWRxA3Mu\n','2013-12-04 06:34:41'),('39aa191a0fcd849212a16799585c02bc','YjZjYzk3NTIzNjc2MTllOGRkYjg2OWZiYjFkN2U3NTU2Njk1ODQ2NzqAAn1xAVUKdGVzdGNvb2tp\nZXECVQZ3b3JrZWRxA3Mu\n','2013-12-04 09:25:58'),('b7ea7bb46d3dfee1040ddc3c44efcf52','YjZjYzk3NTIzNjc2MTllOGRkYjg2OWZiYjFkN2U3NTU2Njk1ODQ2NzqAAn1xAVUKdGVzdGNvb2tp\nZXECVQZ3b3JrZWRxA3Mu\n','2013-12-04 11:45:59'),('b3d330a6c547be49a27d6fb962db3208','YjZjYzk3NTIzNjc2MTllOGRkYjg2OWZiYjFkN2U3NTU2Njk1ODQ2NzqAAn1xAVUKdGVzdGNvb2tp\nZXECVQZ3b3JrZWRxA3Mu\n','2013-12-06 00:36:00'),('8dc5406062a674362a219fbea81d159a','YjZjYzk3NTIzNjc2MTllOGRkYjg2OWZiYjFkN2U3NTU2Njk1ODQ2NzqAAn1xAVUKdGVzdGNvb2tp\nZXECVQZ3b3JrZWRxA3Mu\n','2013-12-06 02:29:46'),('cb4b6f54a00dbc48dceee793472c3781','YjZjYzk3NTIzNjc2MTllOGRkYjg2OWZiYjFkN2U3NTU2Njk1ODQ2NzqAAn1xAVUKdGVzdGNvb2tp\nZXECVQZ3b3JrZWRxA3Mu\n','2013-12-08 13:53:43'),('ff53024bb8b3052bdffdded855c60702','YjZjYzk3NTIzNjc2MTllOGRkYjg2OWZiYjFkN2U3NTU2Njk1ODQ2NzqAAn1xAVUKdGVzdGNvb2tp\nZXECVQZ3b3JrZWRxA3Mu\n','2013-12-09 07:24:00'),('140b8677942f60b1b05efb42a3a67f98','YjZjYzk3NTIzNjc2MTllOGRkYjg2OWZiYjFkN2U3NTU2Njk1ODQ2NzqAAn1xAVUKdGVzdGNvb2tp\nZXECVQZ3b3JrZWRxA3Mu\n','2013-12-10 09:17:08'),('0dcf3e4a02f03e882be685216f4bbed4','YjZjYzk3NTIzNjc2MTllOGRkYjg2OWZiYjFkN2U3NTU2Njk1ODQ2NzqAAn1xAVUKdGVzdGNvb2tp\nZXECVQZ3b3JrZWRxA3Mu\n','2013-12-11 05:31:06'),('f5fbbecbb911dedbaea1f7c4ca30884b','YjZjYzk3NTIzNjc2MTllOGRkYjg2OWZiYjFkN2U3NTU2Njk1ODQ2NzqAAn1xAVUKdGVzdGNvb2tp\nZXECVQZ3b3JrZWRxA3Mu\n','2013-12-15 23:02:01'),('543484729666945f939d576c0c8d6f17','YjZjYzk3NTIzNjc2MTllOGRkYjg2OWZiYjFkN2U3NTU2Njk1ODQ2NzqAAn1xAVUKdGVzdGNvb2tp\nZXECVQZ3b3JrZWRxA3Mu\n','2013-12-18 07:37:20'),('f4aa4df341ddec2847ab51602207e69d','YjZjYzk3NTIzNjc2MTllOGRkYjg2OWZiYjFkN2U3NTU2Njk1ODQ2NzqAAn1xAVUKdGVzdGNvb2tp\nZXECVQZ3b3JrZWRxA3Mu\n','2013-12-18 15:47:41'),('19f962a4f0a66b385bbf60e111f7f9f1','YjZjYzk3NTIzNjc2MTllOGRkYjg2OWZiYjFkN2U3NTU2Njk1ODQ2NzqAAn1xAVUKdGVzdGNvb2tp\nZXECVQZ3b3JrZWRxA3Mu\n','2013-12-18 16:23:21'),('69f63aa6a9cb119389c81dbaf9d1b23a','YjZjYzk3NTIzNjc2MTllOGRkYjg2OWZiYjFkN2U3NTU2Njk1ODQ2NzqAAn1xAVUKdGVzdGNvb2tp\nZXECVQZ3b3JrZWRxA3Mu\n','2013-12-18 16:39:35'),('ceffcea65b557485500dd87f2724ccc9','YjZjYzk3NTIzNjc2MTllOGRkYjg2OWZiYjFkN2U3NTU2Njk1ODQ2NzqAAn1xAVUKdGVzdGNvb2tp\nZXECVQZ3b3JrZWRxA3Mu\n','2013-12-18 16:46:20'),('24d1716f4b00667dbbb23345b769e3a7','YjZjYzk3NTIzNjc2MTllOGRkYjg2OWZiYjFkN2U3NTU2Njk1ODQ2NzqAAn1xAVUKdGVzdGNvb2tp\nZXECVQZ3b3JrZWRxA3Mu\n','2013-12-18 19:08:49'),('1ea501a1eec28a4a92305da1777de281','YjZjYzk3NTIzNjc2MTllOGRkYjg2OWZiYjFkN2U3NTU2Njk1ODQ2NzqAAn1xAVUKdGVzdGNvb2tp\nZXECVQZ3b3JrZWRxA3Mu\n','2013-12-20 11:29:20'),('ccc58e3e1f16a5db8cf85b7c06d63dd4','YjZjYzk3NTIzNjc2MTllOGRkYjg2OWZiYjFkN2U3NTU2Njk1ODQ2NzqAAn1xAVUKdGVzdGNvb2tp\nZXECVQZ3b3JrZWRxA3Mu\n','2013-12-20 16:04:20'),('3e7d7261fb702aa21a8ad71492b9192d','YjZjYzk3NTIzNjc2MTllOGRkYjg2OWZiYjFkN2U3NTU2Njk1ODQ2NzqAAn1xAVUKdGVzdGNvb2tp\nZXECVQZ3b3JrZWRxA3Mu\n','2013-12-22 03:07:52'),('d188d7a025b5977898c92b5a98aa14f5','YjZjYzk3NTIzNjc2MTllOGRkYjg2OWZiYjFkN2U3NTU2Njk1ODQ2NzqAAn1xAVUKdGVzdGNvb2tp\nZXECVQZ3b3JrZWRxA3Mu\n','2013-12-22 13:50:56'),('eed97495c9d804fe887ab5e1ff1aad8a','YjZjYzk3NTIzNjc2MTllOGRkYjg2OWZiYjFkN2U3NTU2Njk1ODQ2NzqAAn1xAVUKdGVzdGNvb2tp\nZXECVQZ3b3JrZWRxA3Mu\n','2013-12-23 10:38:49'),('32da879b7b619b484346829ce994b517','YjZjYzk3NTIzNjc2MTllOGRkYjg2OWZiYjFkN2U3NTU2Njk1ODQ2NzqAAn1xAVUKdGVzdGNvb2tp\nZXECVQZ3b3JrZWRxA3Mu\n','2013-12-23 10:44:31'),('3ae29b15146a4f4e8839754b45f2123e','YjQ1ZGNmMzg3NDE5NWE0OWU4YjRjYmJiMTE1M2RkNmFhYmIwNmE0OTqAAn1xAVUKdGVzdGNvb2tp\nZVUGd29ya2VkcQJzLg==\n','2013-12-24 04:04:37'),('83698cc7de039f7383ee44be441b0d5d','YjZjYzk3NTIzNjc2MTllOGRkYjg2OWZiYjFkN2U3NTU2Njk1ODQ2NzqAAn1xAVUKdGVzdGNvb2tp\nZXECVQZ3b3JrZWRxA3Mu\n','2013-12-24 07:52:40'),('e8c6f11bd4fcaad08067df838a82358c','YjZjYzk3NTIzNjc2MTllOGRkYjg2OWZiYjFkN2U3NTU2Njk1ODQ2NzqAAn1xAVUKdGVzdGNvb2tp\nZXECVQZ3b3JrZWRxA3Mu\n','2013-12-24 16:40:43'),('972e4eab9299c3eb0b8c0e69a8dd5309','YjZjYzk3NTIzNjc2MTllOGRkYjg2OWZiYjFkN2U3NTU2Njk1ODQ2NzqAAn1xAVUKdGVzdGNvb2tp\nZXECVQZ3b3JrZWRxA3Mu\n','2013-12-25 05:06:47'),('7d4db518dccafa83cc6a99bc54bfc826','YjZjYzk3NTIzNjc2MTllOGRkYjg2OWZiYjFkN2U3NTU2Njk1ODQ2NzqAAn1xAVUKdGVzdGNvb2tp\nZXECVQZ3b3JrZWRxA3Mu\n','2013-12-25 06:51:00'),('2d6ae28c76d1260700b666fa7d0354a9','YjZjYzk3NTIzNjc2MTllOGRkYjg2OWZiYjFkN2U3NTU2Njk1ODQ2NzqAAn1xAVUKdGVzdGNvb2tp\nZXECVQZ3b3JrZWRxA3Mu\n','2013-12-26 03:27:04'),('6641f0c090969adc2f8ba1f14c9302e4','YjZjYzk3NTIzNjc2MTllOGRkYjg2OWZiYjFkN2U3NTU2Njk1ODQ2NzqAAn1xAVUKdGVzdGNvb2tp\nZXECVQZ3b3JrZWRxA3Mu\n','2013-12-27 11:52:49'),('cc029f84b8173620ccacf5c3cbaa9351','YjZjYzk3NTIzNjc2MTllOGRkYjg2OWZiYjFkN2U3NTU2Njk1ODQ2NzqAAn1xAVUKdGVzdGNvb2tp\nZXECVQZ3b3JrZWRxA3Mu\n','2013-12-28 05:29:45'),('bf72da2d00ed364b338718b9fddbc4da','YjZjYzk3NTIzNjc2MTllOGRkYjg2OWZiYjFkN2U3NTU2Njk1ODQ2NzqAAn1xAVUKdGVzdGNvb2tp\nZXECVQZ3b3JrZWRxA3Mu\n','2013-12-28 11:23:02'),('7db5802875f273533cabe566454d66a9','YjZjYzk3NTIzNjc2MTllOGRkYjg2OWZiYjFkN2U3NTU2Njk1ODQ2NzqAAn1xAVUKdGVzdGNvb2tp\nZXECVQZ3b3JrZWRxA3Mu\n','2013-12-28 15:53:45'),('032755923ea913db1059202b0c4408f9','YjZjYzk3NTIzNjc2MTllOGRkYjg2OWZiYjFkN2U3NTU2Njk1ODQ2NzqAAn1xAVUKdGVzdGNvb2tp\nZXECVQZ3b3JrZWRxA3Mu\n','2013-12-29 10:08:42'),('9f3342a01a1aa9aacc28f90b92776a6e','YjZjYzk3NTIzNjc2MTllOGRkYjg2OWZiYjFkN2U3NTU2Njk1ODQ2NzqAAn1xAVUKdGVzdGNvb2tp\nZXECVQZ3b3JrZWRxA3Mu\n','2013-12-29 20:58:42'),('242a4c338ae423e89a34d533d8ecdc21','YjZjYzk3NTIzNjc2MTllOGRkYjg2OWZiYjFkN2U3NTU2Njk1ODQ2NzqAAn1xAVUKdGVzdGNvb2tp\nZXECVQZ3b3JrZWRxA3Mu\n','2013-12-30 21:11:08'),('a622a596172dfdda4b8e6e9c669765d9','YjZjYzk3NTIzNjc2MTllOGRkYjg2OWZiYjFkN2U3NTU2Njk1ODQ2NzqAAn1xAVUKdGVzdGNvb2tp\nZXECVQZ3b3JrZWRxA3Mu\n','2013-12-31 08:11:56'),('9cdb43a3a08eda1606d3dcbc5875a694','YjZjYzk3NTIzNjc2MTllOGRkYjg2OWZiYjFkN2U3NTU2Njk1ODQ2NzqAAn1xAVUKdGVzdGNvb2tp\nZXECVQZ3b3JrZWRxA3Mu\n','2013-12-31 15:40:10'),('93c9620f30889890a9acf83836041602','YjZjYzk3NTIzNjc2MTllOGRkYjg2OWZiYjFkN2U3NTU2Njk1ODQ2NzqAAn1xAVUKdGVzdGNvb2tp\nZXECVQZ3b3JrZWRxA3Mu\n','2014-01-01 05:36:35'),('f035094187cf8bcdb1d58e1fe7e0331a','YjZjYzk3NTIzNjc2MTllOGRkYjg2OWZiYjFkN2U3NTU2Njk1ODQ2NzqAAn1xAVUKdGVzdGNvb2tp\nZXECVQZ3b3JrZWRxA3Mu\n','2014-01-02 19:50:16'),('45f71d99ea03344ec31eea6caf4cd5b1','YjQ1ZGNmMzg3NDE5NWE0OWU4YjRjYmJiMTE1M2RkNmFhYmIwNmE0OTqAAn1xAVUKdGVzdGNvb2tp\nZVUGd29ya2VkcQJzLg==\n','2014-01-03 00:41:06'),('3d2cd7565aad36e82e978ee60c83cc44','YjZjYzk3NTIzNjc2MTllOGRkYjg2OWZiYjFkN2U3NTU2Njk1ODQ2NzqAAn1xAVUKdGVzdGNvb2tp\nZXECVQZ3b3JrZWRxA3Mu\n','2014-01-03 05:59:49'),('284a531b5a7d85421be1c05542173851','YjZjYzk3NTIzNjc2MTllOGRkYjg2OWZiYjFkN2U3NTU2Njk1ODQ2NzqAAn1xAVUKdGVzdGNvb2tp\nZXECVQZ3b3JrZWRxA3Mu\n','2014-01-03 16:37:00'),('44c7c75dd690cece7f3c0d5ec0a27ab4','YjZjYzk3NTIzNjc2MTllOGRkYjg2OWZiYjFkN2U3NTU2Njk1ODQ2NzqAAn1xAVUKdGVzdGNvb2tp\nZXECVQZ3b3JrZWRxA3Mu\n','2014-01-03 18:26:37'),('54daa8b5b816729d66a701ab32de6601','YjZjYzk3NTIzNjc2MTllOGRkYjg2OWZiYjFkN2U3NTU2Njk1ODQ2NzqAAn1xAVUKdGVzdGNvb2tp\nZXECVQZ3b3JrZWRxA3Mu\n','2014-01-03 18:58:14'),('292019c137583aa9d858b14b86847d8e','YjZjYzk3NTIzNjc2MTllOGRkYjg2OWZiYjFkN2U3NTU2Njk1ODQ2NzqAAn1xAVUKdGVzdGNvb2tp\nZXECVQZ3b3JrZWRxA3Mu\n','2014-01-06 21:05:46'),('81c024b036fc8cee1cac00ae9b2ca9f9','YjZjYzk3NTIzNjc2MTllOGRkYjg2OWZiYjFkN2U3NTU2Njk1ODQ2NzqAAn1xAVUKdGVzdGNvb2tp\nZXECVQZ3b3JrZWRxA3Mu\n','2014-01-07 07:25:27'),('98af095d77127310c5b52528355b579a','YjZjYzk3NTIzNjc2MTllOGRkYjg2OWZiYjFkN2U3NTU2Njk1ODQ2NzqAAn1xAVUKdGVzdGNvb2tp\nZXECVQZ3b3JrZWRxA3Mu\n','2014-01-08 16:24:56'),('9e27a1de06c1e8aab63cb375e7effa06','YjZjYzk3NTIzNjc2MTllOGRkYjg2OWZiYjFkN2U3NTU2Njk1ODQ2NzqAAn1xAVUKdGVzdGNvb2tp\nZXECVQZ3b3JrZWRxA3Mu\n','2014-01-08 23:05:45'),('a673f9ffaf7e64a1730965195db6d360','YjZjYzk3NTIzNjc2MTllOGRkYjg2OWZiYjFkN2U3NTU2Njk1ODQ2NzqAAn1xAVUKdGVzdGNvb2tp\nZXECVQZ3b3JrZWRxA3Mu\n','2014-01-09 18:13:31'),('f25321d373b3adc2ed8c76502d882652','YjZjYzk3NTIzNjc2MTllOGRkYjg2OWZiYjFkN2U3NTU2Njk1ODQ2NzqAAn1xAVUKdGVzdGNvb2tp\nZXECVQZ3b3JrZWRxA3Mu\n','2014-01-10 22:55:21'),('01bd2bf5b4736873a124ebf655b4e23d','YjZjYzk3NTIzNjc2MTllOGRkYjg2OWZiYjFkN2U3NTU2Njk1ODQ2NzqAAn1xAVUKdGVzdGNvb2tp\nZXECVQZ3b3JrZWRxA3Mu\n','2014-01-10 23:53:33'),('07b691f409b807689053fa1053b37b76','YjZjYzk3NTIzNjc2MTllOGRkYjg2OWZiYjFkN2U3NTU2Njk1ODQ2NzqAAn1xAVUKdGVzdGNvb2tp\nZXECVQZ3b3JrZWRxA3Mu\n','2014-01-11 00:40:34'),('1a0fd4fefa4aa9d56442cf1c55769a2b','YjZjYzk3NTIzNjc2MTllOGRkYjg2OWZiYjFkN2U3NTU2Njk1ODQ2NzqAAn1xAVUKdGVzdGNvb2tp\nZXECVQZ3b3JrZWRxA3Mu\n','2014-01-11 01:34:27'),('d2ef346fbebdd41bbabec8fcffb5bd65','YjZjYzk3NTIzNjc2MTllOGRkYjg2OWZiYjFkN2U3NTU2Njk1ODQ2NzqAAn1xAVUKdGVzdGNvb2tp\nZXECVQZ3b3JrZWRxA3Mu\n','2014-01-11 02:04:10'),('913edbd978f1519d69c07722daf62da4','YjZjYzk3NTIzNjc2MTllOGRkYjg2OWZiYjFkN2U3NTU2Njk1ODQ2NzqAAn1xAVUKdGVzdGNvb2tp\nZXECVQZ3b3JrZWRxA3Mu\n','2014-01-11 02:57:26'),('61dbda5f9cce68f6df826ec87f67f597','YjZjYzk3NTIzNjc2MTllOGRkYjg2OWZiYjFkN2U3NTU2Njk1ODQ2NzqAAn1xAVUKdGVzdGNvb2tp\nZXECVQZ3b3JrZWRxA3Mu\n','2014-01-11 03:23:35'),('435b19afd87d93fa42b972e7b7a528d4','YjZjYzk3NTIzNjc2MTllOGRkYjg2OWZiYjFkN2U3NTU2Njk1ODQ2NzqAAn1xAVUKdGVzdGNvb2tp\nZXECVQZ3b3JrZWRxA3Mu\n','2014-01-11 04:43:01'),('9f56de8dff35dd371b9184d83a641d1a','YjZjYzk3NTIzNjc2MTllOGRkYjg2OWZiYjFkN2U3NTU2Njk1ODQ2NzqAAn1xAVUKdGVzdGNvb2tp\nZXECVQZ3b3JrZWRxA3Mu\n','2014-01-11 05:15:54'),('e72b80dd11da8d15c25a151d19ffcc59','YjZjYzk3NTIzNjc2MTllOGRkYjg2OWZiYjFkN2U3NTU2Njk1ODQ2NzqAAn1xAVUKdGVzdGNvb2tp\nZXECVQZ3b3JrZWRxA3Mu\n','2014-01-11 05:44:46'),('e97ced6211941192be25071c20d1174e','YjZjYzk3NTIzNjc2MTllOGRkYjg2OWZiYjFkN2U3NTU2Njk1ODQ2NzqAAn1xAVUKdGVzdGNvb2tp\nZXECVQZ3b3JrZWRxA3Mu\n','2014-01-11 06:16:42'),('446244fbbc0b1f6ea74b8c46e7f7e7b7','YjZjYzk3NTIzNjc2MTllOGRkYjg2OWZiYjFkN2U3NTU2Njk1ODQ2NzqAAn1xAVUKdGVzdGNvb2tp\nZXECVQZ3b3JrZWRxA3Mu\n','2014-01-11 07:02:35'),('6d67330a2bdcb6f6d4b88ac620d836a2','YjZjYzk3NTIzNjc2MTllOGRkYjg2OWZiYjFkN2U3NTU2Njk1ODQ2NzqAAn1xAVUKdGVzdGNvb2tp\nZXECVQZ3b3JrZWRxA3Mu\n','2014-01-11 08:04:21'),('9fc77ba51734fc1a8f83a9d601a89dbc','YjZjYzk3NTIzNjc2MTllOGRkYjg2OWZiYjFkN2U3NTU2Njk1ODQ2NzqAAn1xAVUKdGVzdGNvb2tp\nZXECVQZ3b3JrZWRxA3Mu\n','2014-01-12 01:31:43'),('09d9f452eb8ff20da10aa1538ac48fd5','YjZjYzk3NTIzNjc2MTllOGRkYjg2OWZiYjFkN2U3NTU2Njk1ODQ2NzqAAn1xAVUKdGVzdGNvb2tp\nZXECVQZ3b3JrZWRxA3Mu\n','2014-01-12 13:29:57'),('91b5331f8a399ba1be3d7d2f1d29c430','YjZjYzk3NTIzNjc2MTllOGRkYjg2OWZiYjFkN2U3NTU2Njk1ODQ2NzqAAn1xAVUKdGVzdGNvb2tp\nZXECVQZ3b3JrZWRxA3Mu\n','2014-01-12 19:52:44'),('3617153cc6ff98f2859790e6babb54b3','YjZjYzk3NTIzNjc2MTllOGRkYjg2OWZiYjFkN2U3NTU2Njk1ODQ2NzqAAn1xAVUKdGVzdGNvb2tp\nZXECVQZ3b3JrZWRxA3Mu\n','2014-01-13 05:17:32'),('620070bb2e62844dcc2daa8f55fead16','YjZjYzk3NTIzNjc2MTllOGRkYjg2OWZiYjFkN2U3NTU2Njk1ODQ2NzqAAn1xAVUKdGVzdGNvb2tp\nZXECVQZ3b3JrZWRxA3Mu\n','2014-01-13 18:59:47'),('40af5b2f84fa6d0e3a8041c27e4db42c','YjZjYzk3NTIzNjc2MTllOGRkYjg2OWZiYjFkN2U3NTU2Njk1ODQ2NzqAAn1xAVUKdGVzdGNvb2tp\nZXECVQZ3b3JrZWRxA3Mu\n','2014-01-14 03:41:44'),('4370d485d9edb04a4e026a07a995c8c2','YjZjYzk3NTIzNjc2MTllOGRkYjg2OWZiYjFkN2U3NTU2Njk1ODQ2NzqAAn1xAVUKdGVzdGNvb2tp\nZXECVQZ3b3JrZWRxA3Mu\n','2014-01-14 04:42:13'),('8bb269d69ca4c7e78b2f8cb7ddeda07b','YjZjYzk3NTIzNjc2MTllOGRkYjg2OWZiYjFkN2U3NTU2Njk1ODQ2NzqAAn1xAVUKdGVzdGNvb2tp\nZXECVQZ3b3JrZWRxA3Mu\n','2014-01-15 15:50:08'),('cf7eba9a29dbf948b96fb2be9e2d4da6','YjZjYzk3NTIzNjc2MTllOGRkYjg2OWZiYjFkN2U3NTU2Njk1ODQ2NzqAAn1xAVUKdGVzdGNvb2tp\nZXECVQZ3b3JrZWRxA3Mu\n','2014-01-16 00:02:07'),('2c9fcfdcf1845a2fe2eba1d11e13b618','YjZjYzk3NTIzNjc2MTllOGRkYjg2OWZiYjFkN2U3NTU2Njk1ODQ2NzqAAn1xAVUKdGVzdGNvb2tp\nZXECVQZ3b3JrZWRxA3Mu\n','2014-01-17 12:08:57'),('d3d7ce21972cf4ba06a3792431f62aea','YjZjYzk3NTIzNjc2MTllOGRkYjg2OWZiYjFkN2U3NTU2Njk1ODQ2NzqAAn1xAVUKdGVzdGNvb2tp\nZXECVQZ3b3JrZWRxA3Mu\n','2014-01-17 12:52:10'),('a7155df6ac3f09cf78d4ca2b4de6f9ec','YjZjYzk3NTIzNjc2MTllOGRkYjg2OWZiYjFkN2U3NTU2Njk1ODQ2NzqAAn1xAVUKdGVzdGNvb2tp\nZXECVQZ3b3JrZWRxA3Mu\n','2014-01-17 18:03:11'),('ecd3804269c8cb4f0ec6297af2146e36','YjZjYzk3NTIzNjc2MTllOGRkYjg2OWZiYjFkN2U3NTU2Njk1ODQ2NzqAAn1xAVUKdGVzdGNvb2tp\nZXECVQZ3b3JrZWRxA3Mu\n','2014-01-18 01:05:48'),('5cebd9ae1b9ad0da76a3f28b4273f21f','YjZjYzk3NTIzNjc2MTllOGRkYjg2OWZiYjFkN2U3NTU2Njk1ODQ2NzqAAn1xAVUKdGVzdGNvb2tp\nZXECVQZ3b3JrZWRxA3Mu\n','2014-01-18 15:05:38'),('e3b91f747cdf514bec11792370082a18','YjZjYzk3NTIzNjc2MTllOGRkYjg2OWZiYjFkN2U3NTU2Njk1ODQ2NzqAAn1xAVUKdGVzdGNvb2tp\nZXECVQZ3b3JrZWRxA3Mu\n','2014-01-18 16:22:49'),('39464005eb56e9f8bdb5e34abb4ce4d8','YjZjYzk3NTIzNjc2MTllOGRkYjg2OWZiYjFkN2U3NTU2Njk1ODQ2NzqAAn1xAVUKdGVzdGNvb2tp\nZXECVQZ3b3JrZWRxA3Mu\n','2014-01-19 04:50:17'),('89e8cea67808e353eb54f6ef09d51565','YjZjYzk3NTIzNjc2MTllOGRkYjg2OWZiYjFkN2U3NTU2Njk1ODQ2NzqAAn1xAVUKdGVzdGNvb2tp\nZXECVQZ3b3JrZWRxA3Mu\n','2014-01-19 21:43:51'),('fa1a7781ff1022ade7052e1bc2f5352a','YjZjYzk3NTIzNjc2MTllOGRkYjg2OWZiYjFkN2U3NTU2Njk1ODQ2NzqAAn1xAVUKdGVzdGNvb2tp\nZXECVQZ3b3JrZWRxA3Mu\n','2014-01-19 23:34:01'),('df100b7c1735c194d169de06fe248372','YjZjYzk3NTIzNjc2MTllOGRkYjg2OWZiYjFkN2U3NTU2Njk1ODQ2NzqAAn1xAVUKdGVzdGNvb2tp\nZXECVQZ3b3JrZWRxA3Mu\n','2014-01-19 23:59:35'),('d421623d0d8b61c1e04e1bee6f5ea4cb','YjZjYzk3NTIzNjc2MTllOGRkYjg2OWZiYjFkN2U3NTU2Njk1ODQ2NzqAAn1xAVUKdGVzdGNvb2tp\nZXECVQZ3b3JrZWRxA3Mu\n','2014-01-20 01:09:55'),('ed72b3cff6e10ba48c8781908da32959','YjZjYzk3NTIzNjc2MTllOGRkYjg2OWZiYjFkN2U3NTU2Njk1ODQ2NzqAAn1xAVUKdGVzdGNvb2tp\nZXECVQZ3b3JrZWRxA3Mu\n','2014-01-20 01:34:43'),('0227435ce5c95c8f8971478e716a8ed9','YjZjYzk3NTIzNjc2MTllOGRkYjg2OWZiYjFkN2U3NTU2Njk1ODQ2NzqAAn1xAVUKdGVzdGNvb2tp\nZXECVQZ3b3JrZWRxA3Mu\n','2014-01-20 02:05:28'),('2c1eee3b3ab52ea9e1415533e31535c3','YjZjYzk3NTIzNjc2MTllOGRkYjg2OWZiYjFkN2U3NTU2Njk1ODQ2NzqAAn1xAVUKdGVzdGNvb2tp\nZXECVQZ3b3JrZWRxA3Mu\n','2014-01-20 03:12:41'),('b0b5a57d430f42e63b0d080d4afc0e88','YjZjYzk3NTIzNjc2MTllOGRkYjg2OWZiYjFkN2U3NTU2Njk1ODQ2NzqAAn1xAVUKdGVzdGNvb2tp\nZXECVQZ3b3JrZWRxA3Mu\n','2014-01-20 03:57:53'),('79051bee124ab00db5049dc2b6c56b39','YjZjYzk3NTIzNjc2MTllOGRkYjg2OWZiYjFkN2U3NTU2Njk1ODQ2NzqAAn1xAVUKdGVzdGNvb2tp\nZXECVQZ3b3JrZWRxA3Mu\n','2014-01-20 04:31:29'),('4d605fd9428b3fc7bcd9e026e309f392','YjZjYzk3NTIzNjc2MTllOGRkYjg2OWZiYjFkN2U3NTU2Njk1ODQ2NzqAAn1xAVUKdGVzdGNvb2tp\nZXECVQZ3b3JrZWRxA3Mu\n','2014-01-20 05:27:39'),('7589b9c520f9b2dce01346680a5ba051','YjZjYzk3NTIzNjc2MTllOGRkYjg2OWZiYjFkN2U3NTU2Njk1ODQ2NzqAAn1xAVUKdGVzdGNvb2tp\nZXECVQZ3b3JrZWRxA3Mu\n','2014-01-20 07:10:24'),('66395ce5cf88f1b74832561c9677bd4e','YjZjYzk3NTIzNjc2MTllOGRkYjg2OWZiYjFkN2U3NTU2Njk1ODQ2NzqAAn1xAVUKdGVzdGNvb2tp\nZXECVQZ3b3JrZWRxA3Mu\n','2014-01-21 05:29:50'),('c2e3efcba7a40dd93a7f04f2fac795a6','YjZjYzk3NTIzNjc2MTllOGRkYjg2OWZiYjFkN2U3NTU2Njk1ODQ2NzqAAn1xAVUKdGVzdGNvb2tp\nZXECVQZ3b3JrZWRxA3Mu\n','2014-01-21 15:59:05'),('8cc1289cc5fe3ef18c72fbf56820bc58','YjZjYzk3NTIzNjc2MTllOGRkYjg2OWZiYjFkN2U3NTU2Njk1ODQ2NzqAAn1xAVUKdGVzdGNvb2tp\nZXECVQZ3b3JrZWRxA3Mu\n','2014-01-22 16:59:47'),('6ec0db140c43c08f6ef40318d683f44e','YjZjYzk3NTIzNjc2MTllOGRkYjg2OWZiYjFkN2U3NTU2Njk1ODQ2NzqAAn1xAVUKdGVzdGNvb2tp\nZXECVQZ3b3JrZWRxA3Mu\n','2014-01-24 13:02:51'),('10d48ac98cbdd9648d48076e474c985f','YjZjYzk3NTIzNjc2MTllOGRkYjg2OWZiYjFkN2U3NTU2Njk1ODQ2NzqAAn1xAVUKdGVzdGNvb2tp\nZXECVQZ3b3JrZWRxA3Mu\n','2014-01-24 13:12:49'),('b9c9af9bf2c9332acb864ce404c2475d','YjQ1ZGNmMzg3NDE5NWE0OWU4YjRjYmJiMTE1M2RkNmFhYmIwNmE0OTqAAn1xAVUKdGVzdGNvb2tp\nZVUGd29ya2VkcQJzLg==\n','2014-01-24 18:32:45'),('1d56e757b14f03a5e05f81f9fe05c671','YjZjYzk3NTIzNjc2MTllOGRkYjg2OWZiYjFkN2U3NTU2Njk1ODQ2NzqAAn1xAVUKdGVzdGNvb2tp\nZXECVQZ3b3JrZWRxA3Mu\n','2014-01-26 00:01:55'),('d1bfbe8667b9b3520824031dd0b8a0de','YjZjYzk3NTIzNjc2MTllOGRkYjg2OWZiYjFkN2U3NTU2Njk1ODQ2NzqAAn1xAVUKdGVzdGNvb2tp\nZXECVQZ3b3JrZWRxA3Mu\n','2014-01-26 00:01:58'),('4860e825857f576ebc958fc4f2a93106','YjZjYzk3NTIzNjc2MTllOGRkYjg2OWZiYjFkN2U3NTU2Njk1ODQ2NzqAAn1xAVUKdGVzdGNvb2tp\nZXECVQZ3b3JrZWRxA3Mu\n','2014-01-27 05:22:02'),('f188f0e4e5bd65eca745fcf590bc80b6','YjZjYzk3NTIzNjc2MTllOGRkYjg2OWZiYjFkN2U3NTU2Njk1ODQ2NzqAAn1xAVUKdGVzdGNvb2tp\nZXECVQZ3b3JrZWRxA3Mu\n','2014-01-27 12:59:48'),('f5d6f2cb9f88f3a14ad25831bd3976b3','YjZjYzk3NTIzNjc2MTllOGRkYjg2OWZiYjFkN2U3NTU2Njk1ODQ2NzqAAn1xAVUKdGVzdGNvb2tp\nZXECVQZ3b3JrZWRxA3Mu\n','2014-01-28 04:42:30'),('c4880485ab3ea681da5fd8d80186a08e','YjZjYzk3NTIzNjc2MTllOGRkYjg2OWZiYjFkN2U3NTU2Njk1ODQ2NzqAAn1xAVUKdGVzdGNvb2tp\nZXECVQZ3b3JrZWRxA3Mu\n','2014-01-28 04:58:13'),('ec8ef0721a896750ca600917908d025e','YjZjYzk3NTIzNjc2MTllOGRkYjg2OWZiYjFkN2U3NTU2Njk1ODQ2NzqAAn1xAVUKdGVzdGNvb2tp\nZXECVQZ3b3JrZWRxA3Mu\n','2014-01-28 09:28:44'),('558be2d7331b3be2a4328d4c8e082987','YjZjYzk3NTIzNjc2MTllOGRkYjg2OWZiYjFkN2U3NTU2Njk1ODQ2NzqAAn1xAVUKdGVzdGNvb2tp\nZXECVQZ3b3JrZWRxA3Mu\n','2014-01-30 10:28:33'),('8933373510da2fca8da12f4a577765e5','YjZjYzk3NTIzNjc2MTllOGRkYjg2OWZiYjFkN2U3NTU2Njk1ODQ2NzqAAn1xAVUKdGVzdGNvb2tp\nZXECVQZ3b3JrZWRxA3Mu\n','2014-01-30 18:59:04'),('12351b441fff7a5d8970b94a6bda69e1','YjZjYzk3NTIzNjc2MTllOGRkYjg2OWZiYjFkN2U3NTU2Njk1ODQ2NzqAAn1xAVUKdGVzdGNvb2tp\nZXECVQZ3b3JrZWRxA3Mu\n','2014-01-31 03:10:15'),('67745627f12002caba42406769410e00','YjZjYzk3NTIzNjc2MTllOGRkYjg2OWZiYjFkN2U3NTU2Njk1ODQ2NzqAAn1xAVUKdGVzdGNvb2tp\nZXECVQZ3b3JrZWRxA3Mu\n','2014-02-01 01:54:33'),('da051b4522addae9c5aa74e046f10cfc','YjZjYzk3NTIzNjc2MTllOGRkYjg2OWZiYjFkN2U3NTU2Njk1ODQ2NzqAAn1xAVUKdGVzdGNvb2tp\nZXECVQZ3b3JrZWRxA3Mu\n','2014-02-02 09:05:48'),('39679254b3abdefc4ccbf3443781608d','YjZjYzk3NTIzNjc2MTllOGRkYjg2OWZiYjFkN2U3NTU2Njk1ODQ2NzqAAn1xAVUKdGVzdGNvb2tp\nZXECVQZ3b3JrZWRxA3Mu\n','2014-02-03 03:28:21'),('89ac88b05ffbde3def43c9f7a64c7a9a','YjZjYzk3NTIzNjc2MTllOGRkYjg2OWZiYjFkN2U3NTU2Njk1ODQ2NzqAAn1xAVUKdGVzdGNvb2tp\nZXECVQZ3b3JrZWRxA3Mu\n','2014-02-04 04:13:49'),('206ad4e11874cf79839ab61d0cc277cc','YjZjYzk3NTIzNjc2MTllOGRkYjg2OWZiYjFkN2U3NTU2Njk1ODQ2NzqAAn1xAVUKdGVzdGNvb2tp\nZXECVQZ3b3JrZWRxA3Mu\n','2014-02-04 07:41:39'),('43e80d1e96c04c1c09d1c543a2df9b25','YjZjYzk3NTIzNjc2MTllOGRkYjg2OWZiYjFkN2U3NTU2Njk1ODQ2NzqAAn1xAVUKdGVzdGNvb2tp\nZXECVQZ3b3JrZWRxA3Mu\n','2014-02-04 08:23:17'),('56ee98063514dcf38ac4203b79876663','YjZjYzk3NTIzNjc2MTllOGRkYjg2OWZiYjFkN2U3NTU2Njk1ODQ2NzqAAn1xAVUKdGVzdGNvb2tp\nZXECVQZ3b3JrZWRxA3Mu\n','2014-02-04 09:16:26'),('0a2cd094294bab4e5cd5ab7c400052eb','YjZjYzk3NTIzNjc2MTllOGRkYjg2OWZiYjFkN2U3NTU2Njk1ODQ2NzqAAn1xAVUKdGVzdGNvb2tp\nZXECVQZ3b3JrZWRxA3Mu\n','2014-02-04 10:15:18'),('165ec62b14a6c2fe8ef270aeb075993a','YjZjYzk3NTIzNjc2MTllOGRkYjg2OWZiYjFkN2U3NTU2Njk1ODQ2NzqAAn1xAVUKdGVzdGNvb2tp\nZXECVQZ3b3JrZWRxA3Mu\n','2014-02-04 11:20:05'),('4f13a9ceee5cab850ef46244e67f82cf','YjZjYzk3NTIzNjc2MTllOGRkYjg2OWZiYjFkN2U3NTU2Njk1ODQ2NzqAAn1xAVUKdGVzdGNvb2tp\nZXECVQZ3b3JrZWRxA3Mu\n','2014-02-04 11:50:01'),('9a901300ea02b54191a436496226e958','YjZjYzk3NTIzNjc2MTllOGRkYjg2OWZiYjFkN2U3NTU2Njk1ODQ2NzqAAn1xAVUKdGVzdGNvb2tp\nZXECVQZ3b3JrZWRxA3Mu\n','2014-02-04 12:43:32'),('a8a395ab75edbb0ddd81db59a5fd9f66','YjZjYzk3NTIzNjc2MTllOGRkYjg2OWZiYjFkN2U3NTU2Njk1ODQ2NzqAAn1xAVUKdGVzdGNvb2tp\nZXECVQZ3b3JrZWRxA3Mu\n','2014-02-04 13:55:49'),('ffbd4cd0edab4c3db05ceca38e6998d0','YjZjYzk3NTIzNjc2MTllOGRkYjg2OWZiYjFkN2U3NTU2Njk1ODQ2NzqAAn1xAVUKdGVzdGNvb2tp\nZXECVQZ3b3JrZWRxA3Mu\n','2014-02-04 15:16:01'),('94b0cff209972f259715d989a140b1ba','YjZjYzk3NTIzNjc2MTllOGRkYjg2OWZiYjFkN2U3NTU2Njk1ODQ2NzqAAn1xAVUKdGVzdGNvb2tp\nZXECVQZ3b3JrZWRxA3Mu\n','2014-02-04 16:03:55'),('9a4ec4a2524aa6913bb768d3ed1ff5ed','YjZjYzk3NTIzNjc2MTllOGRkYjg2OWZiYjFkN2U3NTU2Njk1ODQ2NzqAAn1xAVUKdGVzdGNvb2tp\nZXECVQZ3b3JrZWRxA3Mu\n','2014-02-04 16:51:15'),('986567acfb5d7ba9396c9c3710fe58a5','YjZjYzk3NTIzNjc2MTllOGRkYjg2OWZiYjFkN2U3NTU2Njk1ODQ2NzqAAn1xAVUKdGVzdGNvb2tp\nZXECVQZ3b3JrZWRxA3Mu\n','2014-02-04 17:52:11'),('b01820ce7d23df1e120081e6debac524','YjZjYzk3NTIzNjc2MTllOGRkYjg2OWZiYjFkN2U3NTU2Njk1ODQ2NzqAAn1xAVUKdGVzdGNvb2tp\nZXECVQZ3b3JrZWRxA3Mu\n','2014-02-04 18:52:03'),('8305f3abfa02f971b9c69b4fa735e6ce','YjZjYzk3NTIzNjc2MTllOGRkYjg2OWZiYjFkN2U3NTU2Njk1ODQ2NzqAAn1xAVUKdGVzdGNvb2tp\nZXECVQZ3b3JrZWRxA3Mu\n','2014-02-04 20:34:33'),('d9f14370461018ecffc7910d73d733fe','YjZjYzk3NTIzNjc2MTllOGRkYjg2OWZiYjFkN2U3NTU2Njk1ODQ2NzqAAn1xAVUKdGVzdGNvb2tp\nZXECVQZ3b3JrZWRxA3Mu\n','2014-02-08 02:11:20'),('6ef96c6438c7424fc75d82c2ffc1c290','YjZjYzk3NTIzNjc2MTllOGRkYjg2OWZiYjFkN2U3NTU2Njk1ODQ2NzqAAn1xAVUKdGVzdGNvb2tp\nZXECVQZ3b3JrZWRxA3Mu\n','2014-02-08 02:11:23'),('be9f51bebc1637616eefb39753dae8c0','YjZjYzk3NTIzNjc2MTllOGRkYjg2OWZiYjFkN2U3NTU2Njk1ODQ2NzqAAn1xAVUKdGVzdGNvb2tp\nZXECVQZ3b3JrZWRxA3Mu\n','2014-02-08 12:21:33'),('204d1c4b4f93e09a54ce073a7acef575','YjZjYzk3NTIzNjc2MTllOGRkYjg2OWZiYjFkN2U3NTU2Njk1ODQ2NzqAAn1xAVUKdGVzdGNvb2tp\nZXECVQZ3b3JrZWRxA3Mu\n','2014-02-08 17:16:02'),('b58d894a711ca2deccb0aa918d6eca44','YjZjYzk3NTIzNjc2MTllOGRkYjg2OWZiYjFkN2U3NTU2Njk1ODQ2NzqAAn1xAVUKdGVzdGNvb2tp\nZXECVQZ3b3JrZWRxA3Mu\n','2014-02-08 19:59:16'),('bdbd86634d1d86af12be4eae73016b59','YjZjYzk3NTIzNjc2MTllOGRkYjg2OWZiYjFkN2U3NTU2Njk1ODQ2NzqAAn1xAVUKdGVzdGNvb2tp\nZXECVQZ3b3JrZWRxA3Mu\n','2014-02-12 17:39:55'),('4581655bd4ec1858388ff08cb6a0407d','YjZjYzk3NTIzNjc2MTllOGRkYjg2OWZiYjFkN2U3NTU2Njk1ODQ2NzqAAn1xAVUKdGVzdGNvb2tp\nZXECVQZ3b3JrZWRxA3Mu\n','2014-02-10 18:38:04'),('f1de3e6b850a203d4c205ee6b87b0743','YjZjYzk3NTIzNjc2MTllOGRkYjg2OWZiYjFkN2U3NTU2Njk1ODQ2NzqAAn1xAVUKdGVzdGNvb2tp\nZXECVQZ3b3JrZWRxA3Mu\n','2014-02-11 03:10:42'),('ccd7a97b548a831ab7d8334651e5dabb','YjZjYzk3NTIzNjc2MTllOGRkYjg2OWZiYjFkN2U3NTU2Njk1ODQ2NzqAAn1xAVUKdGVzdGNvb2tp\nZXECVQZ3b3JrZWRxA3Mu\n','2014-02-11 08:47:02'),('3d45b98a9621d998bed7a41b62984c70','YjZjYzk3NTIzNjc2MTllOGRkYjg2OWZiYjFkN2U3NTU2Njk1ODQ2NzqAAn1xAVUKdGVzdGNvb2tp\nZXECVQZ3b3JrZWRxA3Mu\n','2014-02-11 18:11:11'),('67d74ddca9c2a8b97bdba60cfb02ef80','YTEwNDJhODUwOGRkNGI4NjQyYWJiOWRiNWY5ZGQxYjc3MzkxYzQ3NDqAAn1xAS4=\n','2014-02-11 23:01:11'),('370d5e87acf40e5642d43018098a9d54','YjZjYzk3NTIzNjc2MTllOGRkYjg2OWZiYjFkN2U3NTU2Njk1ODQ2NzqAAn1xAVUKdGVzdGNvb2tp\nZXECVQZ3b3JrZWRxA3Mu\n','2014-02-12 14:03:59'),('e83fa9cc75cd889a2e4ae4678f2cfbb3','YjZjYzk3NTIzNjc2MTllOGRkYjg2OWZiYjFkN2U3NTU2Njk1ODQ2NzqAAn1xAVUKdGVzdGNvb2tp\nZXECVQZ3b3JrZWRxA3Mu\n','2014-02-12 22:24:19'),('729e011b64b520dd6b55190109b070e3','YjZjYzk3NTIzNjc2MTllOGRkYjg2OWZiYjFkN2U3NTU2Njk1ODQ2NzqAAn1xAVUKdGVzdGNvb2tp\nZXECVQZ3b3JrZWRxA3Mu\n','2014-02-13 03:15:34'),('0233be50a8cad59aabc033082f457229','YjZjYzk3NTIzNjc2MTllOGRkYjg2OWZiYjFkN2U3NTU2Njk1ODQ2NzqAAn1xAVUKdGVzdGNvb2tp\nZXECVQZ3b3JrZWRxA3Mu\n','2014-02-13 04:41:31'),('a4ee36e22961a5dd489a9c4ef4f9a164','YjZjYzk3NTIzNjc2MTllOGRkYjg2OWZiYjFkN2U3NTU2Njk1ODQ2NzqAAn1xAVUKdGVzdGNvb2tp\nZXECVQZ3b3JrZWRxA3Mu\n','2014-02-13 06:28:03'),('adac4417cfc23266c96c9e45797fcdf7','YjZjYzk3NTIzNjc2MTllOGRkYjg2OWZiYjFkN2U3NTU2Njk1ODQ2NzqAAn1xAVUKdGVzdGNvb2tp\nZXECVQZ3b3JrZWRxA3Mu\n','2014-02-13 16:58:36'),('3b55fca6699e2c18b9e4e7398301d4f5','YjZjYzk3NTIzNjc2MTllOGRkYjg2OWZiYjFkN2U3NTU2Njk1ODQ2NzqAAn1xAVUKdGVzdGNvb2tp\nZXECVQZ3b3JrZWRxA3Mu\n','2014-02-13 19:56:24'),('cd40633152b1977464621367aed106c5','YjZjYzk3NTIzNjc2MTllOGRkYjg2OWZiYjFkN2U3NTU2Njk1ODQ2NzqAAn1xAVUKdGVzdGNvb2tp\nZXECVQZ3b3JrZWRxA3Mu\n','2014-02-15 03:04:57'),('c922474f35b72365310c51cbc3ae4b94','YjZjYzk3NTIzNjc2MTllOGRkYjg2OWZiYjFkN2U3NTU2Njk1ODQ2NzqAAn1xAVUKdGVzdGNvb2tp\nZXECVQZ3b3JrZWRxA3Mu\n','2014-02-15 04:07:22'),('eec14444cbb45aa4b80681c7463f6a60','YjZjYzk3NTIzNjc2MTllOGRkYjg2OWZiYjFkN2U3NTU2Njk1ODQ2NzqAAn1xAVUKdGVzdGNvb2tp\nZXECVQZ3b3JrZWRxA3Mu\n','2014-02-15 08:54:33'),('e59fb77b9cbe9460ad5a3c88a4a8fd5b','YjZjYzk3NTIzNjc2MTllOGRkYjg2OWZiYjFkN2U3NTU2Njk1ODQ2NzqAAn1xAVUKdGVzdGNvb2tp\nZXECVQZ3b3JrZWRxA3Mu\n','2014-02-15 13:06:52'),('1657b56d8572c42b53bd94187bf423f7','YjZjYzk3NTIzNjc2MTllOGRkYjg2OWZiYjFkN2U3NTU2Njk1ODQ2NzqAAn1xAVUKdGVzdGNvb2tp\nZXECVQZ3b3JrZWRxA3Mu\n','2014-02-15 13:07:04'),('900e6b400ec6237804cae1ca35fb2dea','YjZjYzk3NTIzNjc2MTllOGRkYjg2OWZiYjFkN2U3NTU2Njk1ODQ2NzqAAn1xAVUKdGVzdGNvb2tp\nZXECVQZ3b3JrZWRxA3Mu\n','2014-02-16 06:16:54'),('3689d4ebe8f0956f89f4eac8bbf834ed','YjZjYzk3NTIzNjc2MTllOGRkYjg2OWZiYjFkN2U3NTU2Njk1ODQ2NzqAAn1xAVUKdGVzdGNvb2tp\nZXECVQZ3b3JrZWRxA3Mu\n','2014-02-16 06:17:01'),('27c0a0a5e4567724e3ec5e5c1f47fc4a','YjZjYzk3NTIzNjc2MTllOGRkYjg2OWZiYjFkN2U3NTU2Njk1ODQ2NzqAAn1xAVUKdGVzdGNvb2tp\nZXECVQZ3b3JrZWRxA3Mu\n','2014-02-19 08:30:47'),('2c700065de4ad4e996591885e185167b','YjZjYzk3NTIzNjc2MTllOGRkYjg2OWZiYjFkN2U3NTU2Njk1ODQ2NzqAAn1xAVUKdGVzdGNvb2tp\nZXECVQZ3b3JrZWRxA3Mu\n','2014-02-20 03:22:53'),('85da0ae76f163b1fc5bfbd800c8da857','YjZjYzk3NTIzNjc2MTllOGRkYjg2OWZiYjFkN2U3NTU2Njk1ODQ2NzqAAn1xAVUKdGVzdGNvb2tp\nZXECVQZ3b3JrZWRxA3Mu\n','2014-02-20 12:17:37'),('af797a2eb275e607f61e5dad671405bb','YjZjYzk3NTIzNjc2MTllOGRkYjg2OWZiYjFkN2U3NTU2Njk1ODQ2NzqAAn1xAVUKdGVzdGNvb2tp\nZXECVQZ3b3JrZWRxA3Mu\n','2014-02-20 14:11:54'),('38eca4e0b58a0a88bde5187721885fb5','YjZjYzk3NTIzNjc2MTllOGRkYjg2OWZiYjFkN2U3NTU2Njk1ODQ2NzqAAn1xAVUKdGVzdGNvb2tp\nZXECVQZ3b3JrZWRxA3Mu\n','2014-02-21 03:49:23'),('c0638f6c1e2b5536a21e528dd3f03f33','YjZjYzk3NTIzNjc2MTllOGRkYjg2OWZiYjFkN2U3NTU2Njk1ODQ2NzqAAn1xAVUKdGVzdGNvb2tp\nZXECVQZ3b3JrZWRxA3Mu\n','2014-02-21 17:32:36'),('5690f1bd2d50d71af90e85684e7902ea','YjZjYzk3NTIzNjc2MTllOGRkYjg2OWZiYjFkN2U3NTU2Njk1ODQ2NzqAAn1xAVUKdGVzdGNvb2tp\nZXECVQZ3b3JrZWRxA3Mu\n','2014-02-22 05:22:04'),('dad82ed84aef508ccc9fd891b5df08f1','YjZjYzk3NTIzNjc2MTllOGRkYjg2OWZiYjFkN2U3NTU2Njk1ODQ2NzqAAn1xAVUKdGVzdGNvb2tp\nZXECVQZ3b3JrZWRxA3Mu\n','2014-02-22 18:55:19'),('c56ec7e24befb1ce149badf41c7f7ac2','YjZjYzk3NTIzNjc2MTllOGRkYjg2OWZiYjFkN2U3NTU2Njk1ODQ2NzqAAn1xAVUKdGVzdGNvb2tp\nZXECVQZ3b3JrZWRxA3Mu\n','2014-02-23 21:30:43'),('5c7df473bd3cd21e21f78d7bbac0a9e9','YjZjYzk3NTIzNjc2MTllOGRkYjg2OWZiYjFkN2U3NTU2Njk1ODQ2NzqAAn1xAVUKdGVzdGNvb2tp\nZXECVQZ3b3JrZWRxA3Mu\n','2014-02-24 06:58:00'),('1a351295872c0c69c4207878cef0d021','YjZjYzk3NTIzNjc2MTllOGRkYjg2OWZiYjFkN2U3NTU2Njk1ODQ2NzqAAn1xAVUKdGVzdGNvb2tp\nZXECVQZ3b3JrZWRxA3Mu\n','2014-02-24 10:13:33'),('868a58c9a4d6242b7075d271a06d62cf','YjZjYzk3NTIzNjc2MTllOGRkYjg2OWZiYjFkN2U3NTU2Njk1ODQ2NzqAAn1xAVUKdGVzdGNvb2tp\nZXECVQZ3b3JrZWRxA3Mu\n','2014-02-24 13:00:40'),('3696c2921d0df4965331d241a217e150','YjZjYzk3NTIzNjc2MTllOGRkYjg2OWZiYjFkN2U3NTU2Njk1ODQ2NzqAAn1xAVUKdGVzdGNvb2tp\nZXECVQZ3b3JrZWRxA3Mu\n','2014-02-24 13:44:57'),('d2eada005206db5120f9d3e2e818afaa','YjZjYzk3NTIzNjc2MTllOGRkYjg2OWZiYjFkN2U3NTU2Njk1ODQ2NzqAAn1xAVUKdGVzdGNvb2tp\nZXECVQZ3b3JrZWRxA3Mu\n','2014-02-24 13:44:59'),('10d12f441e74fd26dffe836edc404327','YjZjYzk3NTIzNjc2MTllOGRkYjg2OWZiYjFkN2U3NTU2Njk1ODQ2NzqAAn1xAVUKdGVzdGNvb2tp\nZXECVQZ3b3JrZWRxA3Mu\n','2014-02-24 16:13:39'),('cd2f6a4b831951b1728dcba2067ccb76','YjZjYzk3NTIzNjc2MTllOGRkYjg2OWZiYjFkN2U3NTU2Njk1ODQ2NzqAAn1xAVUKdGVzdGNvb2tp\nZXECVQZ3b3JrZWRxA3Mu\n','2014-02-25 08:12:25'),('3668df3c13b2a3ee335d289c055a9faa','YjZjYzk3NTIzNjc2MTllOGRkYjg2OWZiYjFkN2U3NTU2Njk1ODQ2NzqAAn1xAVUKdGVzdGNvb2tp\nZXECVQZ3b3JrZWRxA3Mu\n','2014-02-25 09:12:45'),('63bc49c58da78e9e22f9d0fb69fb37fa','YjZjYzk3NTIzNjc2MTllOGRkYjg2OWZiYjFkN2U3NTU2Njk1ODQ2NzqAAn1xAVUKdGVzdGNvb2tp\nZXECVQZ3b3JrZWRxA3Mu\n','2014-02-26 10:39:22'),('362de48020068ec5fe67d5abd49d677a','YjZjYzk3NTIzNjc2MTllOGRkYjg2OWZiYjFkN2U3NTU2Njk1ODQ2NzqAAn1xAVUKdGVzdGNvb2tp\nZXECVQZ3b3JrZWRxA3Mu\n','2014-02-27 01:09:56'),('ee3f828753951faf4f15f72495419682','YjZjYzk3NTIzNjc2MTllOGRkYjg2OWZiYjFkN2U3NTU2Njk1ODQ2NzqAAn1xAVUKdGVzdGNvb2tp\nZXECVQZ3b3JrZWRxA3Mu\n','2014-02-28 23:17:51'),('50707c0a881cc56c8618b0df74738f12','YjZjYzk3NTIzNjc2MTllOGRkYjg2OWZiYjFkN2U3NTU2Njk1ODQ2NzqAAn1xAVUKdGVzdGNvb2tp\nZXECVQZ3b3JrZWRxA3Mu\n','2014-02-28 23:27:15'),('a2ce2e5c55e74ddf788a21682bc3adc5','YjZjYzk3NTIzNjc2MTllOGRkYjg2OWZiYjFkN2U3NTU2Njk1ODQ2NzqAAn1xAVUKdGVzdGNvb2tp\nZXECVQZ3b3JrZWRxA3Mu\n','2014-03-02 02:40:15'),('58cd734bc9ef903155b31189f59dfb35','YjZjYzk3NTIzNjc2MTllOGRkYjg2OWZiYjFkN2U3NTU2Njk1ODQ2NzqAAn1xAVUKdGVzdGNvb2tp\nZXECVQZ3b3JrZWRxA3Mu\n','2014-03-03 10:49:36'),('602e58619b80c7b9376a9ce00957c88a','YjZjYzk3NTIzNjc2MTllOGRkYjg2OWZiYjFkN2U3NTU2Njk1ODQ2NzqAAn1xAVUKdGVzdGNvb2tp\nZXECVQZ3b3JrZWRxA3Mu\n','2014-03-04 13:57:01'),('7e63854e35de9c6b8abc5d100fc86f9e','YjZjYzk3NTIzNjc2MTllOGRkYjg2OWZiYjFkN2U3NTU2Njk1ODQ2NzqAAn1xAVUKdGVzdGNvb2tp\nZXECVQZ3b3JrZWRxA3Mu\n','2014-03-04 18:31:56'),('27b0b187c083ebc324576b93b8281860','YjZjYzk3NTIzNjc2MTllOGRkYjg2OWZiYjFkN2U3NTU2Njk1ODQ2NzqAAn1xAVUKdGVzdGNvb2tp\nZXECVQZ3b3JrZWRxA3Mu\n','2014-03-05 01:16:58'),('b2593d2b4ebb2c2a53a5ca3866c586b7','YjZjYzk3NTIzNjc2MTllOGRkYjg2OWZiYjFkN2U3NTU2Njk1ODQ2NzqAAn1xAVUKdGVzdGNvb2tp\nZXECVQZ3b3JrZWRxA3Mu\n','2014-03-05 16:39:40'),('9d6901ceb0c5341d9ff4fb9a50c2bdee','YjZjYzk3NTIzNjc2MTllOGRkYjg2OWZiYjFkN2U3NTU2Njk1ODQ2NzqAAn1xAVUKdGVzdGNvb2tp\nZXECVQZ3b3JrZWRxA3Mu\n','2014-03-05 19:03:36'),('d309ea55b087aaa2837c9963932be31b','YjZjYzk3NTIzNjc2MTllOGRkYjg2OWZiYjFkN2U3NTU2Njk1ODQ2NzqAAn1xAVUKdGVzdGNvb2tp\nZXECVQZ3b3JrZWRxA3Mu\n','2014-03-05 19:18:04'),('497caf3e9018939b7f5ea82d52314f1a','YjZjYzk3NTIzNjc2MTllOGRkYjg2OWZiYjFkN2U3NTU2Njk1ODQ2NzqAAn1xAVUKdGVzdGNvb2tp\nZXECVQZ3b3JrZWRxA3Mu\n','2014-03-06 04:58:58'),('45edbdec2582dd41a5df9875d16fc5ab','YjZjYzk3NTIzNjc2MTllOGRkYjg2OWZiYjFkN2U3NTU2Njk1ODQ2NzqAAn1xAVUKdGVzdGNvb2tp\nZXECVQZ3b3JrZWRxA3Mu\n','2014-03-06 12:57:05'),('674a1acc0bf3c922be5e65a05b5a5e5a','YjZjYzk3NTIzNjc2MTllOGRkYjg2OWZiYjFkN2U3NTU2Njk1ODQ2NzqAAn1xAVUKdGVzdGNvb2tp\nZXECVQZ3b3JrZWRxA3Mu\n','2014-03-07 02:29:59'),('3dacd86bbc1e30a6b7efb3ca07ef2bec','YjZjYzk3NTIzNjc2MTllOGRkYjg2OWZiYjFkN2U3NTU2Njk1ODQ2NzqAAn1xAVUKdGVzdGNvb2tp\nZXECVQZ3b3JrZWRxA3Mu\n','2014-03-07 22:31:30'),('666f6609a598f4ae3048fdd77097aa04','YjZjYzk3NTIzNjc2MTllOGRkYjg2OWZiYjFkN2U3NTU2Njk1ODQ2NzqAAn1xAVUKdGVzdGNvb2tp\nZXECVQZ3b3JrZWRxA3Mu\n','2014-03-09 00:03:35'),('e810f26a795a29fe16dcfc64ce2c4969','YjZjYzk3NTIzNjc2MTllOGRkYjg2OWZiYjFkN2U3NTU2Njk1ODQ2NzqAAn1xAVUKdGVzdGNvb2tp\nZXECVQZ3b3JrZWRxA3Mu\n','2014-03-10 14:55:12'),('f7db1395b533e9802ea4dbf149ae45f7','YjZjYzk3NTIzNjc2MTllOGRkYjg2OWZiYjFkN2U3NTU2Njk1ODQ2NzqAAn1xAVUKdGVzdGNvb2tp\nZXECVQZ3b3JrZWRxA3Mu\n','2014-03-10 21:40:37'),('c3ace8ff72a1f40c28ff69fbd18dbca5','YjZjYzk3NTIzNjc2MTllOGRkYjg2OWZiYjFkN2U3NTU2Njk1ODQ2NzqAAn1xAVUKdGVzdGNvb2tp\nZXECVQZ3b3JrZWRxA3Mu\n','2014-03-11 10:11:24'),('7110afedec4015c375cec9e5907f2ec8','YjZjYzk3NTIzNjc2MTllOGRkYjg2OWZiYjFkN2U3NTU2Njk1ODQ2NzqAAn1xAVUKdGVzdGNvb2tp\nZXECVQZ3b3JrZWRxA3Mu\n','2014-03-11 16:41:47'),('0dd5381c160facf0f99353ff603a0e1e','YjZjYzk3NTIzNjc2MTllOGRkYjg2OWZiYjFkN2U3NTU2Njk1ODQ2NzqAAn1xAVUKdGVzdGNvb2tp\nZXECVQZ3b3JrZWRxA3Mu\n','2014-03-11 18:27:14'),('9f9c2b3413b2a78a95f7c60ff23dae9e','YjZjYzk3NTIzNjc2MTllOGRkYjg2OWZiYjFkN2U3NTU2Njk1ODQ2NzqAAn1xAVUKdGVzdGNvb2tp\nZXECVQZ3b3JrZWRxA3Mu\n','2014-03-11 19:44:09'),('bc7b59ef4d79e39208c8aa2809009ca2','YjZjYzk3NTIzNjc2MTllOGRkYjg2OWZiYjFkN2U3NTU2Njk1ODQ2NzqAAn1xAVUKdGVzdGNvb2tp\nZXECVQZ3b3JrZWRxA3Mu\n','2014-03-12 10:58:15'),('daf6bcbb601b1d1a0225ccfc48cfa97d','YjZjYzk3NTIzNjc2MTllOGRkYjg2OWZiYjFkN2U3NTU2Njk1ODQ2NzqAAn1xAVUKdGVzdGNvb2tp\nZXECVQZ3b3JrZWRxA3Mu\n','2014-03-13 00:55:15'),('5416e69cc1512e049504086be7eaeef5','YjZjYzk3NTIzNjc2MTllOGRkYjg2OWZiYjFkN2U3NTU2Njk1ODQ2NzqAAn1xAVUKdGVzdGNvb2tp\nZXECVQZ3b3JrZWRxA3Mu\n','2014-03-13 11:43:08'),('299db83af43fae58d2ccbd18f6494ea9','YjZjYzk3NTIzNjc2MTllOGRkYjg2OWZiYjFkN2U3NTU2Njk1ODQ2NzqAAn1xAVUKdGVzdGNvb2tp\nZXECVQZ3b3JrZWRxA3Mu\n','2014-03-13 15:31:23'),('117a43c22ec5663e322344c37c395707','YjZjYzk3NTIzNjc2MTllOGRkYjg2OWZiYjFkN2U3NTU2Njk1ODQ2NzqAAn1xAVUKdGVzdGNvb2tp\nZXECVQZ3b3JrZWRxA3Mu\n','2014-03-13 23:24:19'),('39264a558b7024192512169ccae582d8','YjZjYzk3NTIzNjc2MTllOGRkYjg2OWZiYjFkN2U3NTU2Njk1ODQ2NzqAAn1xAVUKdGVzdGNvb2tp\nZXECVQZ3b3JrZWRxA3Mu\n','2014-03-13 23:24:21'),('91eb07fd3a2693f286556993764f3bec','YjZjYzk3NTIzNjc2MTllOGRkYjg2OWZiYjFkN2U3NTU2Njk1ODQ2NzqAAn1xAVUKdGVzdGNvb2tp\nZXECVQZ3b3JrZWRxA3Mu\n','2014-03-14 13:44:59'),('11863044d9d351a88f3f28f01975b02c','YjZjYzk3NTIzNjc2MTllOGRkYjg2OWZiYjFkN2U3NTU2Njk1ODQ2NzqAAn1xAVUKdGVzdGNvb2tp\nZXECVQZ3b3JrZWRxA3Mu\n','2014-03-15 01:45:53'),('07a3ed9cac9ddf4806bc23cac07c9187','YjZjYzk3NTIzNjc2MTllOGRkYjg2OWZiYjFkN2U3NTU2Njk1ODQ2NzqAAn1xAVUKdGVzdGNvb2tp\nZXECVQZ3b3JrZWRxA3Mu\n','2014-03-15 06:19:57'),('ca20f29890d1b0b117c1911186d0da61','YjZjYzk3NTIzNjc2MTllOGRkYjg2OWZiYjFkN2U3NTU2Njk1ODQ2NzqAAn1xAVUKdGVzdGNvb2tp\nZXECVQZ3b3JrZWRxA3Mu\n','2014-03-15 22:57:44'),('715cbb12595de931393f524021add8a2','YjZjYzk3NTIzNjc2MTllOGRkYjg2OWZiYjFkN2U3NTU2Njk1ODQ2NzqAAn1xAVUKdGVzdGNvb2tp\nZXECVQZ3b3JrZWRxA3Mu\n','2014-03-15 23:27:42'),('32122d24ed09b832b53288d7ab7106fb','YjZjYzk3NTIzNjc2MTllOGRkYjg2OWZiYjFkN2U3NTU2Njk1ODQ2NzqAAn1xAVUKdGVzdGNvb2tp\nZXECVQZ3b3JrZWRxA3Mu\n','2014-03-16 19:28:19'),('c98a7c32a0a21fc822b33c5e76a48e42','YjZjYzk3NTIzNjc2MTllOGRkYjg2OWZiYjFkN2U3NTU2Njk1ODQ2NzqAAn1xAVUKdGVzdGNvb2tp\nZXECVQZ3b3JrZWRxA3Mu\n','2014-03-17 08:44:28'),('21f8532cb91f20a3d7c0f2f06d706153','YjZjYzk3NTIzNjc2MTllOGRkYjg2OWZiYjFkN2U3NTU2Njk1ODQ2NzqAAn1xAVUKdGVzdGNvb2tp\nZXECVQZ3b3JrZWRxA3Mu\n','2014-03-18 04:01:10'),('3d2f9c565eefc4a5d29644da250de40c','YjZjYzk3NTIzNjc2MTllOGRkYjg2OWZiYjFkN2U3NTU2Njk1ODQ2NzqAAn1xAVUKdGVzdGNvb2tp\nZXECVQZ3b3JrZWRxA3Mu\n','2014-03-18 05:50:51'),('dc45c007961b6178cd01203bab7618e1','YjZjYzk3NTIzNjc2MTllOGRkYjg2OWZiYjFkN2U3NTU2Njk1ODQ2NzqAAn1xAVUKdGVzdGNvb2tp\nZXECVQZ3b3JrZWRxA3Mu\n','2014-03-18 23:50:56'),('905b83ad21fccf2d9f851042b964f18f','YjZjYzk3NTIzNjc2MTllOGRkYjg2OWZiYjFkN2U3NTU2Njk1ODQ2NzqAAn1xAVUKdGVzdGNvb2tp\nZXECVQZ3b3JrZWRxA3Mu\n','2014-03-19 07:20:14'),('daa4867342e2d22d5162aee514c5f0bd','YjQ1ZGNmMzg3NDE5NWE0OWU4YjRjYmJiMTE1M2RkNmFhYmIwNmE0OTqAAn1xAVUKdGVzdGNvb2tp\nZVUGd29ya2VkcQJzLg==\n','2014-03-19 23:19:51'),('17b2bb9e9719abf507224e45b621f439','YjZjYzk3NTIzNjc2MTllOGRkYjg2OWZiYjFkN2U3NTU2Njk1ODQ2NzqAAn1xAVUKdGVzdGNvb2tp\nZXECVQZ3b3JrZWRxA3Mu\n','2014-03-20 10:51:01'),('056f7b31ecf3a3cfa496a326f6c80d1d','YjZjYzk3NTIzNjc2MTllOGRkYjg2OWZiYjFkN2U3NTU2Njk1ODQ2NzqAAn1xAVUKdGVzdGNvb2tp\nZXECVQZ3b3JrZWRxA3Mu\n','2014-03-22 12:00:07'),('323d391cba6b45603f5c3e8a8eebc288','YjZjYzk3NTIzNjc2MTllOGRkYjg2OWZiYjFkN2U3NTU2Njk1ODQ2NzqAAn1xAVUKdGVzdGNvb2tp\nZXECVQZ3b3JrZWRxA3Mu\n','2014-03-22 18:35:48'),('b124108bfed4ba83f3bae167e5ae7437','YjZjYzk3NTIzNjc2MTllOGRkYjg2OWZiYjFkN2U3NTU2Njk1ODQ2NzqAAn1xAVUKdGVzdGNvb2tp\nZXECVQZ3b3JrZWRxA3Mu\n','2014-03-24 06:56:54'),('09b69282b0878e0fdd96f4df8b392a2f','YjZjYzk3NTIzNjc2MTllOGRkYjg2OWZiYjFkN2U3NTU2Njk1ODQ2NzqAAn1xAVUKdGVzdGNvb2tp\nZXECVQZ3b3JrZWRxA3Mu\n','2014-03-24 07:49:43'),('aecf8700560c78cb6e57fb80a84b158b','YjZjYzk3NTIzNjc2MTllOGRkYjg2OWZiYjFkN2U3NTU2Njk1ODQ2NzqAAn1xAVUKdGVzdGNvb2tp\nZXECVQZ3b3JrZWRxA3Mu\n','2014-03-24 23:39:34'),('795821368d4df6a1bcf4e48bd9570a17','YjZjYzk3NTIzNjc2MTllOGRkYjg2OWZiYjFkN2U3NTU2Njk1ODQ2NzqAAn1xAVUKdGVzdGNvb2tp\nZXECVQZ3b3JrZWRxA3Mu\n','2014-03-25 21:09:16'),('bfa6728ceb02bc8f93d1a3e583260dc7','YjZjYzk3NTIzNjc2MTllOGRkYjg2OWZiYjFkN2U3NTU2Njk1ODQ2NzqAAn1xAVUKdGVzdGNvb2tp\nZXECVQZ3b3JrZWRxA3Mu\n','2014-03-25 21:24:09'),('8f7b3f6956a93ba0fa7d5858c8f9ee6e','YjZjYzk3NTIzNjc2MTllOGRkYjg2OWZiYjFkN2U3NTU2Njk1ODQ2NzqAAn1xAVUKdGVzdGNvb2tp\nZXECVQZ3b3JrZWRxA3Mu\n','2014-03-26 09:10:18'),('634ec9661b7cd2ca1bd8bc7c4166ca2a','YjZjYzk3NTIzNjc2MTllOGRkYjg2OWZiYjFkN2U3NTU2Njk1ODQ2NzqAAn1xAVUKdGVzdGNvb2tp\nZXECVQZ3b3JrZWRxA3Mu\n','2014-03-26 10:28:21'),('575c19177817753cd9149db77f9d1b48','YjZjYzk3NTIzNjc2MTllOGRkYjg2OWZiYjFkN2U3NTU2Njk1ODQ2NzqAAn1xAVUKdGVzdGNvb2tp\nZXECVQZ3b3JrZWRxA3Mu\n','2014-03-27 18:38:44'),('5163ff04abbd798c8de04f631812344f','YjZjYzk3NTIzNjc2MTllOGRkYjg2OWZiYjFkN2U3NTU2Njk1ODQ2NzqAAn1xAVUKdGVzdGNvb2tp\nZXECVQZ3b3JrZWRxA3Mu\n','2014-03-27 21:25:51'),('62248aa0e68a10b713a04445cb806673','YjQ1ZGNmMzg3NDE5NWE0OWU4YjRjYmJiMTE1M2RkNmFhYmIwNmE0OTqAAn1xAVUKdGVzdGNvb2tp\nZVUGd29ya2VkcQJzLg==\n','2014-03-28 10:19:54'),('11a47266d9b6ed5906ca9d97c51fbdc1','YjZjYzk3NTIzNjc2MTllOGRkYjg2OWZiYjFkN2U3NTU2Njk1ODQ2NzqAAn1xAVUKdGVzdGNvb2tp\nZXECVQZ3b3JrZWRxA3Mu\n','2014-03-28 13:17:34'),('f511ef4486916ef24e9b276de32e9399','YjZjYzk3NTIzNjc2MTllOGRkYjg2OWZiYjFkN2U3NTU2Njk1ODQ2NzqAAn1xAVUKdGVzdGNvb2tp\nZXECVQZ3b3JrZWRxA3Mu\n','2014-03-28 17:55:09'),('87596d0cfe13a33ce53a0c7ea69ff6a4','YjZjYzk3NTIzNjc2MTllOGRkYjg2OWZiYjFkN2U3NTU2Njk1ODQ2NzqAAn1xAVUKdGVzdGNvb2tp\nZXECVQZ3b3JrZWRxA3Mu\n','2014-03-29 00:25:30'),('a7894a179e4a8f9aeae00d75c2792241','YjZjYzk3NTIzNjc2MTllOGRkYjg2OWZiYjFkN2U3NTU2Njk1ODQ2NzqAAn1xAVUKdGVzdGNvb2tp\nZXECVQZ3b3JrZWRxA3Mu\n','2014-03-29 22:02:52'),('3d8035a5c1c16f0c9dcd7a0d7f130b23','YjZjYzk3NTIzNjc2MTllOGRkYjg2OWZiYjFkN2U3NTU2Njk1ODQ2NzqAAn1xAVUKdGVzdGNvb2tp\nZXECVQZ3b3JrZWRxA3Mu\n','2014-03-29 22:33:21'),('947b77bc5709ccb5f7c5990aa1b845ce','YjZjYzk3NTIzNjc2MTllOGRkYjg2OWZiYjFkN2U3NTU2Njk1ODQ2NzqAAn1xAVUKdGVzdGNvb2tp\nZXECVQZ3b3JrZWRxA3Mu\n','2014-03-30 13:11:28'),('994e9b8a7aff990f1dd58a2abf2db9ea','YjZjYzk3NTIzNjc2MTllOGRkYjg2OWZiYjFkN2U3NTU2Njk1ODQ2NzqAAn1xAVUKdGVzdGNvb2tp\nZXECVQZ3b3JrZWRxA3Mu\n','2014-03-30 18:24:04'),('e5cdbf0e474583d0241d4068c9df5770','YjZjYzk3NTIzNjc2MTllOGRkYjg2OWZiYjFkN2U3NTU2Njk1ODQ2NzqAAn1xAVUKdGVzdGNvb2tp\nZXECVQZ3b3JrZWRxA3Mu\n','2014-03-31 03:59:03'),('a7427cece3bf816ac7328eb94f5ee0a9','YjZjYzk3NTIzNjc2MTllOGRkYjg2OWZiYjFkN2U3NTU2Njk1ODQ2NzqAAn1xAVUKdGVzdGNvb2tp\nZXECVQZ3b3JrZWRxA3Mu\n','2014-03-31 23:42:17'),('8200e5575fe5d76affe9ad515b8a0dbe','YjZjYzk3NTIzNjc2MTllOGRkYjg2OWZiYjFkN2U3NTU2Njk1ODQ2NzqAAn1xAVUKdGVzdGNvb2tp\nZXECVQZ3b3JrZWRxA3Mu\n','2014-04-01 00:13:15'),('a4834daf526e23710d77b97dd2ebee14','YjZjYzk3NTIzNjc2MTllOGRkYjg2OWZiYjFkN2U3NTU2Njk1ODQ2NzqAAn1xAVUKdGVzdGNvb2tp\nZXECVQZ3b3JrZWRxA3Mu\n','2014-04-01 05:48:29'),('2044b4a6f61e3417f1772efe43466525','YjQ1ZGNmMzg3NDE5NWE0OWU4YjRjYmJiMTE1M2RkNmFhYmIwNmE0OTqAAn1xAVUKdGVzdGNvb2tp\nZVUGd29ya2VkcQJzLg==\n','2014-04-01 08:36:32'),('a9e6ef67adfa5440fb43b6f0c317880f','YjZjYzk3NTIzNjc2MTllOGRkYjg2OWZiYjFkN2U3NTU2Njk1ODQ2NzqAAn1xAVUKdGVzdGNvb2tp\nZXECVQZ3b3JrZWRxA3Mu\n','2014-04-01 18:37:36'),('255dc7185a531843e92246c4e1451b42','YjZjYzk3NTIzNjc2MTllOGRkYjg2OWZiYjFkN2U3NTU2Njk1ODQ2NzqAAn1xAVUKdGVzdGNvb2tp\nZXECVQZ3b3JrZWRxA3Mu\n','2014-04-01 22:59:58'),('4986b3bb541a88c3b22e9c5a67c97d53','YjZjYzk3NTIzNjc2MTllOGRkYjg2OWZiYjFkN2U3NTU2Njk1ODQ2NzqAAn1xAVUKdGVzdGNvb2tp\nZXECVQZ3b3JrZWRxA3Mu\n','2014-04-02 07:05:38'),('f2fc8fd8f4f37b351a32de29aa4e3ca9','YjZjYzk3NTIzNjc2MTllOGRkYjg2OWZiYjFkN2U3NTU2Njk1ODQ2NzqAAn1xAVUKdGVzdGNvb2tp\nZXECVQZ3b3JrZWRxA3Mu\n','2014-04-03 19:08:59'),('abb60fe4692086464d83ffbb8bdd4155','YjZjYzk3NTIzNjc2MTllOGRkYjg2OWZiYjFkN2U3NTU2Njk1ODQ2NzqAAn1xAVUKdGVzdGNvb2tp\nZXECVQZ3b3JrZWRxA3Mu\n','2014-04-04 09:59:06'),('7f03b2f2389fadd5e6d8673cccfb6788','YjZjYzk3NTIzNjc2MTllOGRkYjg2OWZiYjFkN2U3NTU2Njk1ODQ2NzqAAn1xAVUKdGVzdGNvb2tp\nZXECVQZ3b3JrZWRxA3Mu\n','2014-04-04 22:31:01'),('a5919c19f104864cf63e4de6be39d715','YjZjYzk3NTIzNjc2MTllOGRkYjg2OWZiYjFkN2U3NTU2Njk1ODQ2NzqAAn1xAVUKdGVzdGNvb2tp\nZXECVQZ3b3JrZWRxA3Mu\n','2014-04-09 06:35:21'),('bc04f92d730e949aa2f6b7089dbec265','YjZjYzk3NTIzNjc2MTllOGRkYjg2OWZiYjFkN2U3NTU2Njk1ODQ2NzqAAn1xAVUKdGVzdGNvb2tp\nZXECVQZ3b3JrZWRxA3Mu\n','2014-04-09 12:25:00'),('22b026e26d7c61c8da606eb3eb891c4b','YjZjYzk3NTIzNjc2MTllOGRkYjg2OWZiYjFkN2U3NTU2Njk1ODQ2NzqAAn1xAVUKdGVzdGNvb2tp\nZXECVQZ3b3JrZWRxA3Mu\n','2014-04-11 06:03:30'),('b0d60c8f766fc95443f22962e23614f0','YjZjYzk3NTIzNjc2MTllOGRkYjg2OWZiYjFkN2U3NTU2Njk1ODQ2NzqAAn1xAVUKdGVzdGNvb2tp\nZXECVQZ3b3JrZWRxA3Mu\n','2014-04-13 06:13:43'),('f2cb2aa0b5fa8fe355579dc682d88ea9','YjZjYzk3NTIzNjc2MTllOGRkYjg2OWZiYjFkN2U3NTU2Njk1ODQ2NzqAAn1xAVUKdGVzdGNvb2tp\nZXECVQZ3b3JrZWRxA3Mu\n','2014-04-13 16:21:58'),('cbb0eafbf40b5cc7ce315d2416ec67de','YjZjYzk3NTIzNjc2MTllOGRkYjg2OWZiYjFkN2U3NTU2Njk1ODQ2NzqAAn1xAVUKdGVzdGNvb2tp\nZXECVQZ3b3JrZWRxA3Mu\n','2014-04-13 16:22:03'),('e0a9d514838afe42c23f2dee06f47a78','YjZjYzk3NTIzNjc2MTllOGRkYjg2OWZiYjFkN2U3NTU2Njk1ODQ2NzqAAn1xAVUKdGVzdGNvb2tp\nZXECVQZ3b3JrZWRxA3Mu\n','2014-04-14 08:05:31'),('1e0f240a8de35e35bcd8dd0c0a6c1f9e','YjZjYzk3NTIzNjc2MTllOGRkYjg2OWZiYjFkN2U3NTU2Njk1ODQ2NzqAAn1xAVUKdGVzdGNvb2tp\nZXECVQZ3b3JrZWRxA3Mu\n','2014-04-15 16:57:30'),('a69d628ba0ced6c42ca62b32258ad2ef','YjZjYzk3NTIzNjc2MTllOGRkYjg2OWZiYjFkN2U3NTU2Njk1ODQ2NzqAAn1xAVUKdGVzdGNvb2tp\nZXECVQZ3b3JrZWRxA3Mu\n','2014-04-15 17:35:09'),('b386196455cbb37ee622fb59a96765a7','YjZjYzk3NTIzNjc2MTllOGRkYjg2OWZiYjFkN2U3NTU2Njk1ODQ2NzqAAn1xAVUKdGVzdGNvb2tp\nZXECVQZ3b3JrZWRxA3Mu\n','2014-04-17 22:25:16'),('0bb713d04006100346a808ed47e73402','YjZjYzk3NTIzNjc2MTllOGRkYjg2OWZiYjFkN2U3NTU2Njk1ODQ2NzqAAn1xAVUKdGVzdGNvb2tp\nZXECVQZ3b3JrZWRxA3Mu\n','2014-04-18 01:03:41'),('1ece415dfd3077c0eddc6c1c219953aa','YjZjYzk3NTIzNjc2MTllOGRkYjg2OWZiYjFkN2U3NTU2Njk1ODQ2NzqAAn1xAVUKdGVzdGNvb2tp\nZXECVQZ3b3JrZWRxA3Mu\n','2014-04-18 01:48:12'),('428e49d96d20f1f33e5b53d337b73ed0','YjZjYzk3NTIzNjc2MTllOGRkYjg2OWZiYjFkN2U3NTU2Njk1ODQ2NzqAAn1xAVUKdGVzdGNvb2tp\nZXECVQZ3b3JrZWRxA3Mu\n','2014-04-18 09:11:25'),('1882eba468a6157c256f62b7a2e0123c','YjZjYzk3NTIzNjc2MTllOGRkYjg2OWZiYjFkN2U3NTU2Njk1ODQ2NzqAAn1xAVUKdGVzdGNvb2tp\nZXECVQZ3b3JrZWRxA3Mu\n','2014-04-18 10:26:19'),('6a76d9ab4a25b2d02d2e49cdafa12f17','YjZjYzk3NTIzNjc2MTllOGRkYjg2OWZiYjFkN2U3NTU2Njk1ODQ2NzqAAn1xAVUKdGVzdGNvb2tp\nZXECVQZ3b3JrZWRxA3Mu\n','2014-04-18 21:11:27'),('e1d4e0941fdf6ea118429caec3a49606','YjZjYzk3NTIzNjc2MTllOGRkYjg2OWZiYjFkN2U3NTU2Njk1ODQ2NzqAAn1xAVUKdGVzdGNvb2tp\nZXECVQZ3b3JrZWRxA3Mu\n','2014-04-19 15:12:39'),('99bbc4cb57cf19f98eff5947ceec7f12','YjZjYzk3NTIzNjc2MTllOGRkYjg2OWZiYjFkN2U3NTU2Njk1ODQ2NzqAAn1xAVUKdGVzdGNvb2tp\nZXECVQZ3b3JrZWRxA3Mu\n','2014-04-20 22:27:47'),('cf15e2ad61a66f2d96b89f5c1064f1d2','YjZjYzk3NTIzNjc2MTllOGRkYjg2OWZiYjFkN2U3NTU2Njk1ODQ2NzqAAn1xAVUKdGVzdGNvb2tp\nZXECVQZ3b3JrZWRxA3Mu\n','2014-04-23 09:21:55'),('ea92f22fa5ab7d550f2c3eb5aed93814','YjZjYzk3NTIzNjc2MTllOGRkYjg2OWZiYjFkN2U3NTU2Njk1ODQ2NzqAAn1xAVUKdGVzdGNvb2tp\nZXECVQZ3b3JrZWRxA3Mu\n','2014-04-24 11:13:54'),('18c2dc4a5be44513ba2da4c95ed127ff','YjZjYzk3NTIzNjc2MTllOGRkYjg2OWZiYjFkN2U3NTU2Njk1ODQ2NzqAAn1xAVUKdGVzdGNvb2tp\nZXECVQZ3b3JrZWRxA3Mu\n','2014-04-25 12:55:27'),('4de4738157cfa97a81a2b144b3546af1','YjZjYzk3NTIzNjc2MTllOGRkYjg2OWZiYjFkN2U3NTU2Njk1ODQ2NzqAAn1xAVUKdGVzdGNvb2tp\nZXECVQZ3b3JrZWRxA3Mu\n','2014-04-25 15:59:55'),('0dd8ac6fd17530a0c4caba21710c30cc','YjZjYzk3NTIzNjc2MTllOGRkYjg2OWZiYjFkN2U3NTU2Njk1ODQ2NzqAAn1xAVUKdGVzdGNvb2tp\nZXECVQZ3b3JrZWRxA3Mu\n','2014-04-26 05:46:01'),('d17dab19f10a085024c93253bc372f48','YjZjYzk3NTIzNjc2MTllOGRkYjg2OWZiYjFkN2U3NTU2Njk1ODQ2NzqAAn1xAVUKdGVzdGNvb2tp\nZXECVQZ3b3JrZWRxA3Mu\n','2014-04-26 15:23:19'),('2a10645e8e853f05e214fba625947fd1','YjZjYzk3NTIzNjc2MTllOGRkYjg2OWZiYjFkN2U3NTU2Njk1ODQ2NzqAAn1xAVUKdGVzdGNvb2tp\nZXECVQZ3b3JrZWRxA3Mu\n','2014-04-26 20:35:08'),('2c74fdb8d7f70bef3084fa4df78c05b6','YjZjYzk3NTIzNjc2MTllOGRkYjg2OWZiYjFkN2U3NTU2Njk1ODQ2NzqAAn1xAVUKdGVzdGNvb2tp\nZXECVQZ3b3JrZWRxA3Mu\n','2014-04-27 11:17:01'),('d67358290088cf0071ff213f16f6a114','YjZjYzk3NTIzNjc2MTllOGRkYjg2OWZiYjFkN2U3NTU2Njk1ODQ2NzqAAn1xAVUKdGVzdGNvb2tp\nZXECVQZ3b3JrZWRxA3Mu\n','2014-04-27 12:20:00'),('757d074c130397cef8441662e8903522','YjZjYzk3NTIzNjc2MTllOGRkYjg2OWZiYjFkN2U3NTU2Njk1ODQ2NzqAAn1xAVUKdGVzdGNvb2tp\nZXECVQZ3b3JrZWRxA3Mu\n','2014-04-28 07:31:11'),('c23714f3bf5621beb3ed0e9781295d02','YjZjYzk3NTIzNjc2MTllOGRkYjg2OWZiYjFkN2U3NTU2Njk1ODQ2NzqAAn1xAVUKdGVzdGNvb2tp\nZXECVQZ3b3JrZWRxA3Mu\n','2014-04-28 07:43:56'),('2c7fcaf86b959bd5491fac68d1bb876e','YjZjYzk3NTIzNjc2MTllOGRkYjg2OWZiYjFkN2U3NTU2Njk1ODQ2NzqAAn1xAVUKdGVzdGNvb2tp\nZXECVQZ3b3JrZWRxA3Mu\n','2014-04-28 07:45:13'),('afb16783c6e053e497eb04d2b7dd8ee3','YjZjYzk3NTIzNjc2MTllOGRkYjg2OWZiYjFkN2U3NTU2Njk1ODQ2NzqAAn1xAVUKdGVzdGNvb2tp\nZXECVQZ3b3JrZWRxA3Mu\n','2014-04-28 13:15:17'),('45460acab9997a8ca5ef8cc2dd8521aa','YjZjYzk3NTIzNjc2MTllOGRkYjg2OWZiYjFkN2U3NTU2Njk1ODQ2NzqAAn1xAVUKdGVzdGNvb2tp\nZXECVQZ3b3JrZWRxA3Mu\n','2014-04-29 17:44:38'),('b5926f49a5215e38e2240af7549ecba6','YjZjYzk3NTIzNjc2MTllOGRkYjg2OWZiYjFkN2U3NTU2Njk1ODQ2NzqAAn1xAVUKdGVzdGNvb2tp\nZXECVQZ3b3JrZWRxA3Mu\n','2014-04-30 10:20:46'),('1463d87bbd459fc209278a7e70dfa381','YjZjYzk3NTIzNjc2MTllOGRkYjg2OWZiYjFkN2U3NTU2Njk1ODQ2NzqAAn1xAVUKdGVzdGNvb2tp\nZXECVQZ3b3JrZWRxA3Mu\n','2014-04-30 20:05:31'),('241d05e88f49cd8981b3f65acb743168','YjZjYzk3NTIzNjc2MTllOGRkYjg2OWZiYjFkN2U3NTU2Njk1ODQ2NzqAAn1xAVUKdGVzdGNvb2tp\nZXECVQZ3b3JrZWRxA3Mu\n','2014-05-01 02:37:24'),('220ae1506a52005769e6132e2bfafb5e','YjZjYzk3NTIzNjc2MTllOGRkYjg2OWZiYjFkN2U3NTU2Njk1ODQ2NzqAAn1xAVUKdGVzdGNvb2tp\nZXECVQZ3b3JrZWRxA3Mu\n','2014-05-01 19:44:35'),('e3f3a5b4267d66fb6f6a662a9e741856','YjZjYzk3NTIzNjc2MTllOGRkYjg2OWZiYjFkN2U3NTU2Njk1ODQ2NzqAAn1xAVUKdGVzdGNvb2tp\nZXECVQZ3b3JrZWRxA3Mu\n','2014-05-02 00:26:47'),('fbcd42bb6c97b4498c1fbf372782eba8','YjZjYzk3NTIzNjc2MTllOGRkYjg2OWZiYjFkN2U3NTU2Njk1ODQ2NzqAAn1xAVUKdGVzdGNvb2tp\nZXECVQZ3b3JrZWRxA3Mu\n','2014-05-02 22:54:17'),('0415eac4a66ae1dfa3e108279aaa6198','YjZjYzk3NTIzNjc2MTllOGRkYjg2OWZiYjFkN2U3NTU2Njk1ODQ2NzqAAn1xAVUKdGVzdGNvb2tp\nZXECVQZ3b3JrZWRxA3Mu\n','2014-05-03 23:08:29'),('5859b59b65ea207ba4f421f7af8a69f6','YjZjYzk3NTIzNjc2MTllOGRkYjg2OWZiYjFkN2U3NTU2Njk1ODQ2NzqAAn1xAVUKdGVzdGNvb2tp\nZXECVQZ3b3JrZWRxA3Mu\n','2014-05-05 04:14:33'),('14852a59bb1f87ad29af14365454b747','YjZjYzk3NTIzNjc2MTllOGRkYjg2OWZiYjFkN2U3NTU2Njk1ODQ2NzqAAn1xAVUKdGVzdGNvb2tp\nZXECVQZ3b3JrZWRxA3Mu\n','2014-05-05 08:59:48'),('64f537808556423ae9650ff8baf986ee','YjZjYzk3NTIzNjc2MTllOGRkYjg2OWZiYjFkN2U3NTU2Njk1ODQ2NzqAAn1xAVUKdGVzdGNvb2tp\nZXECVQZ3b3JrZWRxA3Mu\n','2014-05-05 18:49:23'),('4b057a0e7b6f696f70af88805ba63ef2','YjZjYzk3NTIzNjc2MTllOGRkYjg2OWZiYjFkN2U3NTU2Njk1ODQ2NzqAAn1xAVUKdGVzdGNvb2tp\nZXECVQZ3b3JrZWRxA3Mu\n','2014-05-05 18:58:38'),('a857f2e7693f5243a6f58ca57dfeda63','YjZjYzk3NTIzNjc2MTllOGRkYjg2OWZiYjFkN2U3NTU2Njk1ODQ2NzqAAn1xAVUKdGVzdGNvb2tp\nZXECVQZ3b3JrZWRxA3Mu\n','2014-05-07 03:45:35'),('c334b3909fe2797db409d7fefc93cfac','YjZjYzk3NTIzNjc2MTllOGRkYjg2OWZiYjFkN2U3NTU2Njk1ODQ2NzqAAn1xAVUKdGVzdGNvb2tp\nZXECVQZ3b3JrZWRxA3Mu\n','2014-05-08 15:29:36'),('42aa9aa25a42436c282a69b5a6eb6755','YjZjYzk3NTIzNjc2MTllOGRkYjg2OWZiYjFkN2U3NTU2Njk1ODQ2NzqAAn1xAVUKdGVzdGNvb2tp\nZXECVQZ3b3JrZWRxA3Mu\n','2014-05-08 21:59:54'),('84eea9ecadc055d3093b205cfb4c0be1','YjZjYzk3NTIzNjc2MTllOGRkYjg2OWZiYjFkN2U3NTU2Njk1ODQ2NzqAAn1xAVUKdGVzdGNvb2tp\nZXECVQZ3b3JrZWRxA3Mu\n','2014-05-09 04:51:55'),('6e72be80bd4ed4e5e9099e590dab6d0e','YjZjYzk3NTIzNjc2MTllOGRkYjg2OWZiYjFkN2U3NTU2Njk1ODQ2NzqAAn1xAVUKdGVzdGNvb2tp\nZXECVQZ3b3JrZWRxA3Mu\n','2014-05-09 04:52:14'),('50651e9c9c59638a57dc76b87b09a4e4','YjZjYzk3NTIzNjc2MTllOGRkYjg2OWZiYjFkN2U3NTU2Njk1ODQ2NzqAAn1xAVUKdGVzdGNvb2tp\nZXECVQZ3b3JrZWRxA3Mu\n','2014-05-09 06:34:22'),('700c725bca07d39eb19de98f1d800c67','YjZjYzk3NTIzNjc2MTllOGRkYjg2OWZiYjFkN2U3NTU2Njk1ODQ2NzqAAn1xAVUKdGVzdGNvb2tp\nZXECVQZ3b3JrZWRxA3Mu\n','2014-05-09 11:52:04'),('71b0b9e73da8e676be22adf7f038f0fd','YjZjYzk3NTIzNjc2MTllOGRkYjg2OWZiYjFkN2U3NTU2Njk1ODQ2NzqAAn1xAVUKdGVzdGNvb2tp\nZXECVQZ3b3JrZWRxA3Mu\n','2014-05-09 21:30:56'),('88947fae18718890d99a7051c7f5c768','YjZjYzk3NTIzNjc2MTllOGRkYjg2OWZiYjFkN2U3NTU2Njk1ODQ2NzqAAn1xAVUKdGVzdGNvb2tp\nZXECVQZ3b3JrZWRxA3Mu\n','2014-05-10 03:45:06'),('0176f286e9dd5dc930747634c4555c34','YjZjYzk3NTIzNjc2MTllOGRkYjg2OWZiYjFkN2U3NTU2Njk1ODQ2NzqAAn1xAVUKdGVzdGNvb2tp\nZXECVQZ3b3JrZWRxA3Mu\n','2014-05-11 14:02:00'),('abd3afdc53870430c02d4508f033c04f','YjZjYzk3NTIzNjc2MTllOGRkYjg2OWZiYjFkN2U3NTU2Njk1ODQ2NzqAAn1xAVUKdGVzdGNvb2tp\nZXECVQZ3b3JrZWRxA3Mu\n','2014-05-12 21:04:56'),('cf0e9d5a77a6ff4659c83b1e8932e6f3','YjZjYzk3NTIzNjc2MTllOGRkYjg2OWZiYjFkN2U3NTU2Njk1ODQ2NzqAAn1xAVUKdGVzdGNvb2tp\nZXECVQZ3b3JrZWRxA3Mu\n','2014-05-15 03:55:15'),('9a423d07e2c5a25143ba5495e267ff25','YjZjYzk3NTIzNjc2MTllOGRkYjg2OWZiYjFkN2U3NTU2Njk1ODQ2NzqAAn1xAVUKdGVzdGNvb2tp\nZXECVQZ3b3JrZWRxA3Mu\n','2014-05-18 03:59:16'),('8148b10070ecb2bb8e3b9bc297a61f97','YjZjYzk3NTIzNjc2MTllOGRkYjg2OWZiYjFkN2U3NTU2Njk1ODQ2NzqAAn1xAVUKdGVzdGNvb2tp\nZXECVQZ3b3JrZWRxA3Mu\n','2014-05-19 06:07:20'),('16288b5fc89cc86686e6028dbefdb7e3','YjZjYzk3NTIzNjc2MTllOGRkYjg2OWZiYjFkN2U3NTU2Njk1ODQ2NzqAAn1xAVUKdGVzdGNvb2tp\nZXECVQZ3b3JrZWRxA3Mu\n','2014-05-19 17:49:54'),('48413810bc1cbd13c5dded5eea911aa7','YjZjYzk3NTIzNjc2MTllOGRkYjg2OWZiYjFkN2U3NTU2Njk1ODQ2NzqAAn1xAVUKdGVzdGNvb2tp\nZXECVQZ3b3JrZWRxA3Mu\n','2014-05-21 14:01:50'),('e8570a687ea50005520738faeb8a2da6','YjZjYzk3NTIzNjc2MTllOGRkYjg2OWZiYjFkN2U3NTU2Njk1ODQ2NzqAAn1xAVUKdGVzdGNvb2tp\nZXECVQZ3b3JrZWRxA3Mu\n','2014-05-21 14:24:06'),('7e90c068d487a2dda159be35c9c5891e','YjZjYzk3NTIzNjc2MTllOGRkYjg2OWZiYjFkN2U3NTU2Njk1ODQ2NzqAAn1xAVUKdGVzdGNvb2tp\nZXECVQZ3b3JrZWRxA3Mu\n','2014-05-22 00:15:37'),('6141e0a0554a5cd836faa98dd2f22512','YjZjYzk3NTIzNjc2MTllOGRkYjg2OWZiYjFkN2U3NTU2Njk1ODQ2NzqAAn1xAVUKdGVzdGNvb2tp\nZXECVQZ3b3JrZWRxA3Mu\n','2014-05-22 09:56:35'),('11d10513f1d77c7838391d331dae45bf','YjZjYzk3NTIzNjc2MTllOGRkYjg2OWZiYjFkN2U3NTU2Njk1ODQ2NzqAAn1xAVUKdGVzdGNvb2tp\nZXECVQZ3b3JrZWRxA3Mu\n','2014-05-22 15:17:53'),('74a27e49d4d943435fd15498c60f309a','YjZjYzk3NTIzNjc2MTllOGRkYjg2OWZiYjFkN2U3NTU2Njk1ODQ2NzqAAn1xAVUKdGVzdGNvb2tp\nZXECVQZ3b3JrZWRxA3Mu\n','2014-05-22 18:22:33'),('7ae905e7d56ad8f59602e8ead0b0c324','YjZjYzk3NTIzNjc2MTllOGRkYjg2OWZiYjFkN2U3NTU2Njk1ODQ2NzqAAn1xAVUKdGVzdGNvb2tp\nZXECVQZ3b3JrZWRxA3Mu\n','2014-05-23 09:14:53'),('13fad29ef7269b24f60f8695345fc534','YjZjYzk3NTIzNjc2MTllOGRkYjg2OWZiYjFkN2U3NTU2Njk1ODQ2NzqAAn1xAVUKdGVzdGNvb2tp\nZXECVQZ3b3JrZWRxA3Mu\n','2014-05-23 10:39:34'),('90c8d5e9101f9e47e96d6dc5680e384f','YjZjYzk3NTIzNjc2MTllOGRkYjg2OWZiYjFkN2U3NTU2Njk1ODQ2NzqAAn1xAVUKdGVzdGNvb2tp\nZXECVQZ3b3JrZWRxA3Mu\n','2014-05-23 12:39:37'),('f7bbf419606cdd60090bc1beb2e0fffe','YjZjYzk3NTIzNjc2MTllOGRkYjg2OWZiYjFkN2U3NTU2Njk1ODQ2NzqAAn1xAVUKdGVzdGNvb2tp\nZXECVQZ3b3JrZWRxA3Mu\n','2014-05-24 10:37:24'),('ff6acf76d4b6c1ac1a44be5b8353a728','YjZjYzk3NTIzNjc2MTllOGRkYjg2OWZiYjFkN2U3NTU2Njk1ODQ2NzqAAn1xAVUKdGVzdGNvb2tp\nZXECVQZ3b3JrZWRxA3Mu\n','2014-05-24 14:30:55'),('3eb0490130a8eb039529dc97753bef81','YjZjYzk3NTIzNjc2MTllOGRkYjg2OWZiYjFkN2U3NTU2Njk1ODQ2NzqAAn1xAVUKdGVzdGNvb2tp\nZXECVQZ3b3JrZWRxA3Mu\n','2014-05-25 20:22:15'),('d13f55a898ee4c6e35be9ba7b8544f41','YjZjYzk3NTIzNjc2MTllOGRkYjg2OWZiYjFkN2U3NTU2Njk1ODQ2NzqAAn1xAVUKdGVzdGNvb2tp\nZXECVQZ3b3JrZWRxA3Mu\n','2014-05-25 20:22:20'),('fe1b4169928a22df4d480fbaf50bbb12','YjZjYzk3NTIzNjc2MTllOGRkYjg2OWZiYjFkN2U3NTU2Njk1ODQ2NzqAAn1xAVUKdGVzdGNvb2tp\nZXECVQZ3b3JrZWRxA3Mu\n','2014-05-26 02:46:14'),('fef458b1c3a0ce9c3bebf0bc116e1385','YjZjYzk3NTIzNjc2MTllOGRkYjg2OWZiYjFkN2U3NTU2Njk1ODQ2NzqAAn1xAVUKdGVzdGNvb2tp\nZXECVQZ3b3JrZWRxA3Mu\n','2014-05-29 01:31:56'),('0afb01252b6a6f133c27fa6455cf596f','YjZjYzk3NTIzNjc2MTllOGRkYjg2OWZiYjFkN2U3NTU2Njk1ODQ2NzqAAn1xAVUKdGVzdGNvb2tp\nZXECVQZ3b3JrZWRxA3Mu\n','2014-05-29 22:13:04'),('8a00f998c6245396b4fab8d6af14d57b','YjZjYzk3NTIzNjc2MTllOGRkYjg2OWZiYjFkN2U3NTU2Njk1ODQ2NzqAAn1xAVUKdGVzdGNvb2tp\nZXECVQZ3b3JrZWRxA3Mu\n','2014-05-30 02:11:52'),('e4b5a832a56dadff31e0dd6db2b73bdc','YjZjYzk3NTIzNjc2MTllOGRkYjg2OWZiYjFkN2U3NTU2Njk1ODQ2NzqAAn1xAVUKdGVzdGNvb2tp\nZXECVQZ3b3JrZWRxA3Mu\n','2014-05-31 00:53:28'),('5085e74d95885f8a594115acdefe2560','YjZjYzk3NTIzNjc2MTllOGRkYjg2OWZiYjFkN2U3NTU2Njk1ODQ2NzqAAn1xAVUKdGVzdGNvb2tp\nZXECVQZ3b3JrZWRxA3Mu\n','2014-05-31 01:28:39'),('eb4ab56f5003ef53b3fab319b6e06f76','YjZjYzk3NTIzNjc2MTllOGRkYjg2OWZiYjFkN2U3NTU2Njk1ODQ2NzqAAn1xAVUKdGVzdGNvb2tp\nZXECVQZ3b3JrZWRxA3Mu\n','2014-05-31 01:28:42'),('ef3b7cbeab35e5953dc980cc9b9f721c','YjZjYzk3NTIzNjc2MTllOGRkYjg2OWZiYjFkN2U3NTU2Njk1ODQ2NzqAAn1xAVUKdGVzdGNvb2tp\nZXECVQZ3b3JrZWRxA3Mu\n','2014-06-03 01:03:00'),('f1b33b4a8455018e1e4876a803464202','YjZjYzk3NTIzNjc2MTllOGRkYjg2OWZiYjFkN2U3NTU2Njk1ODQ2NzqAAn1xAVUKdGVzdGNvb2tp\nZXECVQZ3b3JrZWRxA3Mu\n','2014-06-04 08:49:31'),('75170c8240c8b7e8cd85271ee9b4130a','YjZjYzk3NTIzNjc2MTllOGRkYjg2OWZiYjFkN2U3NTU2Njk1ODQ2NzqAAn1xAVUKdGVzdGNvb2tp\nZXECVQZ3b3JrZWRxA3Mu\n','2014-06-04 08:57:03'),('f2f065a4e23622174b6c08f1bf0de844','YjZjYzk3NTIzNjc2MTllOGRkYjg2OWZiYjFkN2U3NTU2Njk1ODQ2NzqAAn1xAVUKdGVzdGNvb2tp\nZXECVQZ3b3JrZWRxA3Mu\n','2014-06-06 05:31:50'),('6f0ef2b366a373b627fd22f8a293fa88','YjZjYzk3NTIzNjc2MTllOGRkYjg2OWZiYjFkN2U3NTU2Njk1ODQ2NzqAAn1xAVUKdGVzdGNvb2tp\nZXECVQZ3b3JrZWRxA3Mu\n','2014-06-06 12:47:08'),('7e96167cc7426645f01962a501c52f94','YjZjYzk3NTIzNjc2MTllOGRkYjg2OWZiYjFkN2U3NTU2Njk1ODQ2NzqAAn1xAVUKdGVzdGNvb2tp\nZXECVQZ3b3JrZWRxA3Mu\n','2014-06-07 03:38:32'),('109fe1a8165244de38ba66d6a1a20724','YjZjYzk3NTIzNjc2MTllOGRkYjg2OWZiYjFkN2U3NTU2Njk1ODQ2NzqAAn1xAVUKdGVzdGNvb2tp\nZXECVQZ3b3JrZWRxA3Mu\n','2014-06-07 10:46:58'),('0cf882a65188211077ee73cfe94a5f59','YjZjYzk3NTIzNjc2MTllOGRkYjg2OWZiYjFkN2U3NTU2Njk1ODQ2NzqAAn1xAVUKdGVzdGNvb2tp\nZXECVQZ3b3JrZWRxA3Mu\n','2014-06-07 18:06:20'),('d44a2f30e7cb73a811c7d61ecb2aff45','YjZjYzk3NTIzNjc2MTllOGRkYjg2OWZiYjFkN2U3NTU2Njk1ODQ2NzqAAn1xAVUKdGVzdGNvb2tp\nZXECVQZ3b3JrZWRxA3Mu\n','2014-06-07 20:49:58'),('371d6468bdc90b192f0057d436085ad5','YjZjYzk3NTIzNjc2MTllOGRkYjg2OWZiYjFkN2U3NTU2Njk1ODQ2NzqAAn1xAVUKdGVzdGNvb2tp\nZXECVQZ3b3JrZWRxA3Mu\n','2014-06-07 22:28:32'),('c49689ed9d1b48e26e562ee4e9917849','YjZjYzk3NTIzNjc2MTllOGRkYjg2OWZiYjFkN2U3NTU2Njk1ODQ2NzqAAn1xAVUKdGVzdGNvb2tp\nZXECVQZ3b3JrZWRxA3Mu\n','2014-06-08 02:54:22'),('441ebd64e02bcd1392873186bab662bd','YjZjYzk3NTIzNjc2MTllOGRkYjg2OWZiYjFkN2U3NTU2Njk1ODQ2NzqAAn1xAVUKdGVzdGNvb2tp\nZXECVQZ3b3JrZWRxA3Mu\n','2014-06-09 04:30:44'),('d431fc80962cde080ea0f523fb0f6b6e','YjZjYzk3NTIzNjc2MTllOGRkYjg2OWZiYjFkN2U3NTU2Njk1ODQ2NzqAAn1xAVUKdGVzdGNvb2tp\nZXECVQZ3b3JrZWRxA3Mu\n','2014-06-09 09:09:20'),('d0baa96e0d38402da976b4bd9ff8141e','YjZjYzk3NTIzNjc2MTllOGRkYjg2OWZiYjFkN2U3NTU2Njk1ODQ2NzqAAn1xAVUKdGVzdGNvb2tp\nZXECVQZ3b3JrZWRxA3Mu\n','2014-06-09 16:55:40'),('f6b809ec1e83d5e6b66dd047ca5875dd','YjZjYzk3NTIzNjc2MTllOGRkYjg2OWZiYjFkN2U3NTU2Njk1ODQ2NzqAAn1xAVUKdGVzdGNvb2tp\nZXECVQZ3b3JrZWRxA3Mu\n','2014-06-10 04:05:54'),('e49765408623177a63595397392b5a40','YjZjYzk3NTIzNjc2MTllOGRkYjg2OWZiYjFkN2U3NTU2Njk1ODQ2NzqAAn1xAVUKdGVzdGNvb2tp\nZXECVQZ3b3JrZWRxA3Mu\n','2014-06-11 14:03:21'),('06152e1db437c7dc4bf29fa239a27a70','YjQ1ZGNmMzg3NDE5NWE0OWU4YjRjYmJiMTE1M2RkNmFhYmIwNmE0OTqAAn1xAVUKdGVzdGNvb2tp\nZVUGd29ya2VkcQJzLg==\n','2014-06-11 19:24:59'),('5a19cd2881c09162e16269698cc17de1','YjZjYzk3NTIzNjc2MTllOGRkYjg2OWZiYjFkN2U3NTU2Njk1ODQ2NzqAAn1xAVUKdGVzdGNvb2tp\nZXECVQZ3b3JrZWRxA3Mu\n','2014-06-12 20:18:45'),('d86a12df31f710ee706eea280e96055d','YjZjYzk3NTIzNjc2MTllOGRkYjg2OWZiYjFkN2U3NTU2Njk1ODQ2NzqAAn1xAVUKdGVzdGNvb2tp\nZXECVQZ3b3JrZWRxA3Mu\n','2014-06-15 22:47:38'),('eaced887f8bd6321ffe690687cf69be2','YjZjYzk3NTIzNjc2MTllOGRkYjg2OWZiYjFkN2U3NTU2Njk1ODQ2NzqAAn1xAVUKdGVzdGNvb2tp\nZXECVQZ3b3JrZWRxA3Mu\n','2014-06-17 04:48:05'),('3f4803829d18f7eccb930ed4684403ea','YjZjYzk3NTIzNjc2MTllOGRkYjg2OWZiYjFkN2U3NTU2Njk1ODQ2NzqAAn1xAVUKdGVzdGNvb2tp\nZXECVQZ3b3JrZWRxA3Mu\n','2014-06-17 20:27:48'),('7448a4133233b79c29f43d66d628505e','YjZjYzk3NTIzNjc2MTllOGRkYjg2OWZiYjFkN2U3NTU2Njk1ODQ2NzqAAn1xAVUKdGVzdGNvb2tp\nZXECVQZ3b3JrZWRxA3Mu\n','2014-06-18 10:22:47'),('95bf6f52c79c1b252cd33d09aaa73e25','YjZjYzk3NTIzNjc2MTllOGRkYjg2OWZiYjFkN2U3NTU2Njk1ODQ2NzqAAn1xAVUKdGVzdGNvb2tp\nZXECVQZ3b3JrZWRxA3Mu\n','2014-06-18 16:38:37'),('7669a195c0add63fa5b6b27b58541b77','YjZjYzk3NTIzNjc2MTllOGRkYjg2OWZiYjFkN2U3NTU2Njk1ODQ2NzqAAn1xAVUKdGVzdGNvb2tp\nZXECVQZ3b3JrZWRxA3Mu\n','2014-06-20 03:58:48'),('3264a82a3aa1f892880d1469cb289576','YjZjYzk3NTIzNjc2MTllOGRkYjg2OWZiYjFkN2U3NTU2Njk1ODQ2NzqAAn1xAVUKdGVzdGNvb2tp\nZXECVQZ3b3JrZWRxA3Mu\n','2014-06-20 14:07:43'),('703231d8764a3f71f2d09fcdc18fbe13','YjZjYzk3NTIzNjc2MTllOGRkYjg2OWZiYjFkN2U3NTU2Njk1ODQ2NzqAAn1xAVUKdGVzdGNvb2tp\nZXECVQZ3b3JrZWRxA3Mu\n','2014-06-20 18:00:49'),('119d22a18ca66fd8465195cc7b403757','YjZjYzk3NTIzNjc2MTllOGRkYjg2OWZiYjFkN2U3NTU2Njk1ODQ2NzqAAn1xAVUKdGVzdGNvb2tp\nZXECVQZ3b3JrZWRxA3Mu\n','2014-06-22 04:06:24'),('9b837b426c301be9d7aef495a2e75a9b','YjZjYzk3NTIzNjc2MTllOGRkYjg2OWZiYjFkN2U3NTU2Njk1ODQ2NzqAAn1xAVUKdGVzdGNvb2tp\nZXECVQZ3b3JrZWRxA3Mu\n','2014-06-22 07:10:09'),('0f858f152d7376179fd844684a806143','YjZjYzk3NTIzNjc2MTllOGRkYjg2OWZiYjFkN2U3NTU2Njk1ODQ2NzqAAn1xAVUKdGVzdGNvb2tp\nZXECVQZ3b3JrZWRxA3Mu\n','2014-06-22 08:58:41'),('8d403e728cccb1ad22aee33b437988bf','YjZjYzk3NTIzNjc2MTllOGRkYjg2OWZiYjFkN2U3NTU2Njk1ODQ2NzqAAn1xAVUKdGVzdGNvb2tp\nZXECVQZ3b3JrZWRxA3Mu\n','2014-06-24 08:30:38'),('a51ac22d0b3ff9e4fdf42ecfdf7c8f58','YjZjYzk3NTIzNjc2MTllOGRkYjg2OWZiYjFkN2U3NTU2Njk1ODQ2NzqAAn1xAVUKdGVzdGNvb2tp\nZXECVQZ3b3JrZWRxA3Mu\n','2014-06-25 18:30:12'),('3db5bed15d67b9b39a463cd08fd98f39','YjZjYzk3NTIzNjc2MTllOGRkYjg2OWZiYjFkN2U3NTU2Njk1ODQ2NzqAAn1xAVUKdGVzdGNvb2tp\nZXECVQZ3b3JrZWRxA3Mu\n','2014-06-26 11:28:51'),('85bec5b2a271436b762c919e343b17f5','YjZjYzk3NTIzNjc2MTllOGRkYjg2OWZiYjFkN2U3NTU2Njk1ODQ2NzqAAn1xAVUKdGVzdGNvb2tp\nZXECVQZ3b3JrZWRxA3Mu\n','2014-06-26 12:51:27'),('6498822a81eb76a79c05b60e8cf18d77','YjZjYzk3NTIzNjc2MTllOGRkYjg2OWZiYjFkN2U3NTU2Njk1ODQ2NzqAAn1xAVUKdGVzdGNvb2tp\nZXECVQZ3b3JrZWRxA3Mu\n','2014-06-26 19:14:14'),('f1f524dcb0438e7d9e1e547fbfd585f5','YjZjYzk3NTIzNjc2MTllOGRkYjg2OWZiYjFkN2U3NTU2Njk1ODQ2NzqAAn1xAVUKdGVzdGNvb2tp\nZXECVQZ3b3JrZWRxA3Mu\n','2014-06-27 22:25:20'),('a0e65575e7c977dcad253e3bc775d8b7','YjZjYzk3NTIzNjc2MTllOGRkYjg2OWZiYjFkN2U3NTU2Njk1ODQ2NzqAAn1xAVUKdGVzdGNvb2tp\nZXECVQZ3b3JrZWRxA3Mu\n','2014-06-29 22:00:21'),('cbe8bbe431b8792a01ec6c48327ab645','YjZjYzk3NTIzNjc2MTllOGRkYjg2OWZiYjFkN2U3NTU2Njk1ODQ2NzqAAn1xAVUKdGVzdGNvb2tp\nZXECVQZ3b3JrZWRxA3Mu\n','2014-06-30 09:35:06'),('69e5b26d283f3547f9c5daf430ec712a','YjZjYzk3NTIzNjc2MTllOGRkYjg2OWZiYjFkN2U3NTU2Njk1ODQ2NzqAAn1xAVUKdGVzdGNvb2tp\nZXECVQZ3b3JrZWRxA3Mu\n','2014-07-01 05:26:06'),('f879737a07e8136b6fc51319747e4154','YjZjYzk3NTIzNjc2MTllOGRkYjg2OWZiYjFkN2U3NTU2Njk1ODQ2NzqAAn1xAVUKdGVzdGNvb2tp\nZXECVQZ3b3JrZWRxA3Mu\n','2014-07-01 11:16:09'),('d5e5167eb3a5e905d70dc227a30a03b3','YjZjYzk3NTIzNjc2MTllOGRkYjg2OWZiYjFkN2U3NTU2Njk1ODQ2NzqAAn1xAVUKdGVzdGNvb2tp\nZXECVQZ3b3JrZWRxA3Mu\n','2014-07-01 17:40:59'),('20c46823c20d4cb571582d2ea6c2bc19','YjZjYzk3NTIzNjc2MTllOGRkYjg2OWZiYjFkN2U3NTU2Njk1ODQ2NzqAAn1xAVUKdGVzdGNvb2tp\nZXECVQZ3b3JrZWRxA3Mu\n','2014-07-02 07:15:11'),('6a79d0ad68788eefa48cd817d132719b','YjZjYzk3NTIzNjc2MTllOGRkYjg2OWZiYjFkN2U3NTU2Njk1ODQ2NzqAAn1xAVUKdGVzdGNvb2tp\nZXECVQZ3b3JrZWRxA3Mu\n','2014-07-02 19:58:41'),('b2403fe60dd4f18324d6a4d6d2154665','YjZjYzk3NTIzNjc2MTllOGRkYjg2OWZiYjFkN2U3NTU2Njk1ODQ2NzqAAn1xAVUKdGVzdGNvb2tp\nZXECVQZ3b3JrZWRxA3Mu\n','2014-07-02 20:07:15'),('dc3b3b8eb252cf44e0551643af1054f9','YjZjYzk3NTIzNjc2MTllOGRkYjg2OWZiYjFkN2U3NTU2Njk1ODQ2NzqAAn1xAVUKdGVzdGNvb2tp\nZXECVQZ3b3JrZWRxA3Mu\n','2014-07-03 19:50:16'),('39eccb1da226e9cd7281ee4e09199cd4','YjZjYzk3NTIzNjc2MTllOGRkYjg2OWZiYjFkN2U3NTU2Njk1ODQ2NzqAAn1xAVUKdGVzdGNvb2tp\nZXECVQZ3b3JrZWRxA3Mu\n','2014-07-03 22:14:00'),('63b0f3ecbbad469c34f235252558098a','YjZjYzk3NTIzNjc2MTllOGRkYjg2OWZiYjFkN2U3NTU2Njk1ODQ2NzqAAn1xAVUKdGVzdGNvb2tp\nZXECVQZ3b3JrZWRxA3Mu\n','2014-07-04 04:12:46'),('f88d1e269afcf0349b400d356cdc6f27','YjZjYzk3NTIzNjc2MTllOGRkYjg2OWZiYjFkN2U3NTU2Njk1ODQ2NzqAAn1xAVUKdGVzdGNvb2tp\nZXECVQZ3b3JrZWRxA3Mu\n','2014-07-04 08:42:06'),('569b01cc5a10ccb07aca704823d887ed','YjZjYzk3NTIzNjc2MTllOGRkYjg2OWZiYjFkN2U3NTU2Njk1ODQ2NzqAAn1xAVUKdGVzdGNvb2tp\nZXECVQZ3b3JrZWRxA3Mu\n','2014-07-04 09:38:50'),('78a844461b9f16d3f7420c8d4c4ba433','YjZjYzk3NTIzNjc2MTllOGRkYjg2OWZiYjFkN2U3NTU2Njk1ODQ2NzqAAn1xAVUKdGVzdGNvb2tp\nZXECVQZ3b3JrZWRxA3Mu\n','2014-07-04 23:52:34'),('98b17c0bbe0ad0d51df836eac13bdf0b','YjZjYzk3NTIzNjc2MTllOGRkYjg2OWZiYjFkN2U3NTU2Njk1ODQ2NzqAAn1xAVUKdGVzdGNvb2tp\nZXECVQZ3b3JrZWRxA3Mu\n','2014-07-05 04:38:15'),('f6491865ef0437c3fd0b9ec6cff7b886','YjZjYzk3NTIzNjc2MTllOGRkYjg2OWZiYjFkN2U3NTU2Njk1ODQ2NzqAAn1xAVUKdGVzdGNvb2tp\nZXECVQZ3b3JrZWRxA3Mu\n','2014-07-05 18:40:52'),('2332d14f268481c241ec0a4062df21db','YjZjYzk3NTIzNjc2MTllOGRkYjg2OWZiYjFkN2U3NTU2Njk1ODQ2NzqAAn1xAVUKdGVzdGNvb2tp\nZXECVQZ3b3JrZWRxA3Mu\n','2014-07-06 05:32:18'),('e1d7069620cff2f604abbafe629fed42','YjZjYzk3NTIzNjc2MTllOGRkYjg2OWZiYjFkN2U3NTU2Njk1ODQ2NzqAAn1xAVUKdGVzdGNvb2tp\nZXECVQZ3b3JrZWRxA3Mu\n','2014-07-06 08:44:47'),('93ab821fb498538f1d0cb71612bb9195','YjZjYzk3NTIzNjc2MTllOGRkYjg2OWZiYjFkN2U3NTU2Njk1ODQ2NzqAAn1xAVUKdGVzdGNvb2tp\nZXECVQZ3b3JrZWRxA3Mu\n','2014-07-06 12:59:35'),('598d0d79074a8df114ff747afca2fd3a','YjZjYzk3NTIzNjc2MTllOGRkYjg2OWZiYjFkN2U3NTU2Njk1ODQ2NzqAAn1xAVUKdGVzdGNvb2tp\nZXECVQZ3b3JrZWRxA3Mu\n','2014-07-06 19:35:53'),('1dd75665e1d03f177c1bcba823ea673e','YjZjYzk3NTIzNjc2MTllOGRkYjg2OWZiYjFkN2U3NTU2Njk1ODQ2NzqAAn1xAVUKdGVzdGNvb2tp\nZXECVQZ3b3JrZWRxA3Mu\n','2014-07-06 21:32:31'),('94a388c8a7e4379d05296330de54e156','YjZjYzk3NTIzNjc2MTllOGRkYjg2OWZiYjFkN2U3NTU2Njk1ODQ2NzqAAn1xAVUKdGVzdGNvb2tp\nZXECVQZ3b3JrZWRxA3Mu\n','2014-07-07 05:28:47'),('cc9524b886b7de9893aba5a21fe4985b','YjZjYzk3NTIzNjc2MTllOGRkYjg2OWZiYjFkN2U3NTU2Njk1ODQ2NzqAAn1xAVUKdGVzdGNvb2tp\nZXECVQZ3b3JrZWRxA3Mu\n','2014-07-07 07:44:06'),('68ac5a008a8f6d27ff6818210f26fce9','YjZjYzk3NTIzNjc2MTllOGRkYjg2OWZiYjFkN2U3NTU2Njk1ODQ2NzqAAn1xAVUKdGVzdGNvb2tp\nZXECVQZ3b3JrZWRxA3Mu\n','2014-07-07 13:09:59'),('f46a8a537221420d01494cb87991cbf8','YjZjYzk3NTIzNjc2MTllOGRkYjg2OWZiYjFkN2U3NTU2Njk1ODQ2NzqAAn1xAVUKdGVzdGNvb2tp\nZXECVQZ3b3JrZWRxA3Mu\n','2014-07-07 14:25:19'),('af7387dfb94cb71a71ea6ff4de4e5dde','YjZjYzk3NTIzNjc2MTllOGRkYjg2OWZiYjFkN2U3NTU2Njk1ODQ2NzqAAn1xAVUKdGVzdGNvb2tp\nZXECVQZ3b3JrZWRxA3Mu\n','2014-07-07 21:41:58'),('d0e55c846d3dd95067c7188cf1a33acf','YjZjYzk3NTIzNjc2MTllOGRkYjg2OWZiYjFkN2U3NTU2Njk1ODQ2NzqAAn1xAVUKdGVzdGNvb2tp\nZXECVQZ3b3JrZWRxA3Mu\n','2014-07-07 22:48:48'),('85241b74c47f7e10aa3e48004b0bc556','YjZjYzk3NTIzNjc2MTllOGRkYjg2OWZiYjFkN2U3NTU2Njk1ODQ2NzqAAn1xAVUKdGVzdGNvb2tp\nZXECVQZ3b3JrZWRxA3Mu\n','2014-07-08 03:25:38'),('88a1d5a1f2b251fc7e769a53ef127fe5','YjZjYzk3NTIzNjc2MTllOGRkYjg2OWZiYjFkN2U3NTU2Njk1ODQ2NzqAAn1xAVUKdGVzdGNvb2tp\nZXECVQZ3b3JrZWRxA3Mu\n','2014-07-08 20:53:06'),('71b1d86d32b4a1c702832bf164990582','YjZjYzk3NTIzNjc2MTllOGRkYjg2OWZiYjFkN2U3NTU2Njk1ODQ2NzqAAn1xAVUKdGVzdGNvb2tp\nZXECVQZ3b3JrZWRxA3Mu\n','2014-07-09 04:06:43'),('8f98bf36cb0add9d825649f50cbefb52','YjZjYzk3NTIzNjc2MTllOGRkYjg2OWZiYjFkN2U3NTU2Njk1ODQ2NzqAAn1xAVUKdGVzdGNvb2tp\nZXECVQZ3b3JrZWRxA3Mu\n','2014-07-09 18:00:56'),('f13b40b9c413154ec7ef3a8cf5caceb1','YjZjYzk3NTIzNjc2MTllOGRkYjg2OWZiYjFkN2U3NTU2Njk1ODQ2NzqAAn1xAVUKdGVzdGNvb2tp\nZXECVQZ3b3JrZWRxA3Mu\n','2014-07-09 18:52:10'),('a702f9ad57bce93a6fd8f28ea46fd9b2','YjZjYzk3NTIzNjc2MTllOGRkYjg2OWZiYjFkN2U3NTU2Njk1ODQ2NzqAAn1xAVUKdGVzdGNvb2tp\nZXECVQZ3b3JrZWRxA3Mu\n','2014-07-10 00:49:49'),('3f872e598137f988ee8ff9b947d49416','YjZjYzk3NTIzNjc2MTllOGRkYjg2OWZiYjFkN2U3NTU2Njk1ODQ2NzqAAn1xAVUKdGVzdGNvb2tp\nZXECVQZ3b3JrZWRxA3Mu\n','2014-07-10 05:12:56'),('19db2cd1dd8cd5fe1ff5b0eb85a315e0','YjZjYzk3NTIzNjc2MTllOGRkYjg2OWZiYjFkN2U3NTU2Njk1ODQ2NzqAAn1xAVUKdGVzdGNvb2tp\nZXECVQZ3b3JrZWRxA3Mu\n','2014-07-10 21:11:06'),('f0059af2b7b32d04baeb2821c345e61d','YjZjYzk3NTIzNjc2MTllOGRkYjg2OWZiYjFkN2U3NTU2Njk1ODQ2NzqAAn1xAVUKdGVzdGNvb2tp\nZXECVQZ3b3JrZWRxA3Mu\n','2014-07-10 21:11:24'),('a84684fe63fe9bb79c4dbe631e7867c7','YjZjYzk3NTIzNjc2MTllOGRkYjg2OWZiYjFkN2U3NTU2Njk1ODQ2NzqAAn1xAVUKdGVzdGNvb2tp\nZXECVQZ3b3JrZWRxA3Mu\n','2014-07-11 02:00:35'),('dd7284ac5d3324720622b12cbf0adc35','YjZjYzk3NTIzNjc2MTllOGRkYjg2OWZiYjFkN2U3NTU2Njk1ODQ2NzqAAn1xAVUKdGVzdGNvb2tp\nZXECVQZ3b3JrZWRxA3Mu\n','2014-07-11 03:20:23'),('58d683e41a50533b73063db400f7ad71','YjZjYzk3NTIzNjc2MTllOGRkYjg2OWZiYjFkN2U3NTU2Njk1ODQ2NzqAAn1xAVUKdGVzdGNvb2tp\nZXECVQZ3b3JrZWRxA3Mu\n','2014-07-12 05:51:57'),('c87596eb2f308ac70b19f4a65f2c8a39','YjZjYzk3NTIzNjc2MTllOGRkYjg2OWZiYjFkN2U3NTU2Njk1ODQ2NzqAAn1xAVUKdGVzdGNvb2tp\nZXECVQZ3b3JrZWRxA3Mu\n','2014-07-13 16:30:09'),('419ba765a852867c9497089ec9a1e006','YjZjYzk3NTIzNjc2MTllOGRkYjg2OWZiYjFkN2U3NTU2Njk1ODQ2NzqAAn1xAVUKdGVzdGNvb2tp\nZXECVQZ3b3JrZWRxA3Mu\n','2014-07-15 10:21:40'),('74f8ac1325b13ecb05024b5dc2531b8c','YjZjYzk3NTIzNjc2MTllOGRkYjg2OWZiYjFkN2U3NTU2Njk1ODQ2NzqAAn1xAVUKdGVzdGNvb2tp\nZXECVQZ3b3JrZWRxA3Mu\n','2014-07-15 17:17:38'),('3cd1356d9bbbc4ee1486a63b3c7ae623','YjZjYzk3NTIzNjc2MTllOGRkYjg2OWZiYjFkN2U3NTU2Njk1ODQ2NzqAAn1xAVUKdGVzdGNvb2tp\nZXECVQZ3b3JrZWRxA3Mu\n','2014-07-16 01:59:27'),('ff04610a51109b666ca9bbbb4d8481f2','YjZjYzk3NTIzNjc2MTllOGRkYjg2OWZiYjFkN2U3NTU2Njk1ODQ2NzqAAn1xAVUKdGVzdGNvb2tp\nZXECVQZ3b3JrZWRxA3Mu\n','2014-07-16 09:43:22'),('0826af404b9f6f2c71148c90c23cc44e','YjZjYzk3NTIzNjc2MTllOGRkYjg2OWZiYjFkN2U3NTU2Njk1ODQ2NzqAAn1xAVUKdGVzdGNvb2tp\nZXECVQZ3b3JrZWRxA3Mu\n','2014-07-16 13:19:55'),('1cad069f0aeb552d6407e45b829d62d3','YjZjYzk3NTIzNjc2MTllOGRkYjg2OWZiYjFkN2U3NTU2Njk1ODQ2NzqAAn1xAVUKdGVzdGNvb2tp\nZXECVQZ3b3JrZWRxA3Mu\n','2014-07-16 15:16:50'),('2d832c7d560741fc9e93c4c7e16e763f','YjZjYzk3NTIzNjc2MTllOGRkYjg2OWZiYjFkN2U3NTU2Njk1ODQ2NzqAAn1xAVUKdGVzdGNvb2tp\nZXECVQZ3b3JrZWRxA3Mu\n','2014-07-17 23:06:12'),('147fe2fb6d8959ef2610017052b7ee67','YjZjYzk3NTIzNjc2MTllOGRkYjg2OWZiYjFkN2U3NTU2Njk1ODQ2NzqAAn1xAVUKdGVzdGNvb2tp\nZXECVQZ3b3JrZWRxA3Mu\n','2014-07-18 04:03:39'),('5487f12fc0a1ef9195a26030492dc006','YjZjYzk3NTIzNjc2MTllOGRkYjg2OWZiYjFkN2U3NTU2Njk1ODQ2NzqAAn1xAVUKdGVzdGNvb2tp\nZXECVQZ3b3JrZWRxA3Mu\n','2014-07-18 04:46:50'),('e1fccc7b9d939b3323ed128715871d8a','YjZjYzk3NTIzNjc2MTllOGRkYjg2OWZiYjFkN2U3NTU2Njk1ODQ2NzqAAn1xAVUKdGVzdGNvb2tp\nZXECVQZ3b3JrZWRxA3Mu\n','2014-07-18 13:06:11'),('72c1b6faed4c596c9aafc1f6b199cad1','YjZjYzk3NTIzNjc2MTllOGRkYjg2OWZiYjFkN2U3NTU2Njk1ODQ2NzqAAn1xAVUKdGVzdGNvb2tp\nZXECVQZ3b3JrZWRxA3Mu\n','2014-07-18 19:37:15'),('68c2a07f149c979da23c34f571fe1993','YjZjYzk3NTIzNjc2MTllOGRkYjg2OWZiYjFkN2U3NTU2Njk1ODQ2NzqAAn1xAVUKdGVzdGNvb2tp\nZXECVQZ3b3JrZWRxA3Mu\n','2014-07-19 04:15:04'),('f1a64b67be697a2ecabb9686bd760011','YjZjYzk3NTIzNjc2MTllOGRkYjg2OWZiYjFkN2U3NTU2Njk1ODQ2NzqAAn1xAVUKdGVzdGNvb2tp\nZXECVQZ3b3JrZWRxA3Mu\n','2014-07-20 00:26:56'),('9e197157ed86e0a55d32121495512ecd','YjZjYzk3NTIzNjc2MTllOGRkYjg2OWZiYjFkN2U3NTU2Njk1ODQ2NzqAAn1xAVUKdGVzdGNvb2tp\nZXECVQZ3b3JrZWRxA3Mu\n','2014-07-20 06:23:26'),('8b35cb62c9ff0884908accb2b90d2977','YjZjYzk3NTIzNjc2MTllOGRkYjg2OWZiYjFkN2U3NTU2Njk1ODQ2NzqAAn1xAVUKdGVzdGNvb2tp\nZXECVQZ3b3JrZWRxA3Mu\n','2014-07-20 11:02:13'),('187448ac3c1eb97b170e0162e6ed1715','YjZjYzk3NTIzNjc2MTllOGRkYjg2OWZiYjFkN2U3NTU2Njk1ODQ2NzqAAn1xAVUKdGVzdGNvb2tp\nZXECVQZ3b3JrZWRxA3Mu\n','2014-07-21 01:50:38'),('023dd247bc3ee53cebcce007593dbcf1','YjZjYzk3NTIzNjc2MTllOGRkYjg2OWZiYjFkN2U3NTU2Njk1ODQ2NzqAAn1xAVUKdGVzdGNvb2tp\nZXECVQZ3b3JrZWRxA3Mu\n','2014-07-21 17:21:35'),('e40be0922ead2be0f54ec6bb16896c3d','YjZjYzk3NTIzNjc2MTllOGRkYjg2OWZiYjFkN2U3NTU2Njk1ODQ2NzqAAn1xAVUKdGVzdGNvb2tp\nZXECVQZ3b3JrZWRxA3Mu\n','2014-07-21 21:13:24'),('136bf4dc9678a9971ed03a43cf33ff40','YjZjYzk3NTIzNjc2MTllOGRkYjg2OWZiYjFkN2U3NTU2Njk1ODQ2NzqAAn1xAVUKdGVzdGNvb2tp\nZXECVQZ3b3JrZWRxA3Mu\n','2014-07-21 21:45:01'),('77cddf5996b4b97152025a4d7385a701','YjZjYzk3NTIzNjc2MTllOGRkYjg2OWZiYjFkN2U3NTU2Njk1ODQ2NzqAAn1xAVUKdGVzdGNvb2tp\nZXECVQZ3b3JrZWRxA3Mu\n','2014-07-22 04:38:36'),('484711eaa458c63a0d261d74211569a7','YjZjYzk3NTIzNjc2MTllOGRkYjg2OWZiYjFkN2U3NTU2Njk1ODQ2NzqAAn1xAVUKdGVzdGNvb2tp\nZXECVQZ3b3JrZWRxA3Mu\n','2014-07-22 04:55:06'),('b2fb549f5e6ac4758d98688ad8833297','YjZjYzk3NTIzNjc2MTllOGRkYjg2OWZiYjFkN2U3NTU2Njk1ODQ2NzqAAn1xAVUKdGVzdGNvb2tp\nZXECVQZ3b3JrZWRxA3Mu\n','2014-07-22 23:52:54'),('f4261981b6dbcf023448d4da06c663b4','YjZjYzk3NTIzNjc2MTllOGRkYjg2OWZiYjFkN2U3NTU2Njk1ODQ2NzqAAn1xAVUKdGVzdGNvb2tp\nZXECVQZ3b3JrZWRxA3Mu\n','2014-07-23 06:54:46'),('cdd45bc6bb702747938f7ab6492191a2','YjZjYzk3NTIzNjc2MTllOGRkYjg2OWZiYjFkN2U3NTU2Njk1ODQ2NzqAAn1xAVUKdGVzdGNvb2tp\nZXECVQZ3b3JrZWRxA3Mu\n','2014-07-24 14:04:06'),('b8e8ca76f9d8613870b8f7d59d6fdcb9','YjZjYzk3NTIzNjc2MTllOGRkYjg2OWZiYjFkN2U3NTU2Njk1ODQ2NzqAAn1xAVUKdGVzdGNvb2tp\nZXECVQZ3b3JrZWRxA3Mu\n','2014-07-24 17:20:16'),('7736ceac13ba5930a661d278dc8dadc4','YjZjYzk3NTIzNjc2MTllOGRkYjg2OWZiYjFkN2U3NTU2Njk1ODQ2NzqAAn1xAVUKdGVzdGNvb2tp\nZXECVQZ3b3JrZWRxA3Mu\n','2014-07-25 04:55:06'),('1267101420961c4407a17496e4e99f16','YjZjYzk3NTIzNjc2MTllOGRkYjg2OWZiYjFkN2U3NTU2Njk1ODQ2NzqAAn1xAVUKdGVzdGNvb2tp\nZXECVQZ3b3JrZWRxA3Mu\n','2014-07-26 11:38:04'),('d610c0497647c329a535a9ffa60d3e51','YjZjYzk3NTIzNjc2MTllOGRkYjg2OWZiYjFkN2U3NTU2Njk1ODQ2NzqAAn1xAVUKdGVzdGNvb2tp\nZXECVQZ3b3JrZWRxA3Mu\n','2014-07-26 15:32:51'),('0c9529a7e104a03bf56e391101ba613e','YjZjYzk3NTIzNjc2MTllOGRkYjg2OWZiYjFkN2U3NTU2Njk1ODQ2NzqAAn1xAVUKdGVzdGNvb2tp\nZXECVQZ3b3JrZWRxA3Mu\n','2014-07-26 21:11:23'),('e62f35d2a7c6b9faa30b5a005b067006','YjZjYzk3NTIzNjc2MTllOGRkYjg2OWZiYjFkN2U3NTU2Njk1ODQ2NzqAAn1xAVUKdGVzdGNvb2tp\nZXECVQZ3b3JrZWRxA3Mu\n','2014-07-27 19:56:00'),('c25dfffc116cbf3526d4dcbb049e241e','YjZjYzk3NTIzNjc2MTllOGRkYjg2OWZiYjFkN2U3NTU2Njk1ODQ2NzqAAn1xAVUKdGVzdGNvb2tp\nZXECVQZ3b3JrZWRxA3Mu\n','2014-07-27 21:56:13'),('2d3d083840347f02398d702764cec909','YjZjYzk3NTIzNjc2MTllOGRkYjg2OWZiYjFkN2U3NTU2Njk1ODQ2NzqAAn1xAVUKdGVzdGNvb2tp\nZXECVQZ3b3JrZWRxA3Mu\n','2014-07-27 22:27:51'),('aac36158e6a514b66fec31d776377fe8','YjZjYzk3NTIzNjc2MTllOGRkYjg2OWZiYjFkN2U3NTU2Njk1ODQ2NzqAAn1xAVUKdGVzdGNvb2tp\nZXECVQZ3b3JrZWRxA3Mu\n','2014-07-28 03:22:45'),('016ca45effa21a1da6cc302d2d6dfb14','YjZjYzk3NTIzNjc2MTllOGRkYjg2OWZiYjFkN2U3NTU2Njk1ODQ2NzqAAn1xAVUKdGVzdGNvb2tp\nZXECVQZ3b3JrZWRxA3Mu\n','2014-07-28 14:20:35'),('02ff16bc601498922811b2a4fafa6f50','YjZjYzk3NTIzNjc2MTllOGRkYjg2OWZiYjFkN2U3NTU2Njk1ODQ2NzqAAn1xAVUKdGVzdGNvb2tp\nZXECVQZ3b3JrZWRxA3Mu\n','2014-07-31 12:53:37'),('50d389cb2ccf5ca734ebbb231a662877','YjZjYzk3NTIzNjc2MTllOGRkYjg2OWZiYjFkN2U3NTU2Njk1ODQ2NzqAAn1xAVUKdGVzdGNvb2tp\nZXECVQZ3b3JrZWRxA3Mu\n','2014-07-31 18:42:38'),('c8b66bed5d096654cfc010c97185eebc','YjZjYzk3NTIzNjc2MTllOGRkYjg2OWZiYjFkN2U3NTU2Njk1ODQ2NzqAAn1xAVUKdGVzdGNvb2tp\nZXECVQZ3b3JrZWRxA3Mu\n','2014-08-01 00:50:11'),('c9e2f59eeab3a9e314f414adec0e267f','YjZjYzk3NTIzNjc2MTllOGRkYjg2OWZiYjFkN2U3NTU2Njk1ODQ2NzqAAn1xAVUKdGVzdGNvb2tp\nZXECVQZ3b3JrZWRxA3Mu\n','2014-08-01 00:50:13'),('6614659fc2dae8f238b4c71ab98602c7','YjZjYzk3NTIzNjc2MTllOGRkYjg2OWZiYjFkN2U3NTU2Njk1ODQ2NzqAAn1xAVUKdGVzdGNvb2tp\nZXECVQZ3b3JrZWRxA3Mu\n','2014-08-01 02:44:32'),('2f60caf4508376488950b427189a53d6','YjZjYzk3NTIzNjc2MTllOGRkYjg2OWZiYjFkN2U3NTU2Njk1ODQ2NzqAAn1xAVUKdGVzdGNvb2tp\nZXECVQZ3b3JrZWRxA3Mu\n','2014-08-01 04:03:45'),('86a293b91f7154300dae63d7ce2baec4','YjZjYzk3NTIzNjc2MTllOGRkYjg2OWZiYjFkN2U3NTU2Njk1ODQ2NzqAAn1xAVUKdGVzdGNvb2tp\nZXECVQZ3b3JrZWRxA3Mu\n','2014-08-01 07:03:06'),('d79de88369ffb9e07cb3f3e5fa9f6da8','YjZjYzk3NTIzNjc2MTllOGRkYjg2OWZiYjFkN2U3NTU2Njk1ODQ2NzqAAn1xAVUKdGVzdGNvb2tp\nZXECVQZ3b3JrZWRxA3Mu\n','2014-08-01 15:07:41'),('ee161538cbc6c62b512fb18dd9b5cbd7','YjZjYzk3NTIzNjc2MTllOGRkYjg2OWZiYjFkN2U3NTU2Njk1ODQ2NzqAAn1xAVUKdGVzdGNvb2tp\nZXECVQZ3b3JrZWRxA3Mu\n','2014-08-01 19:44:02'),('37744ac248a755139830957e9e030c8f','YjZjYzk3NTIzNjc2MTllOGRkYjg2OWZiYjFkN2U3NTU2Njk1ODQ2NzqAAn1xAVUKdGVzdGNvb2tp\nZXECVQZ3b3JrZWRxA3Mu\n','2014-08-02 08:15:31'),('1c81781dd2ca1083bc94ce7869b42fcb','YjZjYzk3NTIzNjc2MTllOGRkYjg2OWZiYjFkN2U3NTU2Njk1ODQ2NzqAAn1xAVUKdGVzdGNvb2tp\nZXECVQZ3b3JrZWRxA3Mu\n','2014-08-02 11:22:17'),('4e1979e340e1e612d4d53a355f2f0137','YjZjYzk3NTIzNjc2MTllOGRkYjg2OWZiYjFkN2U3NTU2Njk1ODQ2NzqAAn1xAVUKdGVzdGNvb2tp\nZXECVQZ3b3JrZWRxA3Mu\n','2014-08-03 12:51:32'),('661b099ee32927355622000a20ce2c10','YjZjYzk3NTIzNjc2MTllOGRkYjg2OWZiYjFkN2U3NTU2Njk1ODQ2NzqAAn1xAVUKdGVzdGNvb2tp\nZXECVQZ3b3JrZWRxA3Mu\n','2014-08-03 20:13:57'),('c453abf5f31174c707d648da281dba97','YjZjYzk3NTIzNjc2MTllOGRkYjg2OWZiYjFkN2U3NTU2Njk1ODQ2NzqAAn1xAVUKdGVzdGNvb2tp\nZXECVQZ3b3JrZWRxA3Mu\n','2014-08-04 08:01:13'),('057757ae5f3123f16a5d718e00d5a758','YjZjYzk3NTIzNjc2MTllOGRkYjg2OWZiYjFkN2U3NTU2Njk1ODQ2NzqAAn1xAVUKdGVzdGNvb2tp\nZXECVQZ3b3JrZWRxA3Mu\n','2014-08-04 09:00:00'),('aa923260346f8ebcfd82413c9dedf20e','YjZjYzk3NTIzNjc2MTllOGRkYjg2OWZiYjFkN2U3NTU2Njk1ODQ2NzqAAn1xAVUKdGVzdGNvb2tp\nZXECVQZ3b3JrZWRxA3Mu\n','2014-08-05 02:13:43'),('6c36963cb11a62c39c7ba57916f37adf','YjZjYzk3NTIzNjc2MTllOGRkYjg2OWZiYjFkN2U3NTU2Njk1ODQ2NzqAAn1xAVUKdGVzdGNvb2tp\nZXECVQZ3b3JrZWRxA3Mu\n','2014-08-05 05:14:49'),('b90eec641b67cde403289743a76eb339','YjZjYzk3NTIzNjc2MTllOGRkYjg2OWZiYjFkN2U3NTU2Njk1ODQ2NzqAAn1xAVUKdGVzdGNvb2tp\nZXECVQZ3b3JrZWRxA3Mu\n','2014-08-06 03:40:53'),('6e13af483a22e9a83738587fc9f895a7','YjZjYzk3NTIzNjc2MTllOGRkYjg2OWZiYjFkN2U3NTU2Njk1ODQ2NzqAAn1xAVUKdGVzdGNvb2tp\nZXECVQZ3b3JrZWRxA3Mu\n','2014-08-06 03:40:54'),('1fd1234fd4f27f7ad21fc32767fb634e','YjZjYzk3NTIzNjc2MTllOGRkYjg2OWZiYjFkN2U3NTU2Njk1ODQ2NzqAAn1xAVUKdGVzdGNvb2tp\nZXECVQZ3b3JrZWRxA3Mu\n','2014-08-06 03:40:58'),('4a0e1181fa4305957f35ba0544cfb0e6','YjZjYzk3NTIzNjc2MTllOGRkYjg2OWZiYjFkN2U3NTU2Njk1ODQ2NzqAAn1xAVUKdGVzdGNvb2tp\nZXECVQZ3b3JrZWRxA3Mu\n','2014-08-06 06:43:26'),('ea47ae838bebfa45a3fcd1c4b8bf5ad7','YjZjYzk3NTIzNjc2MTllOGRkYjg2OWZiYjFkN2U3NTU2Njk1ODQ2NzqAAn1xAVUKdGVzdGNvb2tp\nZXECVQZ3b3JrZWRxA3Mu\n','2014-08-06 12:30:40'),('e3d8fb33fe2ee42f4a1d6cfe9f2c3a28','YjZjYzk3NTIzNjc2MTllOGRkYjg2OWZiYjFkN2U3NTU2Njk1ODQ2NzqAAn1xAVUKdGVzdGNvb2tp\nZXECVQZ3b3JrZWRxA3Mu\n','2014-08-06 22:42:21'),('e975b6ea7330559bcd273f611e049986','YjZjYzk3NTIzNjc2MTllOGRkYjg2OWZiYjFkN2U3NTU2Njk1ODQ2NzqAAn1xAVUKdGVzdGNvb2tp\nZXECVQZ3b3JrZWRxA3Mu\n','2014-08-06 22:42:22'),('ef0b29a9cf3e1aeb4a48f58cccc71039','YjZjYzk3NTIzNjc2MTllOGRkYjg2OWZiYjFkN2U3NTU2Njk1ODQ2NzqAAn1xAVUKdGVzdGNvb2tp\nZXECVQZ3b3JrZWRxA3Mu\n','2014-08-06 22:42:26'),('e34e7a535920f7f4fe507817f989235d','YjZjYzk3NTIzNjc2MTllOGRkYjg2OWZiYjFkN2U3NTU2Njk1ODQ2NzqAAn1xAVUKdGVzdGNvb2tp\nZXECVQZ3b3JrZWRxA3Mu\n','2014-08-07 18:54:06'),('2efc0ea7bac7e2ce92780d5429de1e28','YjZjYzk3NTIzNjc2MTllOGRkYjg2OWZiYjFkN2U3NTU2Njk1ODQ2NzqAAn1xAVUKdGVzdGNvb2tp\nZXECVQZ3b3JrZWRxA3Mu\n','2014-08-08 01:07:20'),('470185abb2306b5c0101a60997c18098','YjZjYzk3NTIzNjc2MTllOGRkYjg2OWZiYjFkN2U3NTU2Njk1ODQ2NzqAAn1xAVUKdGVzdGNvb2tp\nZXECVQZ3b3JrZWRxA3Mu\n','2014-08-08 13:11:50'),('c95d5e26d5633412cb200e26762d8877','YjZjYzk3NTIzNjc2MTllOGRkYjg2OWZiYjFkN2U3NTU2Njk1ODQ2NzqAAn1xAVUKdGVzdGNvb2tp\nZXECVQZ3b3JrZWRxA3Mu\n','2014-08-09 07:59:37'),('c4b5b2d59d1fe168d2eb839daf2b6cd3','YjZjYzk3NTIzNjc2MTllOGRkYjg2OWZiYjFkN2U3NTU2Njk1ODQ2NzqAAn1xAVUKdGVzdGNvb2tp\nZXECVQZ3b3JrZWRxA3Mu\n','2014-08-09 09:14:57'),('36ae2533215b78362d34d0d18da4ab16','YjZjYzk3NTIzNjc2MTllOGRkYjg2OWZiYjFkN2U3NTU2Njk1ODQ2NzqAAn1xAVUKdGVzdGNvb2tp\nZXECVQZ3b3JrZWRxA3Mu\n','2014-08-11 02:07:45'),('017eff010313e3ce086cf27b683466d4','YjZjYzk3NTIzNjc2MTllOGRkYjg2OWZiYjFkN2U3NTU2Njk1ODQ2NzqAAn1xAVUKdGVzdGNvb2tp\nZXECVQZ3b3JrZWRxA3Mu\n','2014-08-11 10:44:55'),('899eb5f096bde52b6c307c799bd55caf','YjZjYzk3NTIzNjc2MTllOGRkYjg2OWZiYjFkN2U3NTU2Njk1ODQ2NzqAAn1xAVUKdGVzdGNvb2tp\nZXECVQZ3b3JrZWRxA3Mu\n','2014-08-13 10:44:52'),('0932c69110f4fd6c7b8e741002adb55c','YjZjYzk3NTIzNjc2MTllOGRkYjg2OWZiYjFkN2U3NTU2Njk1ODQ2NzqAAn1xAVUKdGVzdGNvb2tp\nZXECVQZ3b3JrZWRxA3Mu\n','2014-08-14 08:09:16'),('0d6c220502fe3010d4eb7004b4ed8930','YjZjYzk3NTIzNjc2MTllOGRkYjg2OWZiYjFkN2U3NTU2Njk1ODQ2NzqAAn1xAVUKdGVzdGNvb2tp\nZXECVQZ3b3JrZWRxA3Mu\n','2014-08-14 12:43:54'),('2b8c95c685ad5ccc94b3fccfc633ba52','YjZjYzk3NTIzNjc2MTllOGRkYjg2OWZiYjFkN2U3NTU2Njk1ODQ2NzqAAn1xAVUKdGVzdGNvb2tp\nZXECVQZ3b3JrZWRxA3Mu\n','2014-08-15 06:14:15'),('9d51a2db2f4f0dd872bc3f718494abeb','YjZjYzk3NTIzNjc2MTllOGRkYjg2OWZiYjFkN2U3NTU2Njk1ODQ2NzqAAn1xAVUKdGVzdGNvb2tp\nZXECVQZ3b3JrZWRxA3Mu\n','2014-08-15 07:34:32'),('534cbe1a31937a073bc5ec8c852096fb','YjZjYzk3NTIzNjc2MTllOGRkYjg2OWZiYjFkN2U3NTU2Njk1ODQ2NzqAAn1xAVUKdGVzdGNvb2tp\nZXECVQZ3b3JrZWRxA3Mu\n','2014-08-16 01:52:16'),('b54aad18f15d2eae7d6270cb11ea1d81','YjZjYzk3NTIzNjc2MTllOGRkYjg2OWZiYjFkN2U3NTU2Njk1ODQ2NzqAAn1xAVUKdGVzdGNvb2tp\nZXECVQZ3b3JrZWRxA3Mu\n','2014-08-16 08:31:13'),('ba9ebc13ae04f6771bd085d7cfe113f6','YjZjYzk3NTIzNjc2MTllOGRkYjg2OWZiYjFkN2U3NTU2Njk1ODQ2NzqAAn1xAVUKdGVzdGNvb2tp\nZXECVQZ3b3JrZWRxA3Mu\n','2014-08-17 03:21:10'),('731896950e879ccf6da3ac192db429eb','YjZjYzk3NTIzNjc2MTllOGRkYjg2OWZiYjFkN2U3NTU2Njk1ODQ2NzqAAn1xAVUKdGVzdGNvb2tp\nZXECVQZ3b3JrZWRxA3Mu\n','2014-08-17 08:10:18'),('780ec0967c122024cdb07e2896516ec0','YjZjYzk3NTIzNjc2MTllOGRkYjg2OWZiYjFkN2U3NTU2Njk1ODQ2NzqAAn1xAVUKdGVzdGNvb2tp\nZXECVQZ3b3JrZWRxA3Mu\n','2014-08-17 09:37:39'),('f6b25dab0164480f724fa311c98d9431','YjZjYzk3NTIzNjc2MTllOGRkYjg2OWZiYjFkN2U3NTU2Njk1ODQ2NzqAAn1xAVUKdGVzdGNvb2tp\nZXECVQZ3b3JrZWRxA3Mu\n','2014-08-17 20:54:58'),('9915f0547d86e741f86875b91cbbfec2','YjZjYzk3NTIzNjc2MTllOGRkYjg2OWZiYjFkN2U3NTU2Njk1ODQ2NzqAAn1xAVUKdGVzdGNvb2tp\nZXECVQZ3b3JrZWRxA3Mu\n','2014-08-18 06:33:59'),('797cc366462ccaa096a9e2e744b93bc7','YjZjYzk3NTIzNjc2MTllOGRkYjg2OWZiYjFkN2U3NTU2Njk1ODQ2NzqAAn1xAVUKdGVzdGNvb2tp\nZXECVQZ3b3JrZWRxA3Mu\n','2014-08-18 14:12:07'),('1775aa81cf45f49c02de7bc268fd88d5','YjZjYzk3NTIzNjc2MTllOGRkYjg2OWZiYjFkN2U3NTU2Njk1ODQ2NzqAAn1xAVUKdGVzdGNvb2tp\nZXECVQZ3b3JrZWRxA3Mu\n','2014-08-19 14:34:21'),('bfb4f4952a22e08a8d894628cb8d7cde','YjZjYzk3NTIzNjc2MTllOGRkYjg2OWZiYjFkN2U3NTU2Njk1ODQ2NzqAAn1xAVUKdGVzdGNvb2tp\nZXECVQZ3b3JrZWRxA3Mu\n','2014-08-19 16:59:36'),('ea4d3d1637b5ebdb44142304d632f4fb','YjZjYzk3NTIzNjc2MTllOGRkYjg2OWZiYjFkN2U3NTU2Njk1ODQ2NzqAAn1xAVUKdGVzdGNvb2tp\nZXECVQZ3b3JrZWRxA3Mu\n','2014-08-19 17:43:16'),('592997022d41d035f96ae06d0b1cd31c','YjZjYzk3NTIzNjc2MTllOGRkYjg2OWZiYjFkN2U3NTU2Njk1ODQ2NzqAAn1xAVUKdGVzdGNvb2tp\nZXECVQZ3b3JrZWRxA3Mu\n','2014-08-20 07:46:31'),('f04a8c1c5b0801d92a9329686e22fc7a','YjZjYzk3NTIzNjc2MTllOGRkYjg2OWZiYjFkN2U3NTU2Njk1ODQ2NzqAAn1xAVUKdGVzdGNvb2tp\nZXECVQZ3b3JrZWRxA3Mu\n','2014-08-20 23:35:30'),('9d235c1122cf38a50e514fea09e659e5','YjZjYzk3NTIzNjc2MTllOGRkYjg2OWZiYjFkN2U3NTU2Njk1ODQ2NzqAAn1xAVUKdGVzdGNvb2tp\nZXECVQZ3b3JrZWRxA3Mu\n','2014-08-21 14:12:42'),('f6d43be0fca96a7d99269cb033ba2ed6','YjZjYzk3NTIzNjc2MTllOGRkYjg2OWZiYjFkN2U3NTU2Njk1ODQ2NzqAAn1xAVUKdGVzdGNvb2tp\nZXECVQZ3b3JrZWRxA3Mu\n','2014-08-21 15:50:14'),('871325b68d23ef75ca8db0e1c826de12','YjZjYzk3NTIzNjc2MTllOGRkYjg2OWZiYjFkN2U3NTU2Njk1ODQ2NzqAAn1xAVUKdGVzdGNvb2tp\nZXECVQZ3b3JrZWRxA3Mu\n','2014-08-22 01:52:43'),('a51f06116f9d0381b89e42fc6c2c4abf','YjZjYzk3NTIzNjc2MTllOGRkYjg2OWZiYjFkN2U3NTU2Njk1ODQ2NzqAAn1xAVUKdGVzdGNvb2tp\nZXECVQZ3b3JrZWRxA3Mu\n','2014-08-22 07:38:14'),('d8095a5fb4a6dcec445254dc5af89442','YjZjYzk3NTIzNjc2MTllOGRkYjg2OWZiYjFkN2U3NTU2Njk1ODQ2NzqAAn1xAVUKdGVzdGNvb2tp\nZXECVQZ3b3JrZWRxA3Mu\n','2014-08-23 08:24:09'),('7b11dc35287ef19229eed5c9e5b58e14','YjZjYzk3NTIzNjc2MTllOGRkYjg2OWZiYjFkN2U3NTU2Njk1ODQ2NzqAAn1xAVUKdGVzdGNvb2tp\nZXECVQZ3b3JrZWRxA3Mu\n','2014-08-24 15:46:38'),('063d4ba9b6d6226c3a393849fb6e189f','YjZjYzk3NTIzNjc2MTllOGRkYjg2OWZiYjFkN2U3NTU2Njk1ODQ2NzqAAn1xAVUKdGVzdGNvb2tp\nZXECVQZ3b3JrZWRxA3Mu\n','2014-08-25 22:58:58'),('933d775f8556a1529aed73566e64ee48','YjZjYzk3NTIzNjc2MTllOGRkYjg2OWZiYjFkN2U3NTU2Njk1ODQ2NzqAAn1xAVUKdGVzdGNvb2tp\nZXECVQZ3b3JrZWRxA3Mu\n','2014-08-26 02:43:54'),('4046cec9b3503c6ca1af6f84712728bd','YjZjYzk3NTIzNjc2MTllOGRkYjg2OWZiYjFkN2U3NTU2Njk1ODQ2NzqAAn1xAVUKdGVzdGNvb2tp\nZXECVQZ3b3JrZWRxA3Mu\n','2014-08-26 13:27:16'),('c032885fcb1af0219690e9cc3f83431a','YjZjYzk3NTIzNjc2MTllOGRkYjg2OWZiYjFkN2U3NTU2Njk1ODQ2NzqAAn1xAVUKdGVzdGNvb2tp\nZXECVQZ3b3JrZWRxA3Mu\n','2014-08-27 03:01:01'),('610e67d81e5011b8207572c00659bc2e','YjZjYzk3NTIzNjc2MTllOGRkYjg2OWZiYjFkN2U3NTU2Njk1ODQ2NzqAAn1xAVUKdGVzdGNvb2tp\nZXECVQZ3b3JrZWRxA3Mu\n','2014-08-27 20:23:16'),('7b659967e1c4e04bbdfdd8dbb8869d3a','YjZjYzk3NTIzNjc2MTllOGRkYjg2OWZiYjFkN2U3NTU2Njk1ODQ2NzqAAn1xAVUKdGVzdGNvb2tp\nZXECVQZ3b3JrZWRxA3Mu\n','2014-08-28 20:15:43'),('1d62110b69c1af636c76ade295e0afa4','YjZjYzk3NTIzNjc2MTllOGRkYjg2OWZiYjFkN2U3NTU2Njk1ODQ2NzqAAn1xAVUKdGVzdGNvb2tp\nZXECVQZ3b3JrZWRxA3Mu\n','2014-08-29 01:23:04'),('e6bb896edf52bf4ea97b8d95509b7a3d','YjZjYzk3NTIzNjc2MTllOGRkYjg2OWZiYjFkN2U3NTU2Njk1ODQ2NzqAAn1xAVUKdGVzdGNvb2tp\nZXECVQZ3b3JrZWRxA3Mu\n','2014-08-29 03:50:32'),('a79259aa20136276d3fe1f8fb34ffd4d','YjZjYzk3NTIzNjc2MTllOGRkYjg2OWZiYjFkN2U3NTU2Njk1ODQ2NzqAAn1xAVUKdGVzdGNvb2tp\nZXECVQZ3b3JrZWRxA3Mu\n','2014-08-29 09:22:21'),('1f4a39aebdba6f29916fdf0cc406abe8','YjZjYzk3NTIzNjc2MTllOGRkYjg2OWZiYjFkN2U3NTU2Njk1ODQ2NzqAAn1xAVUKdGVzdGNvb2tp\nZXECVQZ3b3JrZWRxA3Mu\n','2014-08-30 06:56:34'),('34822038f99299ac41cc5bc95d23dbf1','YjZjYzk3NTIzNjc2MTllOGRkYjg2OWZiYjFkN2U3NTU2Njk1ODQ2NzqAAn1xAVUKdGVzdGNvb2tp\nZXECVQZ3b3JrZWRxA3Mu\n','2014-08-30 18:09:13'),('bbc76337fb86fb3a0b11b79b54c08c6b','YjZjYzk3NTIzNjc2MTllOGRkYjg2OWZiYjFkN2U3NTU2Njk1ODQ2NzqAAn1xAVUKdGVzdGNvb2tp\nZXECVQZ3b3JrZWRxA3Mu\n','2014-08-31 09:02:30'),('0d3169a8c6881acec8d9b1e917070b3d','YjZjYzk3NTIzNjc2MTllOGRkYjg2OWZiYjFkN2U3NTU2Njk1ODQ2NzqAAn1xAVUKdGVzdGNvb2tp\nZXECVQZ3b3JrZWRxA3Mu\n','2014-08-31 23:50:42'),('3df4259d90cd1465c56b30c159ff8e13','YjZjYzk3NTIzNjc2MTllOGRkYjg2OWZiYjFkN2U3NTU2Njk1ODQ2NzqAAn1xAVUKdGVzdGNvb2tp\nZXECVQZ3b3JrZWRxA3Mu\n','2014-09-03 02:38:10'),('c0e97652d48979c88ec3588a30ba164a','YjZjYzk3NTIzNjc2MTllOGRkYjg2OWZiYjFkN2U3NTU2Njk1ODQ2NzqAAn1xAVUKdGVzdGNvb2tp\nZXECVQZ3b3JrZWRxA3Mu\n','2014-09-03 03:49:28'),('1d05c823560c2ec811de30b110bc345e','YjZjYzk3NTIzNjc2MTllOGRkYjg2OWZiYjFkN2U3NTU2Njk1ODQ2NzqAAn1xAVUKdGVzdGNvb2tp\nZXECVQZ3b3JrZWRxA3Mu\n','2014-09-03 23:37:35'),('0f6cad764e3695ff2522a6df5e623b2e','YjZjYzk3NTIzNjc2MTllOGRkYjg2OWZiYjFkN2U3NTU2Njk1ODQ2NzqAAn1xAVUKdGVzdGNvb2tp\nZXECVQZ3b3JrZWRxA3Mu\n','2014-09-04 08:10:17'),('24ee876715d4fd1a6bb8a19294fe3136','YjZjYzk3NTIzNjc2MTllOGRkYjg2OWZiYjFkN2U3NTU2Njk1ODQ2NzqAAn1xAVUKdGVzdGNvb2tp\nZXECVQZ3b3JrZWRxA3Mu\n','2014-09-04 10:08:23'),('6d01cd42a3b3bb7f8459d302ea95186d','YjZjYzk3NTIzNjc2MTllOGRkYjg2OWZiYjFkN2U3NTU2Njk1ODQ2NzqAAn1xAVUKdGVzdGNvb2tp\nZXECVQZ3b3JrZWRxA3Mu\n','2014-09-06 09:17:52'),('38c3ecbb7e2093281dab689909401e3a','YjZjYzk3NTIzNjc2MTllOGRkYjg2OWZiYjFkN2U3NTU2Njk1ODQ2NzqAAn1xAVUKdGVzdGNvb2tp\nZXECVQZ3b3JrZWRxA3Mu\n','2014-09-06 12:23:15'),('97282d79885314c6a61349b0d207e9d1','YjZjYzk3NTIzNjc2MTllOGRkYjg2OWZiYjFkN2U3NTU2Njk1ODQ2NzqAAn1xAVUKdGVzdGNvb2tp\nZXECVQZ3b3JrZWRxA3Mu\n','2014-09-08 02:44:40'),('6aca4596b924b5cbd3cf7b3fae7e707b','YjZjYzk3NTIzNjc2MTllOGRkYjg2OWZiYjFkN2U3NTU2Njk1ODQ2NzqAAn1xAVUKdGVzdGNvb2tp\nZXECVQZ3b3JrZWRxA3Mu\n','2014-09-08 12:29:50'),('5dccaca103c874431e5f9bcad1981e33','YjZjYzk3NTIzNjc2MTllOGRkYjg2OWZiYjFkN2U3NTU2Njk1ODQ2NzqAAn1xAVUKdGVzdGNvb2tp\nZXECVQZ3b3JrZWRxA3Mu\n','2014-09-08 12:29:53'),('5f6cd93aafeef2e3f200a766e1653da7','YjZjYzk3NTIzNjc2MTllOGRkYjg2OWZiYjFkN2U3NTU2Njk1ODQ2NzqAAn1xAVUKdGVzdGNvb2tp\nZXECVQZ3b3JrZWRxA3Mu\n','2014-09-08 22:25:43'),('00af5875f308b879e48376d1f0e062d5','YjZjYzk3NTIzNjc2MTllOGRkYjg2OWZiYjFkN2U3NTU2Njk1ODQ2NzqAAn1xAVUKdGVzdGNvb2tp\nZXECVQZ3b3JrZWRxA3Mu\n','2014-09-11 07:38:05'),('efe2cb21a1aacf008f59ba062adbf844','YjZjYzk3NTIzNjc2MTllOGRkYjg2OWZiYjFkN2U3NTU2Njk1ODQ2NzqAAn1xAVUKdGVzdGNvb2tp\nZXECVQZ3b3JrZWRxA3Mu\n','2014-09-12 12:07:32'),('000ce1db128ac2878a4ddf7577647be2','YjZjYzk3NTIzNjc2MTllOGRkYjg2OWZiYjFkN2U3NTU2Njk1ODQ2NzqAAn1xAVUKdGVzdGNvb2tp\nZXECVQZ3b3JrZWRxA3Mu\n','2014-09-13 01:40:00'),('f5c5dc88197f73f12cd7cb131e1d8943','YjZjYzk3NTIzNjc2MTllOGRkYjg2OWZiYjFkN2U3NTU2Njk1ODQ2NzqAAn1xAVUKdGVzdGNvb2tp\nZXECVQZ3b3JrZWRxA3Mu\n','2014-09-13 07:15:06'),('55a965c00ccf7fc7a5a03c444ce9fefc','YjZjYzk3NTIzNjc2MTllOGRkYjg2OWZiYjFkN2U3NTU2Njk1ODQ2NzqAAn1xAVUKdGVzdGNvb2tp\nZXECVQZ3b3JrZWRxA3Mu\n','2014-09-14 04:06:41'),('08ef74559e8da8a7be12861e557b059b','YjZjYzk3NTIzNjc2MTllOGRkYjg2OWZiYjFkN2U3NTU2Njk1ODQ2NzqAAn1xAVUKdGVzdGNvb2tp\nZXECVQZ3b3JrZWRxA3Mu\n','2014-09-16 04:54:13'),('47ab906a8e7964d076fd105839414c41','YjZjYzk3NTIzNjc2MTllOGRkYjg2OWZiYjFkN2U3NTU2Njk1ODQ2NzqAAn1xAVUKdGVzdGNvb2tp\nZXECVQZ3b3JrZWRxA3Mu\n','2014-09-17 02:37:31'),('63eebedcba292ace036bfef5f6c6679c','YjZjYzk3NTIzNjc2MTllOGRkYjg2OWZiYjFkN2U3NTU2Njk1ODQ2NzqAAn1xAVUKdGVzdGNvb2tp\nZXECVQZ3b3JrZWRxA3Mu\n','2014-09-18 06:04:35'),('ad7f5fec95cacff1d9035b5a0af6e0ee','YjZjYzk3NTIzNjc2MTllOGRkYjg2OWZiYjFkN2U3NTU2Njk1ODQ2NzqAAn1xAVUKdGVzdGNvb2tp\nZXECVQZ3b3JrZWRxA3Mu\n','2014-09-21 17:04:41'),('6c28b18f1381d044fc44c09a34ef576d','YjZjYzk3NTIzNjc2MTllOGRkYjg2OWZiYjFkN2U3NTU2Njk1ODQ2NzqAAn1xAVUKdGVzdGNvb2tp\nZXECVQZ3b3JrZWRxA3Mu\n','2014-09-22 08:11:24'),('e3ad653cfa5d1d03d843bceab4687378','YjZjYzk3NTIzNjc2MTllOGRkYjg2OWZiYjFkN2U3NTU2Njk1ODQ2NzqAAn1xAVUKdGVzdGNvb2tp\nZXECVQZ3b3JrZWRxA3Mu\n','2014-09-23 07:29:59'),('8d80cf3cf160eeb14bbabebd13d4b5f9','YjZjYzk3NTIzNjc2MTllOGRkYjg2OWZiYjFkN2U3NTU2Njk1ODQ2NzqAAn1xAVUKdGVzdGNvb2tp\nZXECVQZ3b3JrZWRxA3Mu\n','2014-09-23 12:37:55'),('a3ac60acc339d215cac3e7bfd5b19554','YjZjYzk3NTIzNjc2MTllOGRkYjg2OWZiYjFkN2U3NTU2Njk1ODQ2NzqAAn1xAVUKdGVzdGNvb2tp\nZXECVQZ3b3JrZWRxA3Mu\n','2014-09-23 21:27:35'),('e1a9960864cfeed28a15c1b44311680a','YjZjYzk3NTIzNjc2MTllOGRkYjg2OWZiYjFkN2U3NTU2Njk1ODQ2NzqAAn1xAVUKdGVzdGNvb2tp\nZXECVQZ3b3JrZWRxA3Mu\n','2014-09-24 00:39:42'),('19c3610248b9360ae0e8601f336675a0','YjZjYzk3NTIzNjc2MTllOGRkYjg2OWZiYjFkN2U3NTU2Njk1ODQ2NzqAAn1xAVUKdGVzdGNvb2tp\nZXECVQZ3b3JrZWRxA3Mu\n','2014-09-24 07:03:31'),('3efca56b575935633718d5df5df53fde','YjZjYzk3NTIzNjc2MTllOGRkYjg2OWZiYjFkN2U3NTU2Njk1ODQ2NzqAAn1xAVUKdGVzdGNvb2tp\nZXECVQZ3b3JrZWRxA3Mu\n','2014-09-24 07:03:50'),('56d7d6c36172dd79bfed5104cdd92a6d','YjZjYzk3NTIzNjc2MTllOGRkYjg2OWZiYjFkN2U3NTU2Njk1ODQ2NzqAAn1xAVUKdGVzdGNvb2tp\nZXECVQZ3b3JrZWRxA3Mu\n','2014-09-24 08:12:28'),('6d6e126b724cd04b038aa55a806292ac','YjZjYzk3NTIzNjc2MTllOGRkYjg2OWZiYjFkN2U3NTU2Njk1ODQ2NzqAAn1xAVUKdGVzdGNvb2tp\nZXECVQZ3b3JrZWRxA3Mu\n','2014-09-24 21:28:27'),('c0ccc238fe5d3ad0374d6ae5276c1aa3','YjZjYzk3NTIzNjc2MTllOGRkYjg2OWZiYjFkN2U3NTU2Njk1ODQ2NzqAAn1xAVUKdGVzdGNvb2tp\nZXECVQZ3b3JrZWRxA3Mu\n','2014-09-25 07:29:32'),('ec85818ee9eac38539973166667eedfe','YjZjYzk3NTIzNjc2MTllOGRkYjg2OWZiYjFkN2U3NTU2Njk1ODQ2NzqAAn1xAVUKdGVzdGNvb2tp\nZXECVQZ3b3JrZWRxA3Mu\n','2014-09-26 06:39:31'),('3e004d3c1439104c02304092a69d326e','YjZjYzk3NTIzNjc2MTllOGRkYjg2OWZiYjFkN2U3NTU2Njk1ODQ2NzqAAn1xAVUKdGVzdGNvb2tp\nZXECVQZ3b3JrZWRxA3Mu\n','2014-09-26 08:04:09'),('1c4c8576e8d511f3429e3d5f371c6221','YjZjYzk3NTIzNjc2MTllOGRkYjg2OWZiYjFkN2U3NTU2Njk1ODQ2NzqAAn1xAVUKdGVzdGNvb2tp\nZXECVQZ3b3JrZWRxA3Mu\n','2014-09-26 14:41:16'),('5f63f67aa02cc428624bc4600a23e123','YjZjYzk3NTIzNjc2MTllOGRkYjg2OWZiYjFkN2U3NTU2Njk1ODQ2NzqAAn1xAVUKdGVzdGNvb2tp\nZXECVQZ3b3JrZWRxA3Mu\n','2014-09-26 14:59:19'),('a1433e84ace58b7976bacbb5c73d7911','YjZjYzk3NTIzNjc2MTllOGRkYjg2OWZiYjFkN2U3NTU2Njk1ODQ2NzqAAn1xAVUKdGVzdGNvb2tp\nZXECVQZ3b3JrZWRxA3Mu\n','2014-09-26 20:47:40'),('b17dc0f5dd0988c136cb8e819fa63613','YjZjYzk3NTIzNjc2MTllOGRkYjg2OWZiYjFkN2U3NTU2Njk1ODQ2NzqAAn1xAVUKdGVzdGNvb2tp\nZXECVQZ3b3JrZWRxA3Mu\n','2014-09-27 03:35:43'),('b40d8bfccd2a15e785114cc9dae95657','YjZjYzk3NTIzNjc2MTllOGRkYjg2OWZiYjFkN2U3NTU2Njk1ODQ2NzqAAn1xAVUKdGVzdGNvb2tp\nZXECVQZ3b3JrZWRxA3Mu\n','2014-09-27 11:21:46'),('e9e658626edaa5c4201a1244a440ceeb','YjZjYzk3NTIzNjc2MTllOGRkYjg2OWZiYjFkN2U3NTU2Njk1ODQ2NzqAAn1xAVUKdGVzdGNvb2tp\nZXECVQZ3b3JrZWRxA3Mu\n','2014-09-27 14:03:52'),('3490133985fd89a7cab976cdaeb39248','YjZjYzk3NTIzNjc2MTllOGRkYjg2OWZiYjFkN2U3NTU2Njk1ODQ2NzqAAn1xAVUKdGVzdGNvb2tp\nZXECVQZ3b3JrZWRxA3Mu\n','2014-09-27 20:56:55'),('224b2d47dfbb844159ef932020539f49','YjZjYzk3NTIzNjc2MTllOGRkYjg2OWZiYjFkN2U3NTU2Njk1ODQ2NzqAAn1xAVUKdGVzdGNvb2tp\nZXECVQZ3b3JrZWRxA3Mu\n','2014-09-28 12:50:00'),('bac9b1cbe26d2c7b82fb10c6075cbe21','YjZjYzk3NTIzNjc2MTllOGRkYjg2OWZiYjFkN2U3NTU2Njk1ODQ2NzqAAn1xAVUKdGVzdGNvb2tp\nZXECVQZ3b3JrZWRxA3Mu\n','2014-09-28 22:17:25'),('dbeb579de4ad72f88d9caeb4817efd01','YjZjYzk3NTIzNjc2MTllOGRkYjg2OWZiYjFkN2U3NTU2Njk1ODQ2NzqAAn1xAVUKdGVzdGNvb2tp\nZXECVQZ3b3JrZWRxA3Mu\n','2014-09-29 02:17:56'),('8397730456e3336e23fbbad8af2dc956','YjZjYzk3NTIzNjc2MTllOGRkYjg2OWZiYjFkN2U3NTU2Njk1ODQ2NzqAAn1xAVUKdGVzdGNvb2tp\nZXECVQZ3b3JrZWRxA3Mu\n','2014-09-29 03:33:24'),('ca7e7eadad2909567b8e23b505706afb','YjZjYzk3NTIzNjc2MTllOGRkYjg2OWZiYjFkN2U3NTU2Njk1ODQ2NzqAAn1xAVUKdGVzdGNvb2tp\nZXECVQZ3b3JrZWRxA3Mu\n','2014-09-30 12:05:30'),('ecd86ded43d3eba102a914ca8f40c9b0','YjZjYzk3NTIzNjc2MTllOGRkYjg2OWZiYjFkN2U3NTU2Njk1ODQ2NzqAAn1xAVUKdGVzdGNvb2tp\nZXECVQZ3b3JrZWRxA3Mu\n','2014-09-30 17:02:20'),('ff261333ccc0ea0f7276fa57c3a36349','YjZjYzk3NTIzNjc2MTllOGRkYjg2OWZiYjFkN2U3NTU2Njk1ODQ2NzqAAn1xAVUKdGVzdGNvb2tp\nZXECVQZ3b3JrZWRxA3Mu\n','2014-10-01 02:30:34'),('b01f50110def7315cf7e0cf7998d16f1','YjZjYzk3NTIzNjc2MTllOGRkYjg2OWZiYjFkN2U3NTU2Njk1ODQ2NzqAAn1xAVUKdGVzdGNvb2tp\nZXECVQZ3b3JrZWRxA3Mu\n','2014-10-01 08:59:37'),('bc8651717e240ec2ac527ffbdfd666a3','YjZjYzk3NTIzNjc2MTllOGRkYjg2OWZiYjFkN2U3NTU2Njk1ODQ2NzqAAn1xAVUKdGVzdGNvb2tp\nZXECVQZ3b3JrZWRxA3Mu\n','2014-10-01 10:36:13'),('f2fad35d1fbf22aaaef84194bc8a0c57','YjZjYzk3NTIzNjc2MTllOGRkYjg2OWZiYjFkN2U3NTU2Njk1ODQ2NzqAAn1xAVUKdGVzdGNvb2tp\nZXECVQZ3b3JrZWRxA3Mu\n','2014-10-01 14:18:40'),('f8cb91dfe254a6b8a895c0bbeaeb0122','YjZjYzk3NTIzNjc2MTllOGRkYjg2OWZiYjFkN2U3NTU2Njk1ODQ2NzqAAn1xAVUKdGVzdGNvb2tp\nZXECVQZ3b3JrZWRxA3Mu\n','2014-10-01 19:18:58'),('be95f375b2c66cf92f13bab70ee64a5c','YjZjYzk3NTIzNjc2MTllOGRkYjg2OWZiYjFkN2U3NTU2Njk1ODQ2NzqAAn1xAVUKdGVzdGNvb2tp\nZXECVQZ3b3JrZWRxA3Mu\n','2014-10-01 21:04:01'),('d0a341538c5b8ca1403e6fc18fb92bea','YjZjYzk3NTIzNjc2MTllOGRkYjg2OWZiYjFkN2U3NTU2Njk1ODQ2NzqAAn1xAVUKdGVzdGNvb2tp\nZXECVQZ3b3JrZWRxA3Mu\n','2014-10-01 23:35:22'),('e7f1c8425e030175a31888cb0cbd52fd','YjZjYzk3NTIzNjc2MTllOGRkYjg2OWZiYjFkN2U3NTU2Njk1ODQ2NzqAAn1xAVUKdGVzdGNvb2tp\nZXECVQZ3b3JrZWRxA3Mu\n','2014-10-02 08:59:29'),('c20c6a63a2bf3fe177ee69172e82f586','YjZjYzk3NTIzNjc2MTllOGRkYjg2OWZiYjFkN2U3NTU2Njk1ODQ2NzqAAn1xAVUKdGVzdGNvb2tp\nZXECVQZ3b3JrZWRxA3Mu\n','2014-10-02 17:15:32'),('43d70ba45c166bc3f1d4c17c3f15897b','YjZjYzk3NTIzNjc2MTllOGRkYjg2OWZiYjFkN2U3NTU2Njk1ODQ2NzqAAn1xAVUKdGVzdGNvb2tp\nZXECVQZ3b3JrZWRxA3Mu\n','2014-10-02 22:21:00'),('f06a2d48f43d952e4e1f759235f97268','YjZjYzk3NTIzNjc2MTllOGRkYjg2OWZiYjFkN2U3NTU2Njk1ODQ2NzqAAn1xAVUKdGVzdGNvb2tp\nZXECVQZ3b3JrZWRxA3Mu\n','2014-10-03 12:21:59'),('af9899fde3ea267b28c890f56895e84f','YjZjYzk3NTIzNjc2MTllOGRkYjg2OWZiYjFkN2U3NTU2Njk1ODQ2NzqAAn1xAVUKdGVzdGNvb2tp\nZXECVQZ3b3JrZWRxA3Mu\n','2014-10-03 15:05:30'),('ac27d16a3e6da1c7f00fd84fc1ea9268','YjZjYzk3NTIzNjc2MTllOGRkYjg2OWZiYjFkN2U3NTU2Njk1ODQ2NzqAAn1xAVUKdGVzdGNvb2tp\nZXECVQZ3b3JrZWRxA3Mu\n','2014-10-03 17:23:07'),('9d4863d70d0eb77cef8d073af645fc3c','YjZjYzk3NTIzNjc2MTllOGRkYjg2OWZiYjFkN2U3NTU2Njk1ODQ2NzqAAn1xAVUKdGVzdGNvb2tp\nZXECVQZ3b3JrZWRxA3Mu\n','2014-10-04 05:13:27'),('cb4f419c601753da3e7bb2e12ae0620b','YjZjYzk3NTIzNjc2MTllOGRkYjg2OWZiYjFkN2U3NTU2Njk1ODQ2NzqAAn1xAVUKdGVzdGNvb2tp\nZXECVQZ3b3JrZWRxA3Mu\n','2014-10-04 15:51:33'),('6ff0b5b6074789e559ce1ed45932894a','YjZjYzk3NTIzNjc2MTllOGRkYjg2OWZiYjFkN2U3NTU2Njk1ODQ2NzqAAn1xAVUKdGVzdGNvb2tp\nZXECVQZ3b3JrZWRxA3Mu\n','2014-10-04 21:56:33'),('f5f6f40d5dd65056e90d15f4d2948c74','YjZjYzk3NTIzNjc2MTllOGRkYjg2OWZiYjFkN2U3NTU2Njk1ODQ2NzqAAn1xAVUKdGVzdGNvb2tp\nZXECVQZ3b3JrZWRxA3Mu\n','2014-10-05 02:52:07'),('4ce7f83e116ea82c7ae0e31d39a4004e','YjZjYzk3NTIzNjc2MTllOGRkYjg2OWZiYjFkN2U3NTU2Njk1ODQ2NzqAAn1xAVUKdGVzdGNvb2tp\nZXECVQZ3b3JrZWRxA3Mu\n','2014-10-05 19:00:15'),('6ec2d6c9e77a8628b7e748615f092f10','YjZjYzk3NTIzNjc2MTllOGRkYjg2OWZiYjFkN2U3NTU2Njk1ODQ2NzqAAn1xAVUKdGVzdGNvb2tp\nZXECVQZ3b3JrZWRxA3Mu\n','2014-10-06 09:18:23'),('5a3dfe1b40822dd87b4ba2c6be6c4e7d','YjZjYzk3NTIzNjc2MTllOGRkYjg2OWZiYjFkN2U3NTU2Njk1ODQ2NzqAAn1xAVUKdGVzdGNvb2tp\nZXECVQZ3b3JrZWRxA3Mu\n','2014-10-06 12:10:13'),('0a3bf63bfbc12235b36c8b543d3b4ffd','YjZjYzk3NTIzNjc2MTllOGRkYjg2OWZiYjFkN2U3NTU2Njk1ODQ2NzqAAn1xAVUKdGVzdGNvb2tp\nZXECVQZ3b3JrZWRxA3Mu\n','2014-10-06 20:32:07'),('8656e07371c4f6edf0e576ebd1623eb9','YjZjYzk3NTIzNjc2MTllOGRkYjg2OWZiYjFkN2U3NTU2Njk1ODQ2NzqAAn1xAVUKdGVzdGNvb2tp\nZXECVQZ3b3JrZWRxA3Mu\n','2014-10-06 23:12:22'),('6008161c570e5d8224900fe8b2b7f82c','YjZjYzk3NTIzNjc2MTllOGRkYjg2OWZiYjFkN2U3NTU2Njk1ODQ2NzqAAn1xAVUKdGVzdGNvb2tp\nZXECVQZ3b3JrZWRxA3Mu\n','2014-10-07 10:41:09'),('607679424f7c6f09912a3e2d9a7cb823','YjZjYzk3NTIzNjc2MTllOGRkYjg2OWZiYjFkN2U3NTU2Njk1ODQ2NzqAAn1xAVUKdGVzdGNvb2tp\nZXECVQZ3b3JrZWRxA3Mu\n','2014-10-07 13:22:20'),('70d0f95f4f5f840d0e9640277956265f','YjZjYzk3NTIzNjc2MTllOGRkYjg2OWZiYjFkN2U3NTU2Njk1ODQ2NzqAAn1xAVUKdGVzdGNvb2tp\nZXECVQZ3b3JrZWRxA3Mu\n','2014-10-07 19:10:56'),('15e75f2865320ce3305d5933c1d5b990','YjZjYzk3NTIzNjc2MTllOGRkYjg2OWZiYjFkN2U3NTU2Njk1ODQ2NzqAAn1xAVUKdGVzdGNvb2tp\nZXECVQZ3b3JrZWRxA3Mu\n','2014-10-07 21:43:50'),('3eed7cf09aa6dcc3d28020cdeaae5964','YjZjYzk3NTIzNjc2MTllOGRkYjg2OWZiYjFkN2U3NTU2Njk1ODQ2NzqAAn1xAVUKdGVzdGNvb2tp\nZXECVQZ3b3JrZWRxA3Mu\n','2014-10-08 05:31:08'),('504107078ef1cea4b488e8f8560e80c7','YjZjYzk3NTIzNjc2MTllOGRkYjg2OWZiYjFkN2U3NTU2Njk1ODQ2NzqAAn1xAVUKdGVzdGNvb2tp\nZXECVQZ3b3JrZWRxA3Mu\n','2014-10-08 06:14:18'),('02266a57262520cf1c46c0ab4677abd1','YjZjYzk3NTIzNjc2MTllOGRkYjg2OWZiYjFkN2U3NTU2Njk1ODQ2NzqAAn1xAVUKdGVzdGNvb2tp\nZXECVQZ3b3JrZWRxA3Mu\n','2014-10-08 11:23:08'),('eb506e14c4a42402e6903d8f8f280048','YjZjYzk3NTIzNjc2MTllOGRkYjg2OWZiYjFkN2U3NTU2Njk1ODQ2NzqAAn1xAVUKdGVzdGNvb2tp\nZXECVQZ3b3JrZWRxA3Mu\n','2014-10-08 21:18:48'),('7250e7b867990067a1298616b366ff7c','YjZjYzk3NTIzNjc2MTllOGRkYjg2OWZiYjFkN2U3NTU2Njk1ODQ2NzqAAn1xAVUKdGVzdGNvb2tp\nZXECVQZ3b3JrZWRxA3Mu\n','2014-10-08 22:39:03'),('0dbc69ab196992726cbc36f5ccb235d5','YjZjYzk3NTIzNjc2MTllOGRkYjg2OWZiYjFkN2U3NTU2Njk1ODQ2NzqAAn1xAVUKdGVzdGNvb2tp\nZXECVQZ3b3JrZWRxA3Mu\n','2014-10-09 02:12:23'),('89a933e1b5fc54d9e47ba3e0df0fe756','YjZjYzk3NTIzNjc2MTllOGRkYjg2OWZiYjFkN2U3NTU2Njk1ODQ2NzqAAn1xAVUKdGVzdGNvb2tp\nZXECVQZ3b3JrZWRxA3Mu\n','2014-10-09 20:11:18'),('27f4b5e0e54325214b996df6efd388cf','YjZjYzk3NTIzNjc2MTllOGRkYjg2OWZiYjFkN2U3NTU2Njk1ODQ2NzqAAn1xAVUKdGVzdGNvb2tp\nZXECVQZ3b3JrZWRxA3Mu\n','2014-10-09 21:35:38'),('b5f8d0df0b896f0b54096124e9c6ac86','YjZjYzk3NTIzNjc2MTllOGRkYjg2OWZiYjFkN2U3NTU2Njk1ODQ2NzqAAn1xAVUKdGVzdGNvb2tp\nZXECVQZ3b3JrZWRxA3Mu\n','2014-10-10 05:49:18'),('be85a6c50d2ab2d44a0fe89cb4d784cc','YjZjYzk3NTIzNjc2MTllOGRkYjg2OWZiYjFkN2U3NTU2Njk1ODQ2NzqAAn1xAVUKdGVzdGNvb2tp\nZXECVQZ3b3JrZWRxA3Mu\n','2014-10-10 06:39:40'),('b067add4769aa2621516aa33e401a03b','YjZjYzk3NTIzNjc2MTllOGRkYjg2OWZiYjFkN2U3NTU2Njk1ODQ2NzqAAn1xAVUKdGVzdGNvb2tp\nZXECVQZ3b3JrZWRxA3Mu\n','2014-10-10 08:57:55'),('49a250162438ef301e3e60e01ae47e14','YjZjYzk3NTIzNjc2MTllOGRkYjg2OWZiYjFkN2U3NTU2Njk1ODQ2NzqAAn1xAVUKdGVzdGNvb2tp\nZXECVQZ3b3JrZWRxA3Mu\n','2014-10-10 13:27:50'),('3e75bf90ffb55528d5cf20cd7e808d35','YjZjYzk3NTIzNjc2MTllOGRkYjg2OWZiYjFkN2U3NTU2Njk1ODQ2NzqAAn1xAVUKdGVzdGNvb2tp\nZXECVQZ3b3JrZWRxA3Mu\n','2014-10-10 15:00:58'),('a5bcb7530bf7671fa90c737c6f8574ea','YjZjYzk3NTIzNjc2MTllOGRkYjg2OWZiYjFkN2U3NTU2Njk1ODQ2NzqAAn1xAVUKdGVzdGNvb2tp\nZXECVQZ3b3JrZWRxA3Mu\n','2014-10-11 01:09:29'),('e84585b0748dae4259857c751a9abb68','YjZjYzk3NTIzNjc2MTllOGRkYjg2OWZiYjFkN2U3NTU2Njk1ODQ2NzqAAn1xAVUKdGVzdGNvb2tp\nZXECVQZ3b3JrZWRxA3Mu\n','2014-10-11 05:07:31'),('e21d793eb2e4a3db20010da49345b7d2','YjZjYzk3NTIzNjc2MTllOGRkYjg2OWZiYjFkN2U3NTU2Njk1ODQ2NzqAAn1xAVUKdGVzdGNvb2tp\nZXECVQZ3b3JrZWRxA3Mu\n','2014-10-11 16:47:15'),('e50cbd2502fffc830a31e6830d73d70e','YjZjYzk3NTIzNjc2MTllOGRkYjg2OWZiYjFkN2U3NTU2Njk1ODQ2NzqAAn1xAVUKdGVzdGNvb2tp\nZXECVQZ3b3JrZWRxA3Mu\n','2014-10-11 20:17:51'),('9243db581cccd1fabea6ab219bc8d245','YjZjYzk3NTIzNjc2MTllOGRkYjg2OWZiYjFkN2U3NTU2Njk1ODQ2NzqAAn1xAVUKdGVzdGNvb2tp\nZXECVQZ3b3JrZWRxA3Mu\n','2014-10-13 13:56:03'),('48dcf05fee3bd949cc0466759bd9fa58','YjZjYzk3NTIzNjc2MTllOGRkYjg2OWZiYjFkN2U3NTU2Njk1ODQ2NzqAAn1xAVUKdGVzdGNvb2tp\nZXECVQZ3b3JrZWRxA3Mu\n','2014-10-13 14:31:07'),('58c92f90ca95c598b6e94b50a2fe68b2','YjZjYzk3NTIzNjc2MTllOGRkYjg2OWZiYjFkN2U3NTU2Njk1ODQ2NzqAAn1xAVUKdGVzdGNvb2tp\nZXECVQZ3b3JrZWRxA3Mu\n','2014-10-13 14:42:37'),('786b9b497c073594b71ab6c6431c008d','YjZjYzk3NTIzNjc2MTllOGRkYjg2OWZiYjFkN2U3NTU2Njk1ODQ2NzqAAn1xAVUKdGVzdGNvb2tp\nZXECVQZ3b3JrZWRxA3Mu\n','2014-10-13 19:56:07'),('ebd7641284fe4fbb5ef7bc2a4c4c1d32','YjZjYzk3NTIzNjc2MTllOGRkYjg2OWZiYjFkN2U3NTU2Njk1ODQ2NzqAAn1xAVUKdGVzdGNvb2tp\nZXECVQZ3b3JrZWRxA3Mu\n','2014-10-13 21:07:18'),('95b15b20a764713e56a5e3dc28decf13','YjZjYzk3NTIzNjc2MTllOGRkYjg2OWZiYjFkN2U3NTU2Njk1ODQ2NzqAAn1xAVUKdGVzdGNvb2tp\nZXECVQZ3b3JrZWRxA3Mu\n','2014-10-14 07:37:35'),('a74233f3591db1567f169ffc7746a72c','YjZjYzk3NTIzNjc2MTllOGRkYjg2OWZiYjFkN2U3NTU2Njk1ODQ2NzqAAn1xAVUKdGVzdGNvb2tp\nZXECVQZ3b3JrZWRxA3Mu\n','2014-10-14 13:07:37'),('22298f5de5768243666b66dc35c82d3f','YjZjYzk3NTIzNjc2MTllOGRkYjg2OWZiYjFkN2U3NTU2Njk1ODQ2NzqAAn1xAVUKdGVzdGNvb2tp\nZXECVQZ3b3JrZWRxA3Mu\n','2014-10-14 13:20:06'),('c72a89d513ceabc4c7c3904d02cb44e8','YjZjYzk3NTIzNjc2MTllOGRkYjg2OWZiYjFkN2U3NTU2Njk1ODQ2NzqAAn1xAVUKdGVzdGNvb2tp\nZXECVQZ3b3JrZWRxA3Mu\n','2014-10-14 13:40:58'),('b76eb807c8da2c6a8eb3f1f0f7d96b6b','YjZjYzk3NTIzNjc2MTllOGRkYjg2OWZiYjFkN2U3NTU2Njk1ODQ2NzqAAn1xAVUKdGVzdGNvb2tp\nZXECVQZ3b3JrZWRxA3Mu\n','2014-10-14 14:36:12'),('5a2f7c632b5065dc64e2360e2b15093d','YjZjYzk3NTIzNjc2MTllOGRkYjg2OWZiYjFkN2U3NTU2Njk1ODQ2NzqAAn1xAVUKdGVzdGNvb2tp\nZXECVQZ3b3JrZWRxA3Mu\n','2014-10-14 22:17:49'),('7dd7c54a2eed8e615037890a261c2431','YjZjYzk3NTIzNjc2MTllOGRkYjg2OWZiYjFkN2U3NTU2Njk1ODQ2NzqAAn1xAVUKdGVzdGNvb2tp\nZXECVQZ3b3JrZWRxA3Mu\n','2014-10-15 04:00:00'),('dadf1ff76db9c04d9bae0b1f09a1a604','YjZjYzk3NTIzNjc2MTllOGRkYjg2OWZiYjFkN2U3NTU2Njk1ODQ2NzqAAn1xAVUKdGVzdGNvb2tp\nZXECVQZ3b3JrZWRxA3Mu\n','2014-10-15 22:55:24'),('f0569a864feb66a7f4b6d15bbff4b3ef','YjZjYzk3NTIzNjc2MTllOGRkYjg2OWZiYjFkN2U3NTU2Njk1ODQ2NzqAAn1xAVUKdGVzdGNvb2tp\nZXECVQZ3b3JrZWRxA3Mu\n','2014-10-16 07:23:08'),('3a680c28cb906665821c0f04d42d5f66','YjZjYzk3NTIzNjc2MTllOGRkYjg2OWZiYjFkN2U3NTU2Njk1ODQ2NzqAAn1xAVUKdGVzdGNvb2tp\nZXECVQZ3b3JrZWRxA3Mu\n','2014-10-16 10:28:08'),('189ef136c6487a7837e22fec7427a0ea','YjZjYzk3NTIzNjc2MTllOGRkYjg2OWZiYjFkN2U3NTU2Njk1ODQ2NzqAAn1xAVUKdGVzdGNvb2tp\nZXECVQZ3b3JrZWRxA3Mu\n','2014-10-16 19:13:08'),('4c35d35e0b0142dab6a83378f0681864','YjZjYzk3NTIzNjc2MTllOGRkYjg2OWZiYjFkN2U3NTU2Njk1ODQ2NzqAAn1xAVUKdGVzdGNvb2tp\nZXECVQZ3b3JrZWRxA3Mu\n','2014-10-16 21:19:41'),('092546b5ce8d0d0742ae76f9c72a8349','YjZjYzk3NTIzNjc2MTllOGRkYjg2OWZiYjFkN2U3NTU2Njk1ODQ2NzqAAn1xAVUKdGVzdGNvb2tp\nZXECVQZ3b3JrZWRxA3Mu\n','2014-10-17 00:56:26'),('3513cc491b00abbc68d6de134b5a3a07','YjZjYzk3NTIzNjc2MTllOGRkYjg2OWZiYjFkN2U3NTU2Njk1ODQ2NzqAAn1xAVUKdGVzdGNvb2tp\nZXECVQZ3b3JrZWRxA3Mu\n','2014-10-17 09:16:29'),('3c62b69aaa944e9077af302f0e0fea6c','YjZjYzk3NTIzNjc2MTllOGRkYjg2OWZiYjFkN2U3NTU2Njk1ODQ2NzqAAn1xAVUKdGVzdGNvb2tp\nZXECVQZ3b3JrZWRxA3Mu\n','2014-10-18 05:15:35'),('b40c1d14067f68129c98cdef140f5150','YjZjYzk3NTIzNjc2MTllOGRkYjg2OWZiYjFkN2U3NTU2Njk1ODQ2NzqAAn1xAVUKdGVzdGNvb2tp\nZXECVQZ3b3JrZWRxA3Mu\n','2014-10-18 12:35:45'),('03c41fb3d82ea1d238194dd76db71958','YjZjYzk3NTIzNjc2MTllOGRkYjg2OWZiYjFkN2U3NTU2Njk1ODQ2NzqAAn1xAVUKdGVzdGNvb2tp\nZXECVQZ3b3JrZWRxA3Mu\n','2014-10-18 13:22:28'),('9eb3f599fabd5d4d1bd7e2200ac9d0e7','YjZjYzk3NTIzNjc2MTllOGRkYjg2OWZiYjFkN2U3NTU2Njk1ODQ2NzqAAn1xAVUKdGVzdGNvb2tp\nZXECVQZ3b3JrZWRxA3Mu\n','2014-10-19 05:49:48'),('c2782e2beb9e1bf1254b351e9ce2f01b','YjZjYzk3NTIzNjc2MTllOGRkYjg2OWZiYjFkN2U3NTU2Njk1ODQ2NzqAAn1xAVUKdGVzdGNvb2tp\nZXECVQZ3b3JrZWRxA3Mu\n','2014-10-19 08:04:24'),('d6f4b9fc7969bc2225c22c011cfc8e50','YjZjYzk3NTIzNjc2MTllOGRkYjg2OWZiYjFkN2U3NTU2Njk1ODQ2NzqAAn1xAVUKdGVzdGNvb2tp\nZXECVQZ3b3JrZWRxA3Mu\n','2014-10-19 21:43:40'),('660cebf32c51bb390957a5b516534de6','YjZjYzk3NTIzNjc2MTllOGRkYjg2OWZiYjFkN2U3NTU2Njk1ODQ2NzqAAn1xAVUKdGVzdGNvb2tp\nZXECVQZ3b3JrZWRxA3Mu\n','2014-10-20 01:48:13'),('d8c33e6a815dda3dbb942566c1e8181d','YjZjYzk3NTIzNjc2MTllOGRkYjg2OWZiYjFkN2U3NTU2Njk1ODQ2NzqAAn1xAVUKdGVzdGNvb2tp\nZXECVQZ3b3JrZWRxA3Mu\n','2014-10-21 02:05:29'),('781b4ce2219038b374f51ef79d2483eb','YjZjYzk3NTIzNjc2MTllOGRkYjg2OWZiYjFkN2U3NTU2Njk1ODQ2NzqAAn1xAVUKdGVzdGNvb2tp\nZXECVQZ3b3JrZWRxA3Mu\n','2014-10-22 12:54:43'),('b0f23a5a5d23f62cacd1bea146cc3ee7','YjZjYzk3NTIzNjc2MTllOGRkYjg2OWZiYjFkN2U3NTU2Njk1ODQ2NzqAAn1xAVUKdGVzdGNvb2tp\nZXECVQZ3b3JrZWRxA3Mu\n','2014-10-22 17:33:11'),('e9251947c754cb8eb7180b1d08155ee5','YjZjYzk3NTIzNjc2MTllOGRkYjg2OWZiYjFkN2U3NTU2Njk1ODQ2NzqAAn1xAVUKdGVzdGNvb2tp\nZXECVQZ3b3JrZWRxA3Mu\n','2014-10-22 19:32:52'),('055cf1ca861f9acd5739daa9470ab4a0','YjZjYzk3NTIzNjc2MTllOGRkYjg2OWZiYjFkN2U3NTU2Njk1ODQ2NzqAAn1xAVUKdGVzdGNvb2tp\nZXECVQZ3b3JrZWRxA3Mu\n','2014-10-23 10:43:03'),('b12298e1c3fc91b39e202658d1b79da6','YjZjYzk3NTIzNjc2MTllOGRkYjg2OWZiYjFkN2U3NTU2Njk1ODQ2NzqAAn1xAVUKdGVzdGNvb2tp\nZXECVQZ3b3JrZWRxA3Mu\n','2014-10-23 13:07:21'),('3f0fa359bc951708e382990fca61fad0','YjZjYzk3NTIzNjc2MTllOGRkYjg2OWZiYjFkN2U3NTU2Njk1ODQ2NzqAAn1xAVUKdGVzdGNvb2tp\nZXECVQZ3b3JrZWRxA3Mu\n','2014-10-23 15:33:24'),('103a5efeda111eee6cb0e45f6eab378d','YjZjYzk3NTIzNjc2MTllOGRkYjg2OWZiYjFkN2U3NTU2Njk1ODQ2NzqAAn1xAVUKdGVzdGNvb2tp\nZXECVQZ3b3JrZWRxA3Mu\n','2014-10-24 01:27:35'),('f532acd422ce5b284cedcf4da4dcd90c','YjZjYzk3NTIzNjc2MTllOGRkYjg2OWZiYjFkN2U3NTU2Njk1ODQ2NzqAAn1xAVUKdGVzdGNvb2tp\nZXECVQZ3b3JrZWRxA3Mu\n','2014-10-24 08:07:41'),('53c480de542c03b5b8c99225b4c44238','YjZjYzk3NTIzNjc2MTllOGRkYjg2OWZiYjFkN2U3NTU2Njk1ODQ2NzqAAn1xAVUKdGVzdGNvb2tp\nZXECVQZ3b3JrZWRxA3Mu\n','2014-10-25 00:47:48'),('fb5b0afd06aeaf8e94f9571fbcecdfc6','YjZjYzk3NTIzNjc2MTllOGRkYjg2OWZiYjFkN2U3NTU2Njk1ODQ2NzqAAn1xAVUKdGVzdGNvb2tp\nZXECVQZ3b3JrZWRxA3Mu\n','2014-10-25 01:46:23'),('ec096e8125111161facb9e0b072ef80b','YjZjYzk3NTIzNjc2MTllOGRkYjg2OWZiYjFkN2U3NTU2Njk1ODQ2NzqAAn1xAVUKdGVzdGNvb2tp\nZXECVQZ3b3JrZWRxA3Mu\n','2014-10-25 06:30:17'),('71ec7156f1c82591c19fa241583062e3','YjZjYzk3NTIzNjc2MTllOGRkYjg2OWZiYjFkN2U3NTU2Njk1ODQ2NzqAAn1xAVUKdGVzdGNvb2tp\nZXECVQZ3b3JrZWRxA3Mu\n','2014-10-25 13:52:50'),('9f47d0fd374423ceb0531cb46d6bd28d','YjZjYzk3NTIzNjc2MTllOGRkYjg2OWZiYjFkN2U3NTU2Njk1ODQ2NzqAAn1xAVUKdGVzdGNvb2tp\nZXECVQZ3b3JrZWRxA3Mu\n','2014-10-25 23:55:05'),('830c8237729b40269abd75c249deefe1','YjZjYzk3NTIzNjc2MTllOGRkYjg2OWZiYjFkN2U3NTU2Njk1ODQ2NzqAAn1xAVUKdGVzdGNvb2tp\nZXECVQZ3b3JrZWRxA3Mu\n','2014-10-26 07:27:43'),('07424f10bd19d25e7ddd7d5884a45092','YjZjYzk3NTIzNjc2MTllOGRkYjg2OWZiYjFkN2U3NTU2Njk1ODQ2NzqAAn1xAVUKdGVzdGNvb2tp\nZXECVQZ3b3JrZWRxA3Mu\n','2014-10-26 16:31:36'),('7324a291691a5500a39adae3913953e2','YjZjYzk3NTIzNjc2MTllOGRkYjg2OWZiYjFkN2U3NTU2Njk1ODQ2NzqAAn1xAVUKdGVzdGNvb2tp\nZXECVQZ3b3JrZWRxA3Mu\n','2014-10-27 07:22:32'),('9f7a96bd8da569804bd1f4333462d003','YjZjYzk3NTIzNjc2MTllOGRkYjg2OWZiYjFkN2U3NTU2Njk1ODQ2NzqAAn1xAVUKdGVzdGNvb2tp\nZXECVQZ3b3JrZWRxA3Mu\n','2014-10-27 09:00:42'),('d921788aa7e34d4a4334d12e794f86fa','YjZjYzk3NTIzNjc2MTllOGRkYjg2OWZiYjFkN2U3NTU2Njk1ODQ2NzqAAn1xAVUKdGVzdGNvb2tp\nZXECVQZ3b3JrZWRxA3Mu\n','2014-10-27 16:57:57'),('b39b6c624cd67633862b6fd0c6aeaffd','YjZjYzk3NTIzNjc2MTllOGRkYjg2OWZiYjFkN2U3NTU2Njk1ODQ2NzqAAn1xAVUKdGVzdGNvb2tp\nZXECVQZ3b3JrZWRxA3Mu\n','2014-10-27 22:49:01'),('aad3e1452c0f50583e87fe5fba205811','YjZjYzk3NTIzNjc2MTllOGRkYjg2OWZiYjFkN2U3NTU2Njk1ODQ2NzqAAn1xAVUKdGVzdGNvb2tp\nZXECVQZ3b3JrZWRxA3Mu\n','2014-10-28 03:47:09'),('400b917d7cadca86f8e5c49be998dfde','YjZjYzk3NTIzNjc2MTllOGRkYjg2OWZiYjFkN2U3NTU2Njk1ODQ2NzqAAn1xAVUKdGVzdGNvb2tp\nZXECVQZ3b3JrZWRxA3Mu\n','2014-10-28 10:00:15'),('5c8c173003092638a0e211ce0cc23d1f','YjZjYzk3NTIzNjc2MTllOGRkYjg2OWZiYjFkN2U3NTU2Njk1ODQ2NzqAAn1xAVUKdGVzdGNvb2tp\nZXECVQZ3b3JrZWRxA3Mu\n','2014-10-28 12:28:29'),('3ef8ced84a78c63e842f0efcd7fa7058','YjZjYzk3NTIzNjc2MTllOGRkYjg2OWZiYjFkN2U3NTU2Njk1ODQ2NzqAAn1xAVUKdGVzdGNvb2tp\nZXECVQZ3b3JrZWRxA3Mu\n','2014-10-28 21:57:19'),('b5e10649e5fd8411a3202687b81b7267','YjZjYzk3NTIzNjc2MTllOGRkYjg2OWZiYjFkN2U3NTU2Njk1ODQ2NzqAAn1xAVUKdGVzdGNvb2tp\nZXECVQZ3b3JrZWRxA3Mu\n','2014-10-28 22:36:52'),('d6f1dda812a5502f1e2af7a2f1e1d52d','YjZjYzk3NTIzNjc2MTllOGRkYjg2OWZiYjFkN2U3NTU2Njk1ODQ2NzqAAn1xAVUKdGVzdGNvb2tp\nZXECVQZ3b3JrZWRxA3Mu\n','2014-10-28 22:50:30'),('efe752f6e8d0ae1d2d38cdcb6e658c61','YjZjYzk3NTIzNjc2MTllOGRkYjg2OWZiYjFkN2U3NTU2Njk1ODQ2NzqAAn1xAVUKdGVzdGNvb2tp\nZXECVQZ3b3JrZWRxA3Mu\n','2014-10-29 00:35:19'),('4a1bf52eab9aff4cc51262d388042e3b','YjZjYzk3NTIzNjc2MTllOGRkYjg2OWZiYjFkN2U3NTU2Njk1ODQ2NzqAAn1xAVUKdGVzdGNvb2tp\nZXECVQZ3b3JrZWRxA3Mu\n','2014-10-31 06:58:39'),('98ba117786c80120cb5df7c7d80d906b','YjZjYzk3NTIzNjc2MTllOGRkYjg2OWZiYjFkN2U3NTU2Njk1ODQ2NzqAAn1xAVUKdGVzdGNvb2tp\nZXECVQZ3b3JrZWRxA3Mu\n','2014-10-31 09:15:24'),('b828e16e61432a4a59df87f1c5025101','YjZjYzk3NTIzNjc2MTllOGRkYjg2OWZiYjFkN2U3NTU2Njk1ODQ2NzqAAn1xAVUKdGVzdGNvb2tp\nZXECVQZ3b3JrZWRxA3Mu\n','2014-10-31 09:31:18'),('68e9dbc42a2bbe65230b749172181863','YjZjYzk3NTIzNjc2MTllOGRkYjg2OWZiYjFkN2U3NTU2Njk1ODQ2NzqAAn1xAVUKdGVzdGNvb2tp\nZXECVQZ3b3JrZWRxA3Mu\n','2014-10-31 10:24:02'),('d6814e9c4695db50a7f42e34d0f8f81c','YjZjYzk3NTIzNjc2MTllOGRkYjg2OWZiYjFkN2U3NTU2Njk1ODQ2NzqAAn1xAVUKdGVzdGNvb2tp\nZXECVQZ3b3JrZWRxA3Mu\n','2014-10-31 11:07:14'),('1fa8f74e806a4ee9f996ec2db3a55d83','YjZjYzk3NTIzNjc2MTllOGRkYjg2OWZiYjFkN2U3NTU2Njk1ODQ2NzqAAn1xAVUKdGVzdGNvb2tp\nZXECVQZ3b3JrZWRxA3Mu\n','2014-11-01 14:38:02'),('1d2768a900e6ca406bacf24e49061265','YjZjYzk3NTIzNjc2MTllOGRkYjg2OWZiYjFkN2U3NTU2Njk1ODQ2NzqAAn1xAVUKdGVzdGNvb2tp\nZXECVQZ3b3JrZWRxA3Mu\n','2014-11-01 23:23:56'),('81ea25873a5a6aa2f6e29256c45e55d0','YjZjYzk3NTIzNjc2MTllOGRkYjg2OWZiYjFkN2U3NTU2Njk1ODQ2NzqAAn1xAVUKdGVzdGNvb2tp\nZXECVQZ3b3JrZWRxA3Mu\n','2014-11-02 08:56:47'),('eeb9add8756f86df55c9383627b093d9','YjZjYzk3NTIzNjc2MTllOGRkYjg2OWZiYjFkN2U3NTU2Njk1ODQ2NzqAAn1xAVUKdGVzdGNvb2tp\nZXECVQZ3b3JrZWRxA3Mu\n','2014-11-02 21:02:29'),('0bd3f883136579bd8cf6cfc40dc8ddbd','YjZjYzk3NTIzNjc2MTllOGRkYjg2OWZiYjFkN2U3NTU2Njk1ODQ2NzqAAn1xAVUKdGVzdGNvb2tp\nZXECVQZ3b3JrZWRxA3Mu\n','2014-11-02 23:47:53'),('5a4538354f2a276bee8b1e01ede0ab47','YjZjYzk3NTIzNjc2MTllOGRkYjg2OWZiYjFkN2U3NTU2Njk1ODQ2NzqAAn1xAVUKdGVzdGNvb2tp\nZXECVQZ3b3JrZWRxA3Mu\n','2014-11-04 04:30:06'),('9555579857dd999f8da008d631cb42b6','YjZjYzk3NTIzNjc2MTllOGRkYjg2OWZiYjFkN2U3NTU2Njk1ODQ2NzqAAn1xAVUKdGVzdGNvb2tp\nZXECVQZ3b3JrZWRxA3Mu\n','2014-11-04 16:39:51'),('2ef60c2dc10884921cc5bec59d2ae35f','YjZjYzk3NTIzNjc2MTllOGRkYjg2OWZiYjFkN2U3NTU2Njk1ODQ2NzqAAn1xAVUKdGVzdGNvb2tp\nZXECVQZ3b3JrZWRxA3Mu\n','2014-11-05 01:43:51'),('17d41d702487de7abb86023d878551d6','YjZjYzk3NTIzNjc2MTllOGRkYjg2OWZiYjFkN2U3NTU2Njk1ODQ2NzqAAn1xAVUKdGVzdGNvb2tp\nZXECVQZ3b3JrZWRxA3Mu\n','2014-11-06 14:12:50'),('0180673853212f1abc1658c26fe1d549','YjZjYzk3NTIzNjc2MTllOGRkYjg2OWZiYjFkN2U3NTU2Njk1ODQ2NzqAAn1xAVUKdGVzdGNvb2tp\nZXECVQZ3b3JrZWRxA3Mu\n','2014-11-06 20:54:47'),('e55b707db5d4699da7f40114e96726a5','YjZjYzk3NTIzNjc2MTllOGRkYjg2OWZiYjFkN2U3NTU2Njk1ODQ2NzqAAn1xAVUKdGVzdGNvb2tp\nZXECVQZ3b3JrZWRxA3Mu\n','2014-11-06 23:12:15'),('c8c73b9393b43b79672be09db33430ca','YjZjYzk3NTIzNjc2MTllOGRkYjg2OWZiYjFkN2U3NTU2Njk1ODQ2NzqAAn1xAVUKdGVzdGNvb2tp\nZXECVQZ3b3JrZWRxA3Mu\n','2014-11-07 14:39:50'),('c536e79850e0e7162c27818bd5676722','YjZjYzk3NTIzNjc2MTllOGRkYjg2OWZiYjFkN2U3NTU2Njk1ODQ2NzqAAn1xAVUKdGVzdGNvb2tp\nZXECVQZ3b3JrZWRxA3Mu\n','2014-11-07 23:17:37'),('3a4c9e1b57417162e14edf6cae1dc487','YjZjYzk3NTIzNjc2MTllOGRkYjg2OWZiYjFkN2U3NTU2Njk1ODQ2NzqAAn1xAVUKdGVzdGNvb2tp\nZXECVQZ3b3JrZWRxA3Mu\n','2014-11-07 23:18:09'),('fc8429c9b86eaa13c84e73b6bde25eb7','YjZjYzk3NTIzNjc2MTllOGRkYjg2OWZiYjFkN2U3NTU2Njk1ODQ2NzqAAn1xAVUKdGVzdGNvb2tp\nZXECVQZ3b3JrZWRxA3Mu\n','2014-11-08 08:51:16'),('075c644b7921d06781b86a8cf730af6b','YjZjYzk3NTIzNjc2MTllOGRkYjg2OWZiYjFkN2U3NTU2Njk1ODQ2NzqAAn1xAVUKdGVzdGNvb2tp\nZXECVQZ3b3JrZWRxA3Mu\n','2014-11-08 09:14:09'),('e32d39128d15bea5ce4b4173869ab9dd','YjZjYzk3NTIzNjc2MTllOGRkYjg2OWZiYjFkN2U3NTU2Njk1ODQ2NzqAAn1xAVUKdGVzdGNvb2tp\nZXECVQZ3b3JrZWRxA3Mu\n','2014-11-08 12:15:57'),('e5f44b2405c8e0e123f3ef60476b52ac','YjZjYzk3NTIzNjc2MTllOGRkYjg2OWZiYjFkN2U3NTU2Njk1ODQ2NzqAAn1xAVUKdGVzdGNvb2tp\nZXECVQZ3b3JrZWRxA3Mu\n','2014-11-08 12:46:46'),('e50f893d6f76f961de17679058af3930','YjZjYzk3NTIzNjc2MTllOGRkYjg2OWZiYjFkN2U3NTU2Njk1ODQ2NzqAAn1xAVUKdGVzdGNvb2tp\nZXECVQZ3b3JrZWRxA3Mu\n','2014-11-09 20:56:10'),('ec9ec06572878b5772163c8c8fddd1b2','YjZjYzk3NTIzNjc2MTllOGRkYjg2OWZiYjFkN2U3NTU2Njk1ODQ2NzqAAn1xAVUKdGVzdGNvb2tp\nZXECVQZ3b3JrZWRxA3Mu\n','2014-11-10 14:58:10'),('c44dd1d229927b9f20eea85414ff9c06','YjZjYzk3NTIzNjc2MTllOGRkYjg2OWZiYjFkN2U3NTU2Njk1ODQ2NzqAAn1xAVUKdGVzdGNvb2tp\nZXECVQZ3b3JrZWRxA3Mu\n','2014-11-10 15:54:03'),('664c379ee2e04bbc41ccb1bade99f0c0','YjZjYzk3NTIzNjc2MTllOGRkYjg2OWZiYjFkN2U3NTU2Njk1ODQ2NzqAAn1xAVUKdGVzdGNvb2tp\nZXECVQZ3b3JrZWRxA3Mu\n','2014-11-10 21:36:52'),('495e3aac9783e6d17b2793f6d74155ee','YjZjYzk3NTIzNjc2MTllOGRkYjg2OWZiYjFkN2U3NTU2Njk1ODQ2NzqAAn1xAVUKdGVzdGNvb2tp\nZXECVQZ3b3JrZWRxA3Mu\n','2014-11-11 10:33:18'),('f0d13452617bdc38f1bb042a115c20e4','YjZjYzk3NTIzNjc2MTllOGRkYjg2OWZiYjFkN2U3NTU2Njk1ODQ2NzqAAn1xAVUKdGVzdGNvb2tp\nZXECVQZ3b3JrZWRxA3Mu\n','2014-11-12 07:43:14'),('cdfbc3be28940e90b13bfc02bf87c580','YjZjYzk3NTIzNjc2MTllOGRkYjg2OWZiYjFkN2U3NTU2Njk1ODQ2NzqAAn1xAVUKdGVzdGNvb2tp\nZXECVQZ3b3JrZWRxA3Mu\n','2014-11-12 10:07:21'),('55114f0d464533ed466f743c1173f9e7','YjZjYzk3NTIzNjc2MTllOGRkYjg2OWZiYjFkN2U3NTU2Njk1ODQ2NzqAAn1xAVUKdGVzdGNvb2tp\nZXECVQZ3b3JrZWRxA3Mu\n','2014-11-12 12:12:32'),('24ad76903e8f32a3139e9f7b77b0049b','YjZjYzk3NTIzNjc2MTllOGRkYjg2OWZiYjFkN2U3NTU2Njk1ODQ2NzqAAn1xAVUKdGVzdGNvb2tp\nZXECVQZ3b3JrZWRxA3Mu\n','2014-11-12 16:01:53'),('9be82f289bbb27c6ec5566c7284d7d93','YjZjYzk3NTIzNjc2MTllOGRkYjg2OWZiYjFkN2U3NTU2Njk1ODQ2NzqAAn1xAVUKdGVzdGNvb2tp\nZXECVQZ3b3JrZWRxA3Mu\n','2014-11-14 01:17:21'),('b74ccec8a59c90608bdebcb2689e6517','YjZjYzk3NTIzNjc2MTllOGRkYjg2OWZiYjFkN2U3NTU2Njk1ODQ2NzqAAn1xAVUKdGVzdGNvb2tp\nZXECVQZ3b3JrZWRxA3Mu\n','2014-11-14 20:20:53'),('4c072c7763690f3dcb553c20d571bf1a','YjZjYzk3NTIzNjc2MTllOGRkYjg2OWZiYjFkN2U3NTU2Njk1ODQ2NzqAAn1xAVUKdGVzdGNvb2tp\nZXECVQZ3b3JrZWRxA3Mu\n','2014-11-16 07:16:34'),('a44c676957e678b8eb4757ba50a706b6','YjZjYzk3NTIzNjc2MTllOGRkYjg2OWZiYjFkN2U3NTU2Njk1ODQ2NzqAAn1xAVUKdGVzdGNvb2tp\nZXECVQZ3b3JrZWRxA3Mu\n','2014-11-17 08:49:16'),('f132a273df7226f8feea3f3f9cfdcd69','YjZjYzk3NTIzNjc2MTllOGRkYjg2OWZiYjFkN2U3NTU2Njk1ODQ2NzqAAn1xAVUKdGVzdGNvb2tp\nZXECVQZ3b3JrZWRxA3Mu\n','2014-11-18 05:28:26'),('821eee8e319334c0d60b3dcc15435c39','YjZjYzk3NTIzNjc2MTllOGRkYjg2OWZiYjFkN2U3NTU2Njk1ODQ2NzqAAn1xAVUKdGVzdGNvb2tp\nZXECVQZ3b3JrZWRxA3Mu\n','2014-11-18 08:26:55'),('939dad1310af7bec240955bb97bbf297','YjZjYzk3NTIzNjc2MTllOGRkYjg2OWZiYjFkN2U3NTU2Njk1ODQ2NzqAAn1xAVUKdGVzdGNvb2tp\nZXECVQZ3b3JrZWRxA3Mu\n','2014-11-18 16:40:07'),('ac7761998de4d92255fabc0c874c6e1c','YjZjYzk3NTIzNjc2MTllOGRkYjg2OWZiYjFkN2U3NTU2Njk1ODQ2NzqAAn1xAVUKdGVzdGNvb2tp\nZXECVQZ3b3JrZWRxA3Mu\n','2014-11-19 10:02:55'),('5e89b49998671b8e986be85c519e8f4d','YjZjYzk3NTIzNjc2MTllOGRkYjg2OWZiYjFkN2U3NTU2Njk1ODQ2NzqAAn1xAVUKdGVzdGNvb2tp\nZXECVQZ3b3JrZWRxA3Mu\n','2014-11-20 04:30:22'),('dc2f39d732fee7ed3e8739819995db28','YjZjYzk3NTIzNjc2MTllOGRkYjg2OWZiYjFkN2U3NTU2Njk1ODQ2NzqAAn1xAVUKdGVzdGNvb2tp\nZXECVQZ3b3JrZWRxA3Mu\n','2014-11-21 21:18:21'),('eb927667a824adacc4766df3838b17ff','YjZjYzk3NTIzNjc2MTllOGRkYjg2OWZiYjFkN2U3NTU2Njk1ODQ2NzqAAn1xAVUKdGVzdGNvb2tp\nZXECVQZ3b3JrZWRxA3Mu\n','2014-11-22 00:56:59'),('2a5762e36077ff7b6f9166011697c9ed','YjZjYzk3NTIzNjc2MTllOGRkYjg2OWZiYjFkN2U3NTU2Njk1ODQ2NzqAAn1xAVUKdGVzdGNvb2tp\nZXECVQZ3b3JrZWRxA3Mu\n','2014-11-22 01:52:41'),('0c1b1d7b24d642fdec06b8f52219e199','YjZjYzk3NTIzNjc2MTllOGRkYjg2OWZiYjFkN2U3NTU2Njk1ODQ2NzqAAn1xAVUKdGVzdGNvb2tp\nZXECVQZ3b3JrZWRxA3Mu\n','2014-11-22 03:17:17'),('47478c9c3949ebf4f22624932a40ea39','YjZjYzk3NTIzNjc2MTllOGRkYjg2OWZiYjFkN2U3NTU2Njk1ODQ2NzqAAn1xAVUKdGVzdGNvb2tp\nZXECVQZ3b3JrZWRxA3Mu\n','2014-11-22 13:13:12'),('37d2b01f029b2a3d8cf9e854479630f0','YjZjYzk3NTIzNjc2MTllOGRkYjg2OWZiYjFkN2U3NTU2Njk1ODQ2NzqAAn1xAVUKdGVzdGNvb2tp\nZXECVQZ3b3JrZWRxA3Mu\n','2014-11-23 02:30:23'),('e440bcf4e006cdef4fbe774b48942b49','YjZjYzk3NTIzNjc2MTllOGRkYjg2OWZiYjFkN2U3NTU2Njk1ODQ2NzqAAn1xAVUKdGVzdGNvb2tp\nZXECVQZ3b3JrZWRxA3Mu\n','2014-11-23 10:26:47'),('4ed1d2e97f4f90d48fc7a6809c3450d5','YjZjYzk3NTIzNjc2MTllOGRkYjg2OWZiYjFkN2U3NTU2Njk1ODQ2NzqAAn1xAVUKdGVzdGNvb2tp\nZXECVQZ3b3JrZWRxA3Mu\n','2014-11-24 05:27:10'),('6f73a145e668f582b544ee7dd573b897','YjZjYzk3NTIzNjc2MTllOGRkYjg2OWZiYjFkN2U3NTU2Njk1ODQ2NzqAAn1xAVUKdGVzdGNvb2tp\nZXECVQZ3b3JrZWRxA3Mu\n','2014-11-24 12:24:54'),('f36045b6d7b048739535761e8ba87103','YjZjYzk3NTIzNjc2MTllOGRkYjg2OWZiYjFkN2U3NTU2Njk1ODQ2NzqAAn1xAVUKdGVzdGNvb2tp\nZXECVQZ3b3JrZWRxA3Mu\n','2014-11-24 13:24:09'),('f4867c5da4ca4680c7296e475bcd4d23','YjZjYzk3NTIzNjc2MTllOGRkYjg2OWZiYjFkN2U3NTU2Njk1ODQ2NzqAAn1xAVUKdGVzdGNvb2tp\nZXECVQZ3b3JrZWRxA3Mu\n','2014-11-25 18:31:28'),('add4f052044c2ee755aa8077750dde0e','YjZjYzk3NTIzNjc2MTllOGRkYjg2OWZiYjFkN2U3NTU2Njk1ODQ2NzqAAn1xAVUKdGVzdGNvb2tp\nZXECVQZ3b3JrZWRxA3Mu\n','2014-11-27 08:32:53'),('2918fa150b6942ba2d37df0f31d4f26d','YjZjYzk3NTIzNjc2MTllOGRkYjg2OWZiYjFkN2U3NTU2Njk1ODQ2NzqAAn1xAVUKdGVzdGNvb2tp\nZXECVQZ3b3JrZWRxA3Mu\n','2014-11-28 02:31:00'),('9a93dcc3b3dce2e74aeb32eb35685be5','YjZjYzk3NTIzNjc2MTllOGRkYjg2OWZiYjFkN2U3NTU2Njk1ODQ2NzqAAn1xAVUKdGVzdGNvb2tp\nZXECVQZ3b3JrZWRxA3Mu\n','2014-11-28 19:10:15'),('511554f2a8eee4c21b61187ee4999fef','YjZjYzk3NTIzNjc2MTllOGRkYjg2OWZiYjFkN2U3NTU2Njk1ODQ2NzqAAn1xAVUKdGVzdGNvb2tp\nZXECVQZ3b3JrZWRxA3Mu\n','2014-11-28 19:20:13'),('43559681e2241afe6f9d386934decd4b','YjZjYzk3NTIzNjc2MTllOGRkYjg2OWZiYjFkN2U3NTU2Njk1ODQ2NzqAAn1xAVUKdGVzdGNvb2tp\nZXECVQZ3b3JrZWRxA3Mu\n','2014-11-28 20:39:53'),('33ba6367db046e5c4af971ab56f4597f','YjZjYzk3NTIzNjc2MTllOGRkYjg2OWZiYjFkN2U3NTU2Njk1ODQ2NzqAAn1xAVUKdGVzdGNvb2tp\nZXECVQZ3b3JrZWRxA3Mu\n','2014-11-29 23:01:41'),('2dc831603612d3596733dcfff85dc2ca','YjZjYzk3NTIzNjc2MTllOGRkYjg2OWZiYjFkN2U3NTU2Njk1ODQ2NzqAAn1xAVUKdGVzdGNvb2tp\nZXECVQZ3b3JrZWRxA3Mu\n','2014-11-29 23:53:15'),('e0c3d34d348550a43fbdf25024de93a0','YjZjYzk3NTIzNjc2MTllOGRkYjg2OWZiYjFkN2U3NTU2Njk1ODQ2NzqAAn1xAVUKdGVzdGNvb2tp\nZXECVQZ3b3JrZWRxA3Mu\n','2014-11-30 01:19:43'),('df62c8fe9f9f90face4c50507809a1b6','YjZjYzk3NTIzNjc2MTllOGRkYjg2OWZiYjFkN2U3NTU2Njk1ODQ2NzqAAn1xAVUKdGVzdGNvb2tp\nZXECVQZ3b3JrZWRxA3Mu\n','2014-12-01 08:28:55'),('cf2a5261999d90d91e4898e8f2e84c1f','YjZjYzk3NTIzNjc2MTllOGRkYjg2OWZiYjFkN2U3NTU2Njk1ODQ2NzqAAn1xAVUKdGVzdGNvb2tp\nZXECVQZ3b3JrZWRxA3Mu\n','2014-12-02 00:18:48'),('93ea81733607b6b3b85a26a22e3167b0','YjZjYzk3NTIzNjc2MTllOGRkYjg2OWZiYjFkN2U3NTU2Njk1ODQ2NzqAAn1xAVUKdGVzdGNvb2tp\nZXECVQZ3b3JrZWRxA3Mu\n','2014-12-02 11:37:28'),('ce81f8f146118c510ef184cd3f201faa','YjZjYzk3NTIzNjc2MTllOGRkYjg2OWZiYjFkN2U3NTU2Njk1ODQ2NzqAAn1xAVUKdGVzdGNvb2tp\nZXECVQZ3b3JrZWRxA3Mu\n','2014-12-03 23:13:32'),('d3ba4c677968973b438f99f825db6af1','YjZjYzk3NTIzNjc2MTllOGRkYjg2OWZiYjFkN2U3NTU2Njk1ODQ2NzqAAn1xAVUKdGVzdGNvb2tp\nZXECVQZ3b3JrZWRxA3Mu\n','2014-12-04 04:33:50'),('a07f845c006565e3f2ca5704e025f86c','YjZjYzk3NTIzNjc2MTllOGRkYjg2OWZiYjFkN2U3NTU2Njk1ODQ2NzqAAn1xAVUKdGVzdGNvb2tp\nZXECVQZ3b3JrZWRxA3Mu\n','2014-12-04 09:27:15'),('6c42f90b3f75dfd09eb2a55c5b3603ae','YjZjYzk3NTIzNjc2MTllOGRkYjg2OWZiYjFkN2U3NTU2Njk1ODQ2NzqAAn1xAVUKdGVzdGNvb2tp\nZXECVQZ3b3JrZWRxA3Mu\n','2014-12-04 13:26:59'),('3929db7f2a8a6de57158fc08b2bac073','YjZjYzk3NTIzNjc2MTllOGRkYjg2OWZiYjFkN2U3NTU2Njk1ODQ2NzqAAn1xAVUKdGVzdGNvb2tp\nZXECVQZ3b3JrZWRxA3Mu\n','2014-12-04 17:25:46'),('7447565496da8b7f50369f3d772924c4','YjZjYzk3NTIzNjc2MTllOGRkYjg2OWZiYjFkN2U3NTU2Njk1ODQ2NzqAAn1xAVUKdGVzdGNvb2tp\nZXECVQZ3b3JrZWRxA3Mu\n','2014-12-04 23:18:26'),('074e8fb5acb4101e057f1fcf0801c426','YjZjYzk3NTIzNjc2MTllOGRkYjg2OWZiYjFkN2U3NTU2Njk1ODQ2NzqAAn1xAVUKdGVzdGNvb2tp\nZXECVQZ3b3JrZWRxA3Mu\n','2014-12-05 09:12:17'),('d8fd0bbdc11bcbea9bbd39ba029ed3e7','YjZjYzk3NTIzNjc2MTllOGRkYjg2OWZiYjFkN2U3NTU2Njk1ODQ2NzqAAn1xAVUKdGVzdGNvb2tp\nZXECVQZ3b3JrZWRxA3Mu\n','2014-12-05 15:31:18'),('0ad44164257b81df2adf2fd4adef5315','YjZjYzk3NTIzNjc2MTllOGRkYjg2OWZiYjFkN2U3NTU2Njk1ODQ2NzqAAn1xAVUKdGVzdGNvb2tp\nZXECVQZ3b3JrZWRxA3Mu\n','2014-12-05 20:56:05'),('07976e3a7feb0cd09f29638faf948416','YjZjYzk3NTIzNjc2MTllOGRkYjg2OWZiYjFkN2U3NTU2Njk1ODQ2NzqAAn1xAVUKdGVzdGNvb2tp\nZXECVQZ3b3JrZWRxA3Mu\n','2014-12-05 21:30:08'),('83309b9316713e930b7583dbeee02f88','YjZjYzk3NTIzNjc2MTllOGRkYjg2OWZiYjFkN2U3NTU2Njk1ODQ2NzqAAn1xAVUKdGVzdGNvb2tp\nZXECVQZ3b3JrZWRxA3Mu\n','2014-12-06 07:52:28'),('7acf3bf91ecf609fd4cf9f27390f1b3f','YjZjYzk3NTIzNjc2MTllOGRkYjg2OWZiYjFkN2U3NTU2Njk1ODQ2NzqAAn1xAVUKdGVzdGNvb2tp\nZXECVQZ3b3JrZWRxA3Mu\n','2014-12-06 16:38:26'),('960b3a4f7e81073667fbe312e3351a2f','YjZjYzk3NTIzNjc2MTllOGRkYjg2OWZiYjFkN2U3NTU2Njk1ODQ2NzqAAn1xAVUKdGVzdGNvb2tp\nZXECVQZ3b3JrZWRxA3Mu\n','2014-12-08 05:03:11'),('b5fb2c68b1039c9b111be7148a2880cf','YjZjYzk3NTIzNjc2MTllOGRkYjg2OWZiYjFkN2U3NTU2Njk1ODQ2NzqAAn1xAVUKdGVzdGNvb2tp\nZXECVQZ3b3JrZWRxA3Mu\n','2014-12-08 06:47:22'),('7189d48c238a2a08fa4331afe15c09b1','YjZjYzk3NTIzNjc2MTllOGRkYjg2OWZiYjFkN2U3NTU2Njk1ODQ2NzqAAn1xAVUKdGVzdGNvb2tp\nZXECVQZ3b3JrZWRxA3Mu\n','2014-12-08 09:56:53'),('b5ddd94e1b439c380aed54dad9609214','YjZjYzk3NTIzNjc2MTllOGRkYjg2OWZiYjFkN2U3NTU2Njk1ODQ2NzqAAn1xAVUKdGVzdGNvb2tp\nZXECVQZ3b3JrZWRxA3Mu\n','2014-12-08 16:59:54'),('292a83b513bb0ceda8f6f7066b5f120a','YjZjYzk3NTIzNjc2MTllOGRkYjg2OWZiYjFkN2U3NTU2Njk1ODQ2NzqAAn1xAVUKdGVzdGNvb2tp\nZXECVQZ3b3JrZWRxA3Mu\n','2014-12-09 01:56:17'),('33b3244bee7c7912f311a19a6fd03d9a','YjZjYzk3NTIzNjc2MTllOGRkYjg2OWZiYjFkN2U3NTU2Njk1ODQ2NzqAAn1xAVUKdGVzdGNvb2tp\nZXECVQZ3b3JrZWRxA3Mu\n','2014-12-09 04:07:53'),('7c0c0bfdcf563fa251a6b9f4c20a13f8','YjZjYzk3NTIzNjc2MTllOGRkYjg2OWZiYjFkN2U3NTU2Njk1ODQ2NzqAAn1xAVUKdGVzdGNvb2tp\nZXECVQZ3b3JrZWRxA3Mu\n','2014-12-09 07:50:43'),('b9098d264135dcabbc5e644c5ffe34aa','YjZjYzk3NTIzNjc2MTllOGRkYjg2OWZiYjFkN2U3NTU2Njk1ODQ2NzqAAn1xAVUKdGVzdGNvb2tp\nZXECVQZ3b3JrZWRxA3Mu\n','2014-12-09 18:25:57'),('04be4ce035bfd0ac0b1429cfcd648ef1','YjZjYzk3NTIzNjc2MTllOGRkYjg2OWZiYjFkN2U3NTU2Njk1ODQ2NzqAAn1xAVUKdGVzdGNvb2tp\nZXECVQZ3b3JrZWRxA3Mu\n','2014-12-11 01:02:05'),('403fc2bcb657a5fb1e6f1faadfb679cc','YjZjYzk3NTIzNjc2MTllOGRkYjg2OWZiYjFkN2U3NTU2Njk1ODQ2NzqAAn1xAVUKdGVzdGNvb2tp\nZXECVQZ3b3JrZWRxA3Mu\n','2014-12-11 01:53:08'),('7c4e0b55311de594b0a3f64729ef2115','YjZjYzk3NTIzNjc2MTllOGRkYjg2OWZiYjFkN2U3NTU2Njk1ODQ2NzqAAn1xAVUKdGVzdGNvb2tp\nZXECVQZ3b3JrZWRxA3Mu\n','2014-12-11 11:17:55'),('d60afbf592c4f37abba815dc3d6e7738','YjZjYzk3NTIzNjc2MTllOGRkYjg2OWZiYjFkN2U3NTU2Njk1ODQ2NzqAAn1xAVUKdGVzdGNvb2tp\nZXECVQZ3b3JrZWRxA3Mu\n','2014-12-11 15:38:19'),('9a0bdfae7b535c6639bd83164f4dc71c','YjZjYzk3NTIzNjc2MTllOGRkYjg2OWZiYjFkN2U3NTU2Njk1ODQ2NzqAAn1xAVUKdGVzdGNvb2tp\nZXECVQZ3b3JrZWRxA3Mu\n','2014-12-11 21:54:33'),('effd885d57c71a340ca5a621bedf78ce','YjZjYzk3NTIzNjc2MTllOGRkYjg2OWZiYjFkN2U3NTU2Njk1ODQ2NzqAAn1xAVUKdGVzdGNvb2tp\nZXECVQZ3b3JrZWRxA3Mu\n','2014-12-12 02:49:22'),('0ae31e79a48419180a027ef9a33b9517','YjZjYzk3NTIzNjc2MTllOGRkYjg2OWZiYjFkN2U3NTU2Njk1ODQ2NzqAAn1xAVUKdGVzdGNvb2tp\nZXECVQZ3b3JrZWRxA3Mu\n','2014-12-12 06:20:20'),('a52d927ae9c672c2e3e7a4454e08b151','YjZjYzk3NTIzNjc2MTllOGRkYjg2OWZiYjFkN2U3NTU2Njk1ODQ2NzqAAn1xAVUKdGVzdGNvb2tp\nZXECVQZ3b3JrZWRxA3Mu\n','2014-12-13 04:21:00'),('aaba4432c187e6bb980b16bdc019aca8','YjZjYzk3NTIzNjc2MTllOGRkYjg2OWZiYjFkN2U3NTU2Njk1ODQ2NzqAAn1xAVUKdGVzdGNvb2tp\nZXECVQZ3b3JrZWRxA3Mu\n','2014-12-13 04:38:22'),('b6739cf80c27fa34f7d1e97f3cb0299b','YjZjYzk3NTIzNjc2MTllOGRkYjg2OWZiYjFkN2U3NTU2Njk1ODQ2NzqAAn1xAVUKdGVzdGNvb2tp\nZXECVQZ3b3JrZWRxA3Mu\n','2014-12-13 05:47:15'),('0fe47366182325d0962b188306bcd7a7','YjZjYzk3NTIzNjc2MTllOGRkYjg2OWZiYjFkN2U3NTU2Njk1ODQ2NzqAAn1xAVUKdGVzdGNvb2tp\nZXECVQZ3b3JrZWRxA3Mu\n','2014-12-13 08:31:16'),('9359e9e74a48e0ec8814e129fa6f90b6','YjZjYzk3NTIzNjc2MTllOGRkYjg2OWZiYjFkN2U3NTU2Njk1ODQ2NzqAAn1xAVUKdGVzdGNvb2tp\nZXECVQZ3b3JrZWRxA3Mu\n','2014-12-13 08:44:05'),('a0ba05854c281035dc315cbd12337ebe','YjZjYzk3NTIzNjc2MTllOGRkYjg2OWZiYjFkN2U3NTU2Njk1ODQ2NzqAAn1xAVUKdGVzdGNvb2tp\nZXECVQZ3b3JrZWRxA3Mu\n','2014-12-14 01:23:01'),('53352ea131b07680833c04eebb991845','YjZjYzk3NTIzNjc2MTllOGRkYjg2OWZiYjFkN2U3NTU2Njk1ODQ2NzqAAn1xAVUKdGVzdGNvb2tp\nZXECVQZ3b3JrZWRxA3Mu\n','2014-12-14 03:11:47'),('e389f239c6ba5056ddb9c21101bfcf57','YjZjYzk3NTIzNjc2MTllOGRkYjg2OWZiYjFkN2U3NTU2Njk1ODQ2NzqAAn1xAVUKdGVzdGNvb2tp\nZXECVQZ3b3JrZWRxA3Mu\n','2014-12-14 16:08:25'),('e8933616838e29f28b31db7eaa761df4','YjZjYzk3NTIzNjc2MTllOGRkYjg2OWZiYjFkN2U3NTU2Njk1ODQ2NzqAAn1xAVUKdGVzdGNvb2tp\nZXECVQZ3b3JrZWRxA3Mu\n','2014-12-16 03:14:44'),('b40125344f1bcac4924e3aebbc67f90d','YjZjYzk3NTIzNjc2MTllOGRkYjg2OWZiYjFkN2U3NTU2Njk1ODQ2NzqAAn1xAVUKdGVzdGNvb2tp\nZXECVQZ3b3JrZWRxA3Mu\n','2014-12-17 16:45:23'),('1fc6cc38f183dac0bde4a57667a9177e','YjZjYzk3NTIzNjc2MTllOGRkYjg2OWZiYjFkN2U3NTU2Njk1ODQ2NzqAAn1xAVUKdGVzdGNvb2tp\nZXECVQZ3b3JrZWRxA3Mu\n','2014-12-18 00:25:12'),('85b8aa1096b6a3c3e7a7e8bd8b194672','YjZjYzk3NTIzNjc2MTllOGRkYjg2OWZiYjFkN2U3NTU2Njk1ODQ2NzqAAn1xAVUKdGVzdGNvb2tp\nZXECVQZ3b3JrZWRxA3Mu\n','2014-12-18 08:23:47'),('c7602d8b19f743cf6e74af9c5528482e','YjZjYzk3NTIzNjc2MTllOGRkYjg2OWZiYjFkN2U3NTU2Njk1ODQ2NzqAAn1xAVUKdGVzdGNvb2tp\nZXECVQZ3b3JrZWRxA3Mu\n','2014-12-18 14:26:05'),('d0ebd02d5fcf988c4a5bff380e155d31','YjZjYzk3NTIzNjc2MTllOGRkYjg2OWZiYjFkN2U3NTU2Njk1ODQ2NzqAAn1xAVUKdGVzdGNvb2tp\nZXECVQZ3b3JrZWRxA3Mu\n','2014-12-18 14:26:08'),('f7c993b3b1749708c429855095effc36','YjZjYzk3NTIzNjc2MTllOGRkYjg2OWZiYjFkN2U3NTU2Njk1ODQ2NzqAAn1xAVUKdGVzdGNvb2tp\nZXECVQZ3b3JrZWRxA3Mu\n','2014-12-19 06:39:51'),('a472f1d4e418f9ed36ba1a4326abf486','YjZjYzk3NTIzNjc2MTllOGRkYjg2OWZiYjFkN2U3NTU2Njk1ODQ2NzqAAn1xAVUKdGVzdGNvb2tp\nZXECVQZ3b3JrZWRxA3Mu\n','2014-12-19 10:16:39');
/*!40000 ALTER TABLE `django_session` ENABLE KEYS */;
UNLOCK TABLES;

--
-- Table structure for table `django_site`
--

DROP TABLE IF EXISTS `django_site`;
/*!40101 SET @saved_cs_client     = @@character_set_client */;
/*!40101 SET character_set_client = utf8 */;
CREATE TABLE `django_site` (
  `id` int(11) NOT NULL AUTO_INCREMENT,
  `domain` varchar(100) NOT NULL,
  `name` varchar(50) NOT NULL,
  PRIMARY KEY (`id`)
) ENGINE=InnoDB AUTO_INCREMENT=2 DEFAULT CHARSET=latin1;
/*!40101 SET character_set_client = @saved_cs_client */;

--
-- Dumping data for table `django_site`
--

LOCK TABLES `django_site` WRITE;
/*!40000 ALTER TABLE `django_site` DISABLE KEYS */;
INSERT INTO `django_site` VALUES (1,'localhost:8000','localhost:8000');
/*!40000 ALTER TABLE `django_site` ENABLE KEYS */;
UNLOCK TABLES;

--
-- Table structure for table `empires`
--

DROP TABLE IF EXISTS `empires`;
/*!40101 SET @saved_cs_client     = @@character_set_client */;
/*!40101 SET character_set_client = utf8 */;
CREATE TABLE `empires` (
  `id` int(11) NOT NULL AUTO_INCREMENT,
  `name` varchar(255) DEFAULT NULL,
  `notes` text,
  `created_at` datetime DEFAULT NULL,
  `updated_at` datetime DEFAULT NULL,
  PRIMARY KEY (`id`)
) ENGINE=InnoDB AUTO_INCREMENT=2 DEFAULT CHARSET=latin1;
/*!40101 SET character_set_client = @saved_cs_client */;

--
-- Dumping data for table `empires`
--

LOCK TABLES `empires` WRITE;
/*!40000 ALTER TABLE `empires` DISABLE KEYS */;
INSERT INTO `empires` VALUES (1,'British',NULL,'2011-08-10 15:33:28','2011-08-10 15:33:28');
/*!40000 ALTER TABLE `empires` ENABLE KEYS */;
UNLOCK TABLES;

--
-- Table structure for table `enclosures`
--

DROP TABLE IF EXISTS `enclosures`;
/*!40101 SET @saved_cs_client     = @@character_set_client */;
/*!40101 SET character_set_client = utf8 */;
CREATE TABLE `enclosures` (
  `id` int(11) NOT NULL AUTO_INCREMENT,
  `main_letter_id` int(11) DEFAULT NULL,
  `enclosed_letter_id` int(11) DEFAULT NULL,
  `notes` text,
  `created_at` datetime DEFAULT NULL,
  `updated_at` datetime DEFAULT NULL,
  PRIMARY KEY (`id`),
  KEY `main_letter_id` (`main_letter_id`),
  KEY `enclosed_letter_id` (`enclosed_letter_id`),
  CONSTRAINT `enclosures_ibfk_1` FOREIGN KEY (`main_letter_id`) REFERENCES `letters` (`id`),
  CONSTRAINT `enclosures_ibfk_2` FOREIGN KEY (`enclosed_letter_id`) REFERENCES `letters` (`id`)
) ENGINE=InnoDB AUTO_INCREMENT=56 DEFAULT CHARSET=latin1;
/*!40101 SET character_set_client = @saved_cs_client */;

--
-- Dumping data for table `enclosures`
--

LOCK TABLES `enclosures` WRITE;
/*!40000 ALTER TABLE `enclosures` DISABLE KEYS */;
INSERT INTO `enclosures` VALUES (2,31,33,NULL,'2012-01-16 03:12:09','2012-01-16 03:12:09'),(3,31,34,NULL,'2012-01-16 03:12:09','2012-01-16 03:12:09'),(4,12,1,NULL,'2012-01-16 04:41:30','2012-01-16 04:41:30'),(5,2,3,NULL,'2012-01-16 18:45:28','2012-01-16 18:45:28'),(6,2,4,NULL,'2012-01-16 18:45:28','2012-01-16 18:45:28'),(7,23,10,NULL,'2012-01-16 19:21:24','2012-01-16 19:21:24'),(8,27,24,NULL,'2012-01-16 20:40:35','2012-01-16 20:40:35'),(9,87,81,NULL,'2012-01-17 03:49:25','2012-01-17 03:49:25'),(10,87,80,NULL,'2012-01-17 03:49:25','2012-01-17 03:49:25'),(11,87,298,NULL,'2012-01-17 03:49:25','2012-01-17 03:49:25'),(12,87,83,NULL,'2012-01-17 03:49:25','2012-01-17 03:49:25'),(13,87,84,NULL,'2012-01-17 03:49:25','2012-01-17 03:49:25'),(14,87,86,NULL,'2012-01-17 03:49:25','2012-01-17 03:49:25'),(15,87,85,NULL,'2012-01-17 03:49:25','2012-01-17 03:49:25'),(16,87,79,NULL,'2012-01-17 03:49:25','2012-01-17 03:49:25'),(17,91,89,NULL,'2012-01-17 03:57:38','2012-01-17 03:57:38'),(18,95,96,NULL,'2012-01-17 04:03:07','2012-01-17 04:03:07'),(19,97,98,NULL,'2012-01-17 04:15:37','2012-01-17 04:15:37'),(20,103,99,NULL,'2012-01-17 04:36:14','2012-01-17 04:36:14'),(21,112,85,NULL,'2012-01-19 02:53:07','2012-01-19 02:53:07'),(22,112,298,NULL,'2012-01-19 02:53:07','2012-01-19 02:53:07'),(23,112,72,NULL,'2012-01-19 02:53:07','2012-01-19 02:53:07'),(24,112,76,NULL,'2012-01-19 02:53:07','2012-01-19 02:53:07'),(25,112,89,NULL,'2012-01-19 02:53:07','2012-01-19 02:53:07'),(26,112,81,NULL,'2012-01-19 02:53:07','2012-01-19 02:53:07'),(27,112,87,NULL,'2012-01-19 02:53:07','2012-01-19 02:53:07'),(28,112,299,NULL,'2012-01-19 02:53:07','2012-01-19 02:53:07'),(29,112,83,NULL,'2012-01-19 02:53:07','2012-01-19 02:53:07'),(30,112,300,NULL,'2012-01-19 02:53:07','2012-01-19 02:53:07'),(31,112,78,NULL,'2012-01-19 02:53:07','2012-01-19 02:53:07'),(32,112,88,NULL,'2012-01-19 02:53:07','2012-01-19 02:53:07'),(33,112,71,NULL,'2012-01-19 02:53:07','2012-01-19 02:53:07'),(34,112,80,NULL,'2012-01-19 02:53:07','2012-01-19 02:53:07'),(35,112,86,NULL,'2012-01-19 02:53:07','2012-01-19 02:53:07'),(36,112,73,NULL,'2012-01-19 02:53:07','2012-01-19 02:53:07'),(37,112,82,NULL,'2012-01-19 02:53:07','2012-01-19 02:53:07'),(38,112,84,NULL,'2012-01-19 02:53:07','2012-01-19 02:53:07'),(39,112,75,NULL,'2012-01-19 02:53:07','2012-01-19 02:53:07'),(40,112,74,NULL,'2012-01-19 02:53:07','2012-01-19 02:53:07'),(41,112,79,NULL,'2012-01-19 02:53:07','2012-01-19 02:53:07'),(42,199,12,NULL,'2012-01-19 02:57:01','2012-01-19 02:57:01'),(43,202,35,NULL,'2012-01-19 03:25:30','2012-01-19 03:25:30'),(44,212,26,NULL,'2012-01-19 03:30:40','2012-01-19 03:30:40'),(45,212,30,NULL,'2012-01-19 03:30:40','2012-01-19 03:30:40'),(46,212,28,NULL,'2012-01-19 03:30:40','2012-01-19 03:30:40'),(47,212,25,NULL,'2012-01-19 03:30:40','2012-01-19 03:30:40'),(48,212,32,NULL,'2012-01-19 03:30:40','2012-01-19 03:30:40'),(49,212,9,NULL,'2012-01-19 03:30:40','2012-01-19 03:30:40'),(50,212,67,NULL,'2012-01-19 03:30:40','2012-01-19 03:30:40'),(51,212,29,NULL,'2012-01-19 03:30:40','2012-01-19 03:30:40'),(52,221,27,NULL,'2012-01-19 03:33:04','2012-01-19 03:33:04'),(53,221,42,NULL,'2012-01-19 03:33:04','2012-01-19 03:33:04'),(54,221,13,NULL,'2012-01-19 03:34:14','2012-01-19 03:34:14'),(55,221,11,NULL,'2012-01-19 03:34:14','2012-01-19 03:34:14');
/*!40000 ALTER TABLE `enclosures` ENABLE KEYS */;
UNLOCK TABLES;

--
-- Table structure for table `in_empires`
--

DROP TABLE IF EXISTS `in_empires`;
/*!40101 SET @saved_cs_client     = @@character_set_client */;
/*!40101 SET character_set_client = utf8 */;
CREATE TABLE `in_empires` (
  `id` int(11) NOT NULL AUTO_INCREMENT,
  `state_id` int(11) DEFAULT NULL,
  `empire_id` int(11) DEFAULT NULL,
  `start_year` int(11) DEFAULT NULL,
  `end_year` int(11) DEFAULT NULL,
  `notes` text,
  `created_at` datetime DEFAULT NULL,
  `updated_at` datetime DEFAULT NULL,
  PRIMARY KEY (`id`),
  KEY `state_id` (`state_id`),
  KEY `empire_id` (`empire_id`),
  CONSTRAINT `in_empires_ibfk_1` FOREIGN KEY (`state_id`) REFERENCES `states` (`id`),
  CONSTRAINT `in_empires_ibfk_2` FOREIGN KEY (`empire_id`) REFERENCES `empires` (`id`)
) ENGINE=InnoDB AUTO_INCREMENT=4 DEFAULT CHARSET=latin1;
/*!40101 SET character_set_client = @saved_cs_client */;

--
-- Dumping data for table `in_empires`
--

LOCK TABLES `in_empires` WRITE;
/*!40000 ALTER TABLE `in_empires` DISABLE KEYS */;
INSERT INTO `in_empires` VALUES (1,2,1,NULL,NULL,NULL,'2011-08-10 15:33:28','2011-08-10 15:33:28'),(2,1,1,NULL,NULL,NULL,'2011-08-10 15:33:28','2011-08-10 15:33:28'),(3,4,1,NULL,NULL,NULL,'2011-08-10 15:33:28','2011-08-10 15:33:28');
/*!40000 ALTER TABLE `in_empires` ENABLE KEYS */;
UNLOCK TABLES;

--
-- Table structure for table `in_regions`
--

DROP TABLE IF EXISTS `in_regions`;
/*!40101 SET @saved_cs_client     = @@character_set_client */;
/*!40101 SET character_set_client = utf8 */;
CREATE TABLE `in_regions` (
  `id` int(11) NOT NULL AUTO_INCREMENT,
  `location_id` int(11) DEFAULT NULL,
  `region_id` int(11) DEFAULT NULL,
  `notes` text,
  `created_at` datetime DEFAULT NULL,
  `updated_at` datetime DEFAULT NULL,
  PRIMARY KEY (`id`),
  KEY `location_id` (`location_id`),
  KEY `region_id` (`region_id`),
  CONSTRAINT `in_regions_ibfk_1` FOREIGN KEY (`location_id`) REFERENCES `locations` (`id`),
  CONSTRAINT `in_regions_ibfk_2` FOREIGN KEY (`region_id`) REFERENCES `regions` (`id`)
) ENGINE=InnoDB AUTO_INCREMENT=42 DEFAULT CHARSET=latin1;
/*!40101 SET character_set_client = @saved_cs_client */;

--
-- Dumping data for table `in_regions`
--

LOCK TABLES `in_regions` WRITE;
/*!40000 ALTER TABLE `in_regions` DISABLE KEYS */;
INSERT INTO `in_regions` VALUES (1,278,1,NULL,'2009-12-03 23:27:34','2009-12-03 23:27:34'),(2,277,1,NULL,'2009-12-03 23:28:20','2009-12-03 23:28:20'),(3,275,1,NULL,'2009-12-03 23:28:45','2009-12-03 23:28:45'),(4,294,1,NULL,'2009-12-03 23:29:06','2009-12-03 23:29:06'),(5,295,1,NULL,'2009-12-03 23:29:39','2009-12-03 23:29:39'),(6,288,1,NULL,'2009-12-03 23:30:09','2009-12-03 23:30:09'),(7,287,1,NULL,'2009-12-03 23:30:51','2009-12-03 23:30:51'),(8,284,1,NULL,'2009-12-03 23:31:08','2009-12-03 23:31:08'),(9,285,1,NULL,'2009-12-03 23:31:34','2009-12-03 23:31:34'),(10,283,1,NULL,'2009-12-03 23:31:50','2009-12-03 23:31:50'),(11,286,1,NULL,'2009-12-03 23:32:07','2009-12-03 23:32:07'),(12,330,1,NULL,'2009-12-03 23:32:34','2009-12-03 23:32:34'),(13,281,1,NULL,'2009-12-03 23:33:46','2009-12-03 23:33:46'),(14,282,1,NULL,'2009-12-03 23:34:09','2009-12-03 23:34:09'),(15,307,1,NULL,'2009-12-03 23:34:37','2009-12-03 23:34:37'),(16,308,1,NULL,'2009-12-03 23:34:53','2009-12-03 23:34:53'),(17,304,1,NULL,'2009-12-03 23:35:08','2009-12-03 23:35:08'),(18,312,1,NULL,'2009-12-03 23:36:10','2009-12-03 23:36:10'),(19,332,1,NULL,'2009-12-03 23:36:29','2009-12-03 23:36:29'),(20,313,1,NULL,'2009-12-03 23:36:47','2009-12-03 23:36:47'),(21,316,1,NULL,'2009-12-03 23:37:11','2009-12-03 23:37:11'),(22,293,1,NULL,'2009-12-03 23:37:35','2009-12-03 23:37:35'),(23,317,1,NULL,'2009-12-03 23:37:53','2009-12-03 23:37:53'),(24,314,1,NULL,'2009-12-03 23:38:10','2009-12-03 23:38:10'),(25,315,1,NULL,'2009-12-03 23:38:43','2009-12-03 23:38:43'),(26,310,1,NULL,'2009-12-03 23:39:13','2009-12-03 23:39:13'),(27,318,1,NULL,'2009-12-03 23:39:37','2009-12-03 23:39:37'),(28,320,1,NULL,'2009-12-03 23:40:05','2009-12-03 23:40:05'),(30,319,1,NULL,'2009-12-03 23:42:07','2009-12-03 23:42:07'),(31,301,1,NULL,'2009-12-03 23:42:49','2009-12-03 23:42:49'),(32,292,1,NULL,'2009-12-03 23:43:16','2009-12-03 23:43:16'),(33,300,1,NULL,'2009-12-03 23:44:23','2009-12-03 23:44:23'),(34,291,1,NULL,'2009-12-03 23:44:50','2009-12-03 23:44:50'),(35,289,1,NULL,'2009-12-03 23:45:07','2009-12-03 23:45:07'),(36,290,1,NULL,'2009-12-03 23:45:27','2009-12-03 23:45:27'),(37,299,1,NULL,'2009-12-03 23:45:49','2009-12-03 23:45:49'),(38,296,1,NULL,'2009-12-03 23:46:11','2009-12-03 23:46:11'),(39,297,1,NULL,'2009-12-03 23:46:31','2009-12-03 23:46:31'),(40,298,1,NULL,'2009-12-03 23:46:47','2009-12-03 23:46:47'),(41,276,1,NULL,'2009-12-03 23:47:41','2009-12-03 23:47:41');
/*!40000 ALTER TABLE `in_regions` ENABLE KEYS */;
UNLOCK TABLES;

--
-- Table structure for table `in_states`
--

DROP TABLE IF EXISTS `in_states`;
/*!40101 SET @saved_cs_client     = @@character_set_client */;
/*!40101 SET character_set_client = utf8 */;
CREATE TABLE `in_states` (
  `id` int(11) NOT NULL AUTO_INCREMENT,
  `location_id` int(11) DEFAULT NULL,
  `state_id` int(11) DEFAULT NULL,
  `start_year` int(11) DEFAULT NULL,
  `end_year` int(11) DEFAULT NULL,
  `notes` text,
  `created_at` datetime DEFAULT NULL,
  `updated_at` datetime DEFAULT NULL,
  PRIMARY KEY (`id`),
  KEY `location_id` (`location_id`),
  KEY `state_id` (`state_id`),
  CONSTRAINT `in_states_ibfk_1` FOREIGN KEY (`location_id`) REFERENCES `locations` (`id`),
  CONSTRAINT `in_states_ibfk_2` FOREIGN KEY (`state_id`) REFERENCES `states` (`id`)
) ENGINE=InnoDB AUTO_INCREMENT=232 DEFAULT CHARSET=latin1;
/*!40101 SET character_set_client = @saved_cs_client */;

--
-- Dumping data for table `in_states`
--

LOCK TABLES `in_states` WRITE;
/*!40000 ALTER TABLE `in_states` DISABLE KEYS */;
INSERT INTO `in_states` VALUES (40,302,60,NULL,NULL,NULL,'2009-03-18 16:11:00','2009-03-18 16:11:00'),(41,206,9,NULL,NULL,NULL,'2009-03-18 16:11:00','2009-03-18 16:11:00'),(42,263,30,NULL,NULL,NULL,'2009-03-18 16:11:00','2009-03-18 16:11:00'),(43,207,9,NULL,NULL,NULL,'2009-03-18 16:11:00','2009-03-18 16:11:00'),(44,229,11,NULL,NULL,NULL,'2009-03-18 16:11:00','2009-03-18 16:11:00'),(45,310,62,NULL,NULL,NULL,'2009-03-18 16:11:00','2009-03-18 16:11:00'),(46,289,49,NULL,NULL,NULL,'2009-03-18 16:11:00','2009-03-18 16:11:00'),(47,202,7,NULL,NULL,NULL,'2009-03-18 16:11:00','2009-03-18 16:11:00'),(48,183,5,NULL,NULL,NULL,'2009-03-18 16:11:00','2009-03-18 16:11:00'),(49,259,28,NULL,NULL,NULL,'2009-03-18 16:11:00','2009-03-18 16:11:00'),(50,283,46,NULL,NULL,NULL,'2009-03-18 16:11:00','2009-03-18 16:11:00'),(51,208,9,NULL,NULL,NULL,'2009-03-18 16:11:00','2009-03-18 16:11:00'),(52,209,9,NULL,NULL,NULL,'2009-03-18 16:11:00','2009-03-18 16:11:00'),(53,291,51,NULL,NULL,NULL,'2009-03-18 16:11:00','2009-03-18 16:11:00'),(54,271,37,NULL,NULL,NULL,'2009-03-18 16:11:00','2009-03-18 16:11:00'),(55,186,6,NULL,NULL,NULL,'2009-03-18 16:11:00','2009-03-18 16:11:00'),(56,180,4,NULL,NULL,NULL,'2009-03-18 16:11:00','2009-03-18 16:11:00'),(57,238,15,NULL,NULL,NULL,'2009-03-18 16:11:00','2009-03-18 16:11:00'),(58,167,1,NULL,NULL,NULL,'2009-03-18 16:11:00','2009-03-18 16:11:00'),(59,210,9,NULL,NULL,NULL,'2009-03-18 16:11:00','2009-03-18 16:11:00'),(60,311,62,NULL,NULL,NULL,'2009-03-18 16:11:00','2009-03-18 16:11:00'),(61,187,6,NULL,NULL,NULL,'2009-03-18 16:11:00','2009-03-18 16:11:00'),(62,246,20,NULL,NULL,NULL,'2009-03-18 16:11:00','2009-03-18 16:11:00'),(63,188,6,NULL,NULL,NULL,'2009-03-18 16:11:00','2009-03-18 16:11:00'),(64,292,52,NULL,NULL,NULL,'2009-03-18 16:11:00','2009-03-18 16:11:00'),(65,168,1,NULL,NULL,NULL,'2009-03-18 16:11:00','2009-03-18 16:11:00'),(66,329,72,NULL,NULL,NULL,'2009-03-18 16:11:00','2009-03-18 16:11:00'),(67,211,9,NULL,NULL,NULL,'2009-03-18 16:11:00','2009-03-18 16:11:00'),(68,248,22,NULL,NULL,NULL,'2009-03-18 16:11:00','2009-03-18 16:11:00'),(69,189,6,NULL,NULL,NULL,'2009-03-18 16:11:00','2009-03-18 16:11:00'),(70,267,34,NULL,NULL,NULL,'2009-03-18 16:11:00','2009-03-18 16:11:00'),(71,304,60,NULL,NULL,NULL,'2009-03-18 16:11:00','2009-03-18 16:11:00'),(72,273,39,NULL,NULL,NULL,'2009-03-18 16:11:00','2009-03-18 16:11:00'),(73,284,46,NULL,NULL,NULL,'2009-03-18 16:11:00','2009-03-18 16:11:00'),(74,266,33,NULL,NULL,NULL,'2009-03-18 16:11:00','2009-03-18 16:11:00'),(75,314,63,NULL,NULL,NULL,'2009-03-18 16:11:00','2009-03-18 16:11:00'),(76,176,2,NULL,NULL,NULL,'2009-03-18 16:11:00','2009-03-18 16:11:00'),(77,212,9,NULL,NULL,NULL,'2009-03-18 16:11:00','2009-03-18 16:11:00'),(78,332,62,NULL,NULL,NULL,'2009-03-18 16:11:00','2009-03-18 16:11:00'),(79,319,65,NULL,NULL,NULL,'2009-03-18 16:11:00','2009-03-18 16:11:00'),(80,190,6,NULL,NULL,NULL,'2009-03-18 16:11:00','2009-03-18 16:11:00'),(81,305,60,NULL,NULL,NULL,'2009-03-18 16:11:00','2009-03-18 16:11:00'),(82,235,13,NULL,NULL,NULL,'2009-03-18 16:11:00','2009-03-18 16:11:00'),(83,279,44,NULL,NULL,NULL,'2009-03-18 16:11:00','2009-03-18 16:11:00'),(84,257,27,NULL,NULL,NULL,'2009-03-18 16:11:00','2009-03-18 16:11:00'),(85,234,12,NULL,NULL,NULL,'2009-03-18 16:11:00','2009-03-18 16:11:00'),(86,181,4,NULL,NULL,NULL,'2009-03-18 16:11:00','2009-03-18 16:11:00'),(87,213,9,NULL,NULL,NULL,'2009-03-18 16:11:00','2009-03-18 16:11:00'),(88,169,1,NULL,NULL,NULL,'2009-03-18 16:11:00','2009-03-18 16:11:00'),(89,293,53,NULL,NULL,NULL,'2009-03-18 16:11:00','2009-03-18 16:11:00'),(90,318,64,NULL,NULL,NULL,'2009-03-18 16:11:00','2009-03-18 16:11:00'),(91,182,4,NULL,NULL,NULL,'2009-03-18 16:11:00','2009-03-18 16:11:00'),(92,191,6,NULL,NULL,NULL,'2009-03-18 16:11:00','2009-03-18 16:11:00'),(93,244,18,NULL,NULL,NULL,'2009-03-18 16:11:00','2009-03-18 16:11:00'),(94,170,1,NULL,NULL,NULL,'2009-03-18 16:11:00','2009-03-18 16:11:00'),(95,171,1,NULL,NULL,NULL,'2009-03-18 16:11:00','2009-03-18 16:11:00'),(96,224,75,NULL,NULL,NULL,'2009-03-18 16:11:00','2009-03-18 16:11:00'),(97,250,8,NULL,NULL,NULL,'2009-03-18 16:11:00','2009-03-18 16:11:00'),(98,225,74,NULL,NULL,NULL,'2009-03-18 16:11:00','2009-03-18 16:11:00'),(99,205,21,NULL,NULL,NULL,'2009-03-18 16:11:00','2009-03-18 16:11:00'),(100,205,22,NULL,NULL,NULL,'2009-03-18 16:11:00','2009-03-18 16:11:00'),(101,205,8,NULL,NULL,NULL,'2009-03-18 16:11:00','2009-03-18 16:11:00'),(102,203,7,NULL,NULL,NULL,'2009-03-18 16:11:00','2009-03-18 16:11:00'),(103,214,9,NULL,NULL,NULL,'2009-03-18 16:11:00','2009-03-18 16:11:00'),(104,178,3,NULL,NULL,NULL,'2009-03-18 16:11:00','2009-03-18 16:11:00'),(105,236,14,NULL,NULL,NULL,'2009-03-18 16:11:00','2009-03-18 16:11:00'),(106,309,61,NULL,NULL,NULL,'2009-03-18 16:11:00','2009-03-18 16:11:00'),(107,321,67,NULL,NULL,NULL,'2009-03-18 16:11:00','2009-03-18 16:11:00'),(108,275,41,NULL,NULL,NULL,'2009-03-18 16:11:00','2009-03-18 16:11:00'),(109,280,45,NULL,NULL,NULL,'2009-03-18 16:11:00','2009-03-18 16:11:00'),(110,192,6,NULL,NULL,NULL,'2009-03-18 16:11:00','2009-03-18 16:11:00'),(111,230,11,NULL,NULL,NULL,'2009-03-18 16:11:00','2009-03-18 16:11:00'),(112,274,40,NULL,NULL,NULL,'2009-03-18 16:11:00','2009-03-18 16:11:00'),(113,193,6,NULL,NULL,NULL,'2009-03-18 16:11:00','2009-03-18 16:11:00'),(114,286,47,NULL,NULL,NULL,'2009-03-18 16:11:00','2009-03-18 16:11:00'),(115,172,1,NULL,NULL,NULL,'2009-03-18 16:11:00','2009-03-18 16:11:00'),(116,194,6,NULL,NULL,NULL,'2009-03-18 16:11:00','2009-03-18 16:11:00'),(117,195,6,NULL,NULL,NULL,'2009-03-18 16:11:00','2009-03-18 16:11:00'),(118,315,63,NULL,NULL,NULL,'2009-03-18 16:11:00','2009-03-18 16:11:00'),(119,251,8,NULL,NULL,NULL,'2009-03-18 16:11:00','2009-03-18 16:11:00'),(120,179,3,NULL,NULL,NULL,'2009-03-18 16:11:00','2009-03-18 16:11:00'),(121,322,68,NULL,NULL,NULL,'2009-03-18 16:11:00','2009-03-18 16:11:00'),(122,226,10,NULL,NULL,NULL,'2009-03-18 16:11:00','2009-03-18 16:11:00'),(123,173,1,NULL,NULL,NULL,'2009-03-18 16:11:00','2009-03-18 16:11:00'),(124,166,1,NULL,NULL,NULL,'2009-03-18 16:11:00','2009-03-18 16:11:00'),(125,268,34,NULL,NULL,NULL,'2009-03-18 16:11:00','2009-03-18 16:11:00'),(126,215,9,NULL,NULL,NULL,'2009-03-18 16:11:00','2009-03-18 16:11:00'),(127,216,9,NULL,NULL,NULL,'2009-03-18 16:11:00','2009-03-18 16:11:00'),(128,272,38,NULL,NULL,NULL,'2009-03-18 16:11:00','2009-03-18 16:11:00'),(129,316,63,NULL,NULL,NULL,'2009-03-18 16:11:00','2009-03-18 16:11:00'),(130,323,69,NULL,NULL,NULL,'2009-03-18 16:11:00','2009-03-18 16:11:00'),(131,260,29,NULL,NULL,NULL,'2009-03-18 16:11:00','2009-03-18 16:11:00'),(132,196,6,NULL,NULL,NULL,'2009-03-18 16:11:00','2009-03-18 16:11:00'),(133,281,45,NULL,NULL,NULL,'2009-03-18 16:11:00','2009-03-18 16:11:00'),(134,253,25,NULL,NULL,NULL,'2009-03-18 16:11:00','2009-03-18 16:11:00'),(135,306,60,NULL,NULL,NULL,'2009-03-18 16:11:00','2009-03-18 16:11:00'),(136,177,2,NULL,NULL,NULL,'2009-03-18 16:11:00','2009-03-18 16:11:00'),(137,261,29,NULL,NULL,NULL,'2009-03-18 16:11:00','2009-03-18 16:11:00'),(138,328,71,NULL,NULL,NULL,'2009-03-18 16:11:00','2009-03-18 16:11:00'),(139,197,6,NULL,NULL,NULL,'2009-03-18 16:11:00','2009-03-18 16:11:00'),(140,198,6,NULL,NULL,NULL,'2009-03-18 16:11:00','2009-03-18 16:11:00'),(141,254,25,NULL,NULL,NULL,'2009-03-18 16:11:00','2009-03-18 16:11:00'),(142,294,54,NULL,NULL,NULL,'2009-03-18 16:11:00','2009-03-18 16:11:00'),(143,278,43,NULL,NULL,NULL,'2009-03-18 16:11:00','2009-03-18 16:11:00'),(144,243,17,NULL,NULL,NULL,'2009-03-18 16:11:00','2009-03-18 16:11:00'),(145,227,10,NULL,NULL,NULL,'2009-03-18 16:11:00','2009-03-18 16:11:00'),(146,217,76,NULL,NULL,NULL,'2009-03-18 16:11:00','2009-03-18 16:11:00'),(147,204,7,NULL,NULL,NULL,'2009-03-18 16:11:00','2009-03-18 16:11:00'),(148,255,25,NULL,NULL,NULL,'2009-03-18 16:11:00','2009-03-18 16:11:00'),(149,218,77,NULL,NULL,NULL,'2009-03-18 16:11:00','2009-03-18 16:11:00'),(150,312,62,NULL,NULL,NULL,'2009-03-18 16:11:00','2009-03-18 16:11:00'),(151,320,66,NULL,NULL,NULL,'2009-03-18 16:11:00','2009-03-18 16:11:00'),(152,199,6,NULL,NULL,NULL,'2009-03-18 16:11:00','2009-03-18 16:11:00'),(153,324,69,NULL,NULL,NULL,'2009-03-18 16:11:00','2009-03-18 16:11:00'),(154,174,1,NULL,NULL,NULL,'2009-03-18 16:11:00','2009-03-18 16:11:00'),(155,287,48,NULL,NULL,NULL,'2009-03-18 16:11:00','2009-03-18 16:11:00'),(156,175,1,NULL,NULL,NULL,'2009-03-18 16:11:00','2009-03-18 16:11:00'),(157,269,35,NULL,NULL,NULL,'2009-03-18 16:11:00','2009-03-18 16:11:00'),(158,285,46,NULL,NULL,NULL,'2009-03-18 16:11:01','2009-03-18 16:11:01'),(159,317,63,NULL,NULL,NULL,'2009-03-18 16:11:01','2009-03-18 16:11:01'),(160,219,9,NULL,NULL,NULL,'2009-03-18 16:11:01','2009-03-18 16:11:01'),(161,270,36,NULL,NULL,NULL,'2009-03-18 16:11:01','2009-03-18 16:11:01'),(162,239,15,NULL,NULL,NULL,'2009-03-18 16:11:01','2009-03-18 16:11:01'),(163,184,5,NULL,NULL,NULL,'2009-03-18 16:11:01','2009-03-18 16:11:01'),(164,325,69,NULL,NULL,NULL,'2009-03-18 16:11:01','2009-03-18 16:11:01'),(165,200,6,NULL,NULL,NULL,'2009-03-18 16:11:01','2009-03-18 16:11:01'),(166,252,24,NULL,NULL,NULL,'2009-03-18 16:11:01','2009-03-18 16:11:01'),(167,231,11,NULL,NULL,NULL,'2009-03-18 16:11:01','2009-03-18 16:11:01'),(168,201,6,NULL,NULL,NULL,'2009-03-18 16:11:01','2009-03-18 16:11:01'),(169,326,69,NULL,NULL,NULL,'2009-03-18 16:11:01','2009-03-18 16:11:01'),(170,288,48,NULL,NULL,NULL,'2009-03-18 16:11:01','2009-03-18 16:11:01'),(171,220,9,NULL,NULL,NULL,'2009-03-18 16:11:01','2009-03-18 16:11:01'),(172,313,62,NULL,NULL,NULL,'2009-03-18 16:11:01','2009-03-18 16:11:01'),(173,221,9,NULL,NULL,NULL,'2009-03-18 16:11:01','2009-03-18 16:11:01'),(174,228,73,NULL,NULL,NULL,'2009-03-18 16:11:01','2009-03-18 16:11:01'),(175,331,70,NULL,NULL,NULL,'2009-03-18 16:11:01','2009-03-18 16:11:01'),(176,330,45,NULL,NULL,NULL,'2009-03-18 16:11:01','2009-03-18 16:11:01'),(177,245,19,NULL,NULL,NULL,'2009-03-18 16:11:01','2009-03-18 16:11:01'),(178,258,27,NULL,NULL,NULL,'2009-03-18 16:11:01','2009-03-18 16:11:01'),(179,277,42,NULL,NULL,NULL,'2009-03-18 16:11:01','2009-03-18 16:11:01'),(180,296,55,NULL,NULL,NULL,'2009-03-18 16:11:01','2009-03-18 16:11:01'),(181,297,56,NULL,NULL,NULL,'2009-03-18 16:11:01','2009-03-18 16:11:01'),(182,299,57,NULL,NULL,NULL,'2009-03-18 16:11:01','2009-03-18 16:11:01'),(183,276,41,NULL,NULL,NULL,'2009-03-18 16:11:01','2009-03-18 16:11:01'),(185,290,50,NULL,NULL,NULL,'2009-03-18 16:11:01','2009-03-18 16:11:01'),(186,185,5,NULL,NULL,NULL,'2009-03-18 16:11:01','2009-03-18 16:11:01'),(187,300,58,NULL,NULL,NULL,'2009-03-18 16:11:01','2009-03-18 16:11:01'),(188,298,56,NULL,NULL,NULL,'2009-03-18 16:11:01','2009-03-18 16:11:01'),(189,237,14,NULL,NULL,NULL,'2009-03-18 16:11:01','2009-03-18 16:11:01'),(190,307,60,NULL,NULL,NULL,'2009-03-18 16:11:01','2009-03-18 16:11:01'),(191,262,29,NULL,NULL,NULL,'2009-03-18 16:11:01','2009-03-18 16:11:01'),(192,222,9,NULL,NULL,NULL,'2009-03-18 16:11:01','2009-03-18 16:11:01'),(193,223,76,NULL,NULL,NULL,'2009-03-18 16:11:01','2009-03-18 16:11:01'),(194,232,11,NULL,NULL,NULL,'2009-03-18 16:11:01','2009-03-18 16:11:01'),(195,233,11,NULL,NULL,NULL,'2009-03-18 16:11:01','2009-03-18 16:11:01'),(196,241,16,NULL,NULL,NULL,'2009-03-18 16:11:01','2009-03-18 16:11:01'),(197,282,45,NULL,NULL,NULL,'2009-03-18 16:11:01','2009-03-18 16:11:01'),(198,301,59,NULL,NULL,NULL,'2009-03-18 16:11:01','2009-03-18 16:11:01'),(199,265,32,NULL,NULL,NULL,'2009-03-18 16:11:01','2009-03-18 16:11:01'),(200,264,31,NULL,NULL,NULL,'2009-03-18 16:11:01','2009-03-18 16:11:01'),(201,249,22,NULL,NULL,NULL,'2009-03-18 16:11:01','2009-03-18 16:11:01'),(202,295,54,NULL,NULL,NULL,'2009-03-18 16:11:01','2009-03-18 16:11:01'),(203,256,26,NULL,NULL,NULL,'2009-03-18 16:11:01','2009-03-18 16:11:01'),(204,327,70,NULL,NULL,NULL,'2009-03-18 16:11:01','2009-03-18 16:11:01'),(205,242,16,NULL,NULL,NULL,'2009-03-18 16:11:01','2009-03-18 16:11:01'),(206,308,60,NULL,NULL,NULL,'2009-03-18 16:11:01','2009-03-18 16:11:01'),(207,333,78,NULL,NULL,NULL,'2011-02-25 03:35:52','2011-02-25 03:35:52'),(208,334,78,NULL,NULL,'Formerly part of Braintree, MA.  Quincy was created in 1792.','2011-02-25 03:44:37','2011-02-25 03:44:37'),(209,335,80,NULL,NULL,NULL,'2011-03-08 23:25:29','2011-03-08 23:25:29'),(210,336,83,NULL,NULL,NULL,'2011-12-31 03:41:51','2011-12-31 03:41:51'),(211,337,83,NULL,NULL,NULL,'2012-01-04 18:18:09','2012-01-04 18:18:09'),(212,338,82,NULL,NULL,NULL,'2012-01-16 00:02:57','2012-01-16 02:29:04'),(213,339,82,NULL,NULL,NULL,'2012-01-16 02:30:09','2012-01-16 02:30:09'),(214,342,82,NULL,NULL,NULL,'2012-01-16 19:15:40','2012-01-16 19:15:40'),(215,343,85,NULL,NULL,NULL,'2012-01-16 19:31:31','2012-01-16 19:31:31'),(216,344,86,NULL,NULL,NULL,'2012-01-16 22:37:47','2012-01-16 22:37:47'),(217,345,81,NULL,NULL,NULL,'2012-01-17 01:22:14','2012-01-17 01:22:14'),(218,346,79,NULL,NULL,NULL,'2012-01-17 01:28:08','2012-01-17 01:28:08'),(219,348,87,NULL,NULL,NULL,'2012-01-17 04:42:52','2012-01-17 04:42:52'),(220,349,11,NULL,NULL,NULL,'2012-01-17 20:36:08','2012-01-17 20:36:08'),(221,350,1,NULL,NULL,NULL,'2012-01-17 20:52:26','2012-01-17 20:52:26'),(222,351,1,NULL,NULL,NULL,'2012-01-17 21:09:04','2012-01-17 21:09:04'),(223,352,1,NULL,NULL,NULL,'2012-01-17 21:12:38','2012-01-17 21:12:38'),(224,353,3,NULL,NULL,NULL,'2012-01-17 21:15:38','2012-01-17 21:15:38'),(225,354,1,NULL,NULL,NULL,'2012-01-18 00:53:57','2012-01-18 00:53:57'),(226,356,82,NULL,NULL,NULL,'2012-01-18 01:36:52','2012-01-18 01:36:52'),(227,357,1,NULL,NULL,NULL,'2012-01-18 02:13:54','2012-01-18 02:13:54'),(228,358,4,NULL,NULL,NULL,'2012-01-18 02:56:39','2012-01-18 02:56:39'),(229,359,3,NULL,NULL,NULL,'2012-01-18 03:09:29','2012-01-18 03:09:29'),(230,360,1,NULL,NULL,NULL,'2012-01-19 19:27:32','2012-01-19 19:27:32'),(231,355,1,NULL,NULL,NULL,'2012-04-20 14:17:37','2012-04-20 14:17:37');
/*!40000 ALTER TABLE `in_states` ENABLE KEYS */;
UNLOCK TABLES;

--
-- Table structure for table `individuals`
--

DROP TABLE IF EXISTS `individuals`;
/*!40101 SET @saved_cs_client     = @@character_set_client */;
/*!40101 SET character_set_client = utf8 */;
CREATE TABLE `individuals` (
  `id` int(11) NOT NULL AUTO_INCREMENT,
  `name` varchar(255) DEFAULT NULL,
  `sex` varchar(255) DEFAULT NULL,
  `birth_date` date DEFAULT NULL,
  `death_date` date DEFAULT NULL,
  `state_id` int(11) DEFAULT NULL,
  `notes` text,
  `created_at` datetime DEFAULT NULL,
  `updated_at` datetime DEFAULT NULL,
  `sort_name` varchar(255) DEFAULT NULL,
  `american` tinyint(1) DEFAULT NULL,
  `birth_day_known` tinyint(1) DEFAULT NULL,
  `birth_month_known` tinyint(1) DEFAULT NULL,
  `birth_year_known` tinyint(1) DEFAULT NULL,
  `death_day_known` tinyint(1) DEFAULT NULL,
  `death_month_known` tinyint(1) DEFAULT NULL,
  `death_year_known` tinyint(1) DEFAULT NULL,
  PRIMARY KEY (`id`),
  KEY `state_id` (`state_id`),
  CONSTRAINT `individuals_ibfk_1` FOREIGN KEY (`state_id`) REFERENCES `states` (`id`)
) ENGINE=InnoDB AUTO_INCREMENT=655 DEFAULT CHARSET=latin1;
/*!40101 SET character_set_client = @saved_cs_client */;

--
-- Dumping data for table `individuals`
--

LOCK TABLES `individuals` WRITE;
/*!40000 ALTER TABLE `individuals` DISABLE KEYS */;
INSERT INTO `individuals` VALUES (1,'John Adams','male','1735-10-30','1826-07-04',78,NULL,'2009-03-17 22:45:15','2010-02-12 20:44:20','adamsjohn',1,1,1,1,1,1,1),(2,'Francis Dana','male',NULL,NULL,78,NULL,'2009-03-17 22:45:15','2011-09-23 22:08:12','danafrancis',1,NULL,NULL,NULL,NULL,NULL,NULL),(3,'Benjamin Franklin','male','1706-01-17','1790-04-17',NULL,NULL,'2009-03-17 22:45:15','2010-10-05 03:01:40','franklinbenjamin',1,1,1,1,1,1,1),(4,'William S. Smith','male',NULL,NULL,NULL,NULL,'2009-03-17 22:45:15','2009-11-23 16:20:07','smithwilliams.',1,NULL,NULL,NULL,NULL,NULL,NULL),(5,'Gouverneur Morris','male',NULL,NULL,NULL,NULL,'2009-03-17 22:45:15','2009-11-23 16:20:07','morrisgouverneur',1,NULL,NULL,NULL,NULL,NULL,NULL),(6,'Thomas Pinckney','male',NULL,NULL,NULL,NULL,'2009-03-17 22:45:15','2009-11-23 16:20:07','pinckneythomas',1,NULL,NULL,NULL,NULL,NULL,NULL),(7,'John Jay','male','1745-12-12','1829-05-17',82,NULL,'2009-03-17 22:45:15','2011-12-14 16:17:28','jayjohn',1,1,1,1,1,1,1),(8,'Rufus King','male',NULL,NULL,NULL,NULL,'2009-03-17 22:45:15','2009-11-23 16:20:07','kingrufus',1,NULL,NULL,NULL,NULL,NULL,NULL),(9,'Christopher Gore','male',NULL,NULL,NULL,NULL,'2009-03-17 22:45:15','2009-11-23 16:20:07','gorechristopher',1,NULL,NULL,NULL,NULL,NULL,NULL),(10,'James Monroe','male','1758-04-28','1831-07-04',NULL,NULL,'2009-03-17 22:45:15','2010-02-12 20:43:53','monroejames',1,1,1,1,1,1,1),(11,'William Pinkney','male',NULL,NULL,NULL,NULL,'2009-03-17 22:45:15','2009-11-23 16:20:07','pinkneywilliam',1,NULL,NULL,NULL,NULL,NULL,NULL),(12,'John Spear Smith','male',NULL,NULL,NULL,NULL,'2009-03-17 22:45:15','2009-11-23 16:20:07','smithjohnspear',1,NULL,NULL,NULL,NULL,NULL,NULL),(13,'Jonathan Russell','male',NULL,NULL,NULL,NULL,'2009-03-17 22:45:15','2009-11-23 16:20:07','russelljonathan',1,NULL,NULL,NULL,NULL,NULL,NULL),(14,'John Quincy Adams','male','1767-07-11','1848-02-23',78,NULL,'2009-03-17 22:45:15','2010-02-12 20:42:26','adamsjohnquincy',1,1,1,1,1,1,1),(15,'John Adams Smith','male',NULL,NULL,NULL,NULL,'2009-03-17 22:45:15','2009-11-23 16:20:07','smithjohnadams',1,NULL,NULL,NULL,NULL,NULL,NULL),(16,'Richard Rush','male',NULL,NULL,NULL,NULL,'2009-03-17 22:45:15','2009-11-23 16:20:07','rushrichard',1,NULL,NULL,NULL,NULL,NULL,NULL),(17,'Albert Gallatin','male',NULL,NULL,NULL,NULL,'2009-03-17 22:45:15','2009-11-23 16:20:07','gallatinalbert',1,NULL,NULL,NULL,NULL,NULL,NULL),(18,'Henry Middleton','male',NULL,NULL,NULL,NULL,'2009-03-17 22:45:15','2009-11-23 16:20:07','middletonhenry',1,NULL,NULL,NULL,NULL,NULL,NULL),(19,'Alexander Mcrae','male',NULL,NULL,NULL,NULL,'2009-03-17 22:45:15','2009-11-23 16:20:07','mcraealexander',1,NULL,NULL,NULL,NULL,NULL,NULL),(20,'John A. King','male',NULL,NULL,NULL,NULL,'2009-03-17 22:45:15','2009-11-23 16:20:07','kingjohna.',1,NULL,NULL,NULL,NULL,NULL,NULL),(21,'Joshua Johnson','male',NULL,NULL,NULL,NULL,'2009-03-17 22:45:15','2009-11-23 16:20:07','johnsonjoshua',1,NULL,NULL,NULL,NULL,NULL,NULL),(22,'Samuel Williams','male',NULL,NULL,NULL,NULL,'2009-03-17 22:45:15','2009-11-23 16:20:07','williamssamuel',1,NULL,NULL,NULL,NULL,NULL,NULL),(23,'George W. Erving','male',NULL,NULL,NULL,NULL,'2009-03-17 22:45:15','2009-11-23 16:20:07','ervinggeorgew.',1,NULL,NULL,NULL,NULL,NULL,NULL),(24,'William Lyman','male',NULL,NULL,NULL,NULL,'2009-03-17 22:45:15','2009-11-23 16:20:07','lymanwilliam',1,NULL,NULL,NULL,NULL,NULL,NULL),(25,'Reuben Gaunt Beasley','male',NULL,NULL,NULL,NULL,'2009-03-17 22:45:15','2009-11-23 16:20:07','beasleyreubengaunt',1,NULL,NULL,NULL,NULL,NULL,NULL),(26,'Thomas Aspinwall','male',NULL,NULL,NULL,NULL,'2009-03-17 22:45:15','2009-11-23 16:20:07','aspinwallthomas',1,NULL,NULL,NULL,NULL,NULL,NULL),(27,'Stephen Wilcocks','male',NULL,NULL,NULL,NULL,'2009-03-17 22:45:15','2009-11-23 16:20:58','wilcocksstephen',0,NULL,NULL,NULL,NULL,NULL,NULL),(28,'Elias Vanderhorst','male',NULL,NULL,NULL,NULL,'2009-03-17 22:45:15','2009-11-23 16:20:07','vanderhorstelias',1,NULL,NULL,NULL,NULL,NULL,NULL),(29,'Richard Hart Davis','male',NULL,NULL,NULL,NULL,'2009-03-17 22:45:15','2009-11-23 16:20:58','davisrichardhart',0,NULL,NULL,NULL,NULL,NULL,NULL),(30,'Thomas Cooper Vanderhorst','male',NULL,NULL,NULL,NULL,'2009-03-17 22:45:15','2009-11-23 16:20:07','vanderhorstthomascooper',1,NULL,NULL,NULL,NULL,NULL,NULL),(31,'Richard Vigor','male',NULL,NULL,NULL,NULL,'2009-03-17 22:45:15','2009-11-23 16:20:07','vigorrichard',1,NULL,NULL,NULL,NULL,NULL,NULL),(32,'Herman Visger','male',NULL,NULL,NULL,NULL,'2009-03-17 22:45:15','2009-11-23 16:20:07','visgerherman',1,NULL,NULL,NULL,NULL,NULL,NULL),(33,'Thomas Audjo','male',NULL,NULL,NULL,NULL,'2009-03-17 22:45:15','2009-11-23 16:20:58','audjothomas',0,NULL,NULL,NULL,NULL,NULL,NULL),(34,'Robert R. Hunter','male',NULL,NULL,NULL,NULL,'2009-03-17 22:45:15','2009-11-23 16:20:07','hunterrobertr.',1,NULL,NULL,NULL,NULL,NULL,NULL),(35,'Edmund Granger','male',NULL,NULL,NULL,NULL,'2009-03-17 22:45:15','2009-11-23 16:20:58','grangeredmund',0,NULL,NULL,NULL,NULL,NULL,NULL),(36,'Samuel Banfil','male',NULL,NULL,NULL,NULL,'2009-03-17 22:45:15','2009-11-23 16:20:58','banfilsamuel',0,NULL,NULL,NULL,NULL,NULL,NULL),(37,'Edward Fox','male',NULL,NULL,NULL,NULL,'2009-03-17 22:45:15','2009-11-23 16:20:58','foxedward',0,NULL,NULL,NULL,NULL,NULL,NULL),(38,'Robert Were Fox','male',NULL,NULL,NULL,NULL,'2009-03-17 22:45:15','2009-11-23 16:20:58','foxrobertwere',0,NULL,NULL,NULL,NULL,NULL,NULL),(39,'Robert Were Fox  Jr.','male',NULL,NULL,NULL,NULL,'2009-03-17 22:45:15','2009-11-23 16:20:58','foxrobertwere',0,NULL,NULL,NULL,NULL,NULL,NULL),(40,'Knox. george','male',NULL,NULL,NULL,NULL,'2009-03-17 22:45:15','2009-11-23 16:20:58','knox.george',0,NULL,NULL,NULL,NULL,NULL,NULL),(41,'William Davy','male',NULL,NULL,NULL,NULL,'2009-03-17 22:45:15','2009-11-23 16:20:07','davywilliam',1,NULL,NULL,NULL,NULL,NULL,NULL),(42,'James Maury','male',NULL,NULL,NULL,NULL,'2009-03-17 22:45:15','2009-11-23 16:20:07','mauryjames',1,NULL,NULL,NULL,NULL,NULL,NULL),(43,'John Hawker','male',NULL,NULL,NULL,NULL,'2009-03-17 22:45:15','2009-11-23 16:20:58','hawkerjohn',0,NULL,NULL,NULL,NULL,NULL,NULL),(44,'Nicholas G. Ingraham','male',NULL,NULL,NULL,NULL,'2009-03-17 22:45:15','2009-11-23 16:20:58','ingrahamnicholasg.',0,NULL,NULL,NULL,NULL,NULL,NULL),(45,'Thomas Were Fox','male',NULL,NULL,NULL,NULL,'2009-03-17 22:45:15','2009-11-23 16:20:58','foxthomaswere',0,NULL,NULL,NULL,NULL,NULL,NULL),(46,'Thomas Auldis','male',NULL,NULL,NULL,NULL,'2009-03-17 22:45:15','2009-11-23 16:20:58','auldisthomas',0,NULL,NULL,NULL,NULL,NULL,NULL),(47,'Thomas Morris','male',NULL,NULL,NULL,NULL,'2009-03-17 22:45:15','2009-11-23 16:20:58','morristhomas',0,NULL,NULL,NULL,NULL,NULL,NULL),(48,'William Morris','male',NULL,NULL,NULL,NULL,'2009-03-17 22:45:15','2009-11-23 16:20:58','morriswilliam',0,NULL,NULL,NULL,NULL,NULL,NULL),(49,'Hugh Falconer','male',NULL,NULL,NULL,NULL,'2009-03-17 22:45:15','2009-11-23 16:20:58','falconerhugh',0,NULL,NULL,NULL,NULL,NULL,NULL),(50,'Timothy Folger','male',NULL,NULL,NULL,NULL,'2009-03-17 22:45:15','2009-11-23 16:20:58','folgertimothy',0,NULL,NULL,NULL,NULL,NULL,NULL),(51,'Benjamin Rotch','male',NULL,NULL,NULL,NULL,'2009-03-17 22:45:15','2009-11-23 16:20:58','rotchbenjamin',0,NULL,NULL,NULL,NULL,NULL,NULL),(52,'John J. Murray','male',NULL,NULL,NULL,NULL,'2009-03-17 22:45:15','2009-11-23 16:20:07','murrayjohnj.',1,NULL,NULL,NULL,NULL,NULL,NULL),(53,'Harvey Strong','male',NULL,NULL,NULL,NULL,'2009-03-17 22:45:15','2009-11-23 16:20:07','strongharvey',1,NULL,NULL,NULL,NULL,NULL,NULL),(54,'David Walker','male',NULL,NULL,NULL,NULL,'2009-03-17 22:45:15','2009-11-23 16:20:07','walkerdavid',1,NULL,NULL,NULL,NULL,NULL,NULL),(55,'Harry Grant','male',NULL,NULL,NULL,NULL,'2009-03-17 22:45:15','2009-11-23 16:20:07','grantharry',1,NULL,NULL,NULL,NULL,NULL,NULL),(56,'Joel Hart','male',NULL,NULL,NULL,NULL,'2009-03-17 22:45:15','2009-11-23 16:20:07','hartjoel',1,NULL,NULL,NULL,NULL,NULL,NULL),(57,'James Holmes','male',NULL,NULL,NULL,NULL,'2009-03-17 22:45:15','2009-11-23 16:20:58','holmesjames',0,NULL,NULL,NULL,NULL,NULL,NULL),(58,'William Phelps','male',NULL,NULL,NULL,NULL,'2009-03-17 22:45:15','2009-11-23 16:20:07','phelpswilliam',1,NULL,NULL,NULL,NULL,NULL,NULL),(59,'James Luke','male',NULL,NULL,NULL,NULL,'2009-03-17 22:45:15','2009-11-23 16:20:58','lukejames',0,NULL,NULL,NULL,NULL,NULL,NULL),(60,'Samuel Luke','male',NULL,NULL,NULL,NULL,'2009-03-17 22:45:15','2009-11-23 16:20:58','lukesamuel',0,NULL,NULL,NULL,NULL,NULL,NULL),(61,'John Church','male',NULL,NULL,NULL,NULL,'2009-03-17 22:45:15','2009-11-23 16:20:07','churchjohn',1,NULL,NULL,NULL,NULL,NULL,NULL),(62,'Michael Hogan','male',NULL,NULL,NULL,NULL,'2009-03-17 22:45:15','2009-11-23 16:20:07','hoganmichael',1,NULL,NULL,NULL,NULL,NULL,NULL),(63,'Jacob Mark','male',NULL,NULL,NULL,NULL,'2009-03-17 22:45:15','2009-11-23 16:20:07','markjacob',1,NULL,NULL,NULL,NULL,NULL,NULL),(64,'William Knox','male',NULL,NULL,NULL,NULL,'2009-03-17 22:45:15','2009-11-23 16:20:07','knoxwilliam',1,NULL,NULL,NULL,NULL,NULL,NULL),(65,'Joseph Wilson','male',NULL,NULL,NULL,NULL,'2009-03-17 22:45:15','2009-11-23 16:20:07','wilsonjoseph',1,NULL,NULL,NULL,NULL,NULL,NULL),(66,'Thomas English','male',NULL,NULL,NULL,NULL,'2009-03-17 22:45:15','2009-11-23 16:20:07','englishthomas',1,NULL,NULL,NULL,NULL,NULL,NULL),(67,'Samuel Hazard','male',NULL,NULL,NULL,NULL,'2009-03-17 22:45:15','2009-11-23 16:20:07','hazardsamuel',1,NULL,NULL,NULL,NULL,NULL,NULL),(68,'Mordecai M. Noah','male',NULL,NULL,NULL,NULL,'2009-03-17 22:45:15','2009-11-23 16:20:07','noahmordecaim.',1,NULL,NULL,NULL,NULL,NULL,NULL),(69,'Edward Wyer','male',NULL,NULL,NULL,NULL,'2009-03-17 22:45:15','2009-11-23 16:20:07','wyeredward',1,NULL,NULL,NULL,NULL,NULL,NULL),(70,'Moses M. Russell','male',NULL,NULL,NULL,NULL,'2009-03-17 22:45:15','2009-11-23 16:20:07','russellmosesm.',1,NULL,NULL,NULL,NULL,NULL,NULL),(71,'John Miller Russell','male',NULL,NULL,NULL,NULL,'2009-03-17 22:45:16','2009-11-23 16:20:07','russelljohnmiller',1,NULL,NULL,NULL,NULL,NULL,NULL),(72,'Levitt Harris','male',NULL,NULL,NULL,NULL,'2009-03-17 22:45:16','2009-11-23 16:20:07','harrislevitt',1,NULL,NULL,NULL,NULL,NULL,NULL),(73,'John S. Smith','male',NULL,NULL,NULL,NULL,'2009-03-17 22:45:16','2009-11-23 16:20:07','smithjohns.',1,NULL,NULL,NULL,NULL,NULL,NULL),(74,'William Steuben Smith','male',NULL,NULL,NULL,NULL,'2009-03-17 22:45:16','2009-11-23 16:20:07','smithwilliamsteuben',1,NULL,NULL,NULL,NULL,NULL,NULL),(75,'James E. Bayard','male',NULL,NULL,NULL,NULL,'2009-03-17 22:45:16','2009-11-23 16:20:07','bayardjamese.',1,NULL,NULL,NULL,NULL,NULL,NULL),(76,'Edward Coles','male',NULL,NULL,NULL,NULL,'2009-03-17 22:45:16','2009-11-23 16:20:07','colesedward',1,NULL,NULL,NULL,NULL,NULL,NULL),(77,'William R. D. King','male',NULL,NULL,NULL,NULL,'2009-03-17 22:45:16','2009-11-23 16:20:07','kingwilliamr.d.',1,NULL,NULL,NULL,NULL,NULL,NULL),(78,'John Levitt Harris','male',NULL,NULL,NULL,NULL,'2009-03-17 22:45:16','2009-11-23 16:20:07','harrisjohnlevitt',1,NULL,NULL,NULL,NULL,NULL,NULL),(79,'George Washington Campbell','male',NULL,NULL,NULL,NULL,'2009-03-17 22:45:16','2009-11-23 16:20:07','campbellgeorgewashington',1,NULL,NULL,NULL,NULL,NULL,NULL),(80,'Charles Pinkney','male',NULL,NULL,NULL,NULL,'2009-03-17 22:45:16','2009-11-23 16:20:07','pinkneycharles',1,NULL,NULL,NULL,NULL,NULL,NULL),(81,'Abraham P. Gibson','male',NULL,NULL,NULL,NULL,'2009-03-17 22:45:16','2009-11-23 16:20:07','gibsonabrahamp.',1,NULL,NULL,NULL,NULL,NULL,NULL),(82,'Joseph Lamoliatte','male',NULL,NULL,NULL,NULL,'2009-03-17 22:45:16','2009-11-23 16:20:58','lamoliattejoseph',0,NULL,NULL,NULL,NULL,NULL,NULL),(83,'Pte. Lanne','male',NULL,NULL,NULL,NULL,'2009-03-17 22:45:16','2009-11-23 16:20:58','lannepte.',0,NULL,NULL,NULL,NULL,NULL,NULL),(84,'John Bondfield','male',NULL,NULL,NULL,NULL,'2009-03-17 22:45:16','2009-11-23 16:20:07','bondfieldjohn',1,NULL,NULL,NULL,NULL,NULL,NULL),(85,'Joseph Fenwick','male',NULL,NULL,NULL,NULL,'2009-03-17 22:45:16','2009-11-23 16:20:07','fenwickjoseph',1,NULL,NULL,NULL,NULL,NULL,NULL),(86,'Jonathan Jones','male',NULL,NULL,NULL,NULL,'2009-03-17 22:45:16','2009-11-23 16:20:07','jonesjonathan',1,NULL,NULL,NULL,NULL,NULL,NULL),(87,'Thomas Crafts','male',NULL,NULL,NULL,NULL,'2009-03-17 22:45:16','2009-11-23 16:20:07','craftsthomas',1,NULL,NULL,NULL,NULL,NULL,NULL),(88,'Isaac Cox Barnet','male',NULL,NULL,NULL,NULL,'2009-03-17 22:45:16','2009-11-23 16:20:07','barnetisaaccox',1,NULL,NULL,NULL,NULL,NULL,NULL),(89,'Theodore Peters','male',NULL,NULL,NULL,NULL,'2009-03-17 22:45:16','2009-11-23 16:20:07','peterstheodore',1,NULL,NULL,NULL,NULL,NULL,NULL),(90,'William (b) Lee','male',NULL,NULL,NULL,NULL,'2009-03-17 22:45:16','2009-11-23 16:20:07','leewilliam(b)',1,NULL,NULL,NULL,NULL,NULL,NULL),(91,'Christopher Meyer','male',NULL,NULL,NULL,NULL,'2009-03-17 22:45:16','2009-11-23 16:20:07','meyerchristopher',1,NULL,NULL,NULL,NULL,NULL,NULL),(92,'William Bass','male',NULL,NULL,NULL,NULL,'2009-03-17 22:45:16','2009-11-23 16:20:58','basswilliam',0,NULL,NULL,NULL,NULL,NULL,NULL),(93,'Daniel Strobel','male',NULL,NULL,NULL,NULL,'2009-03-17 22:45:16','2009-11-23 16:20:07','strobeldaniel',1,NULL,NULL,NULL,NULL,NULL,NULL),(94,'George Strobel','male',NULL,NULL,NULL,NULL,'2009-03-17 22:45:16','2009-11-23 16:20:07','strobelgeorge',1,NULL,NULL,NULL,NULL,NULL,NULL),(95,'Aubree','male',NULL,NULL,NULL,NULL,'2009-03-17 22:45:16','2009-11-23 16:20:58','aubree',0,NULL,NULL,NULL,NULL,NULL,NULL),(96,'John James Appleton','male',NULL,NULL,NULL,NULL,'2009-03-17 22:45:16','2009-11-23 16:20:07','appletonjohnjames',1,NULL,NULL,NULL,NULL,NULL,NULL),(97,'Jacques Levuex','male',NULL,NULL,NULL,NULL,'2009-03-17 22:45:16','2009-11-23 16:20:58','levuexjacques',0,NULL,NULL,NULL,NULL,NULL,NULL),(98,'James Collet','male',NULL,NULL,NULL,NULL,'2009-03-17 22:45:16','2009-11-23 16:20:07','colletjames',1,NULL,NULL,NULL,NULL,NULL,NULL),(99,'James Anderson','male',NULL,NULL,NULL,NULL,'2009-03-17 22:45:16','2009-11-23 16:20:07','andersonjames',1,NULL,NULL,NULL,NULL,NULL,NULL),(100,'Peter Walsh','male',NULL,NULL,NULL,NULL,'2009-03-17 22:45:16','2009-11-23 16:20:07','walshpeter',1,NULL,NULL,NULL,NULL,NULL,NULL),(101,'Alexander De tubeuf','male',NULL,NULL,NULL,NULL,'2009-03-17 22:45:16','2009-11-23 16:20:07','detubeufalexander',1,NULL,NULL,NULL,NULL,NULL,NULL),(102,'Francis Coffyn','male',NULL,NULL,NULL,NULL,'2009-03-17 22:45:16','2009-11-23 16:20:58','coffynfrancis',0,NULL,NULL,NULL,NULL,NULL,NULL),(103,'Charles D. Coxe','male',NULL,NULL,NULL,NULL,'2009-03-17 22:45:16','2009-11-23 16:20:07','coxecharlesd.',1,NULL,NULL,NULL,NULL,NULL,NULL),(104,'Sieur De la motte','male',NULL,NULL,NULL,NULL,'2009-03-17 22:45:16','2009-11-23 16:20:58','delamottesieur',0,NULL,NULL,NULL,NULL,NULL,NULL),(105,'Nathaniel Cutting','male',NULL,NULL,NULL,NULL,'2009-03-17 22:45:16','2009-11-23 16:20:07','cuttingnathaniel',1,NULL,NULL,NULL,NULL,NULL,NULL),(106,'Thomas Waters Griffith','male',NULL,NULL,NULL,NULL,'2009-03-17 22:45:16','2009-11-23 16:20:07','griffiththomaswaters',1,NULL,NULL,NULL,NULL,NULL,NULL),(107,'Peter Dobell','male',NULL,NULL,NULL,NULL,'2009-03-17 22:45:16','2009-11-23 16:20:07','dobellpeter',1,NULL,NULL,NULL,NULL,NULL,NULL),(108,'John Mitchell','male',NULL,NULL,NULL,NULL,'2009-03-17 22:45:16','2009-11-23 16:20:07','mitchelljohn',1,NULL,NULL,NULL,NULL,NULL,NULL),(109,'Compere Jeune','male',NULL,NULL,NULL,NULL,'2009-03-17 22:45:16','2009-11-23 16:20:58','jeunecompere',0,NULL,NULL,NULL,NULL,NULL,NULL),(110,'William Patterson','male',NULL,NULL,NULL,NULL,'2009-03-17 22:45:16','2009-11-23 16:20:07','pattersonwilliam',1,NULL,NULL,NULL,NULL,NULL,NULL),(111,'Aaron Vail','male',NULL,NULL,NULL,NULL,'2009-03-17 22:45:16','2009-11-23 16:20:07','vailaaron',1,NULL,NULL,NULL,NULL,NULL,NULL),(112,'William Drayton','male',NULL,NULL,NULL,NULL,'2009-03-17 22:45:16','2009-11-23 16:20:07','draytonwilliam',1,NULL,NULL,NULL,NULL,NULL,NULL),(113,'Henry Wilson','male',NULL,NULL,NULL,NULL,'2009-03-17 22:45:16','2009-11-23 16:20:07','wilsonhenry',1,NULL,NULL,NULL,NULL,NULL,NULL),(114,'Edward (Jr.?) Church','male',NULL,NULL,NULL,NULL,'2009-03-17 22:45:16','2009-11-23 16:20:07','churchedward(jr.?)',1,NULL,NULL,NULL,NULL,NULL,NULL),(115,'Pierre Borde','male',NULL,NULL,NULL,NULL,'2009-03-17 22:45:16','2009-11-23 16:20:58','bordepierre',0,NULL,NULL,NULL,NULL,NULL,NULL),(116,'Thomas Lovell','male',NULL,NULL,NULL,NULL,'2009-03-17 22:45:16','2009-11-23 16:20:07','lovellthomas',1,NULL,NULL,NULL,NULL,NULL,NULL),(117,'Robert (Major) Sterry','male',NULL,NULL,NULL,NULL,'2009-03-17 22:45:16','2009-11-23 16:20:07','sterryrobert(major)',1,NULL,NULL,NULL,NULL,NULL,NULL),(118,'Daniel Garesche','male',NULL,NULL,NULL,NULL,'2009-03-17 22:45:16','2009-11-23 16:20:58','gareschedaniel',0,NULL,NULL,NULL,NULL,NULL,NULL),(119,'Paul Garesche','male',NULL,NULL,NULL,NULL,'2009-03-17 22:45:16','2009-11-23 16:20:58','gareschepaul',0,NULL,NULL,NULL,NULL,NULL,NULL),(120,'Gerard D. Smith','male',NULL,NULL,NULL,NULL,'2009-03-17 22:45:16','2009-11-23 16:20:07','smithgerardd.',1,NULL,NULL,NULL,NULL,NULL,NULL),(121,'James Joseph Debesee','male',NULL,NULL,NULL,NULL,'2009-03-17 22:45:16','2009-11-23 16:20:07','debeseejamesjoseph',1,NULL,NULL,NULL,NULL,NULL,NULL),(122,'Sieur Etienne Cathalan','male',NULL,NULL,NULL,NULL,'2009-03-17 22:45:16','2009-11-23 16:20:58','cathalansieuretienne',0,NULL,NULL,NULL,NULL,NULL,NULL),(123,'Joshua Dodge','male',NULL,NULL,NULL,NULL,'2009-03-17 22:45:16','2009-11-23 16:20:07','dodgejoshua',1,NULL,NULL,NULL,NULL,NULL,NULL),(124,'William Vans  Jr.','male',NULL,NULL,NULL,NULL,'2009-03-17 22:45:16','2009-11-23 16:20:07','vanswilliam',1,NULL,NULL,NULL,NULL,NULL,NULL),(125,'William Foster  Jr.','male',NULL,NULL,NULL,NULL,'2009-03-17 22:45:16','2009-11-23 16:20:07','fosterwilliam',1,NULL,NULL,NULL,NULL,NULL,NULL),(126,'Burrell Carnes','male',NULL,NULL,NULL,NULL,'2009-03-17 22:45:16','2009-11-23 16:20:07','carnesburrell',1,NULL,NULL,NULL,NULL,NULL,NULL),(127,'P. F. Dobree','male',NULL,NULL,NULL,NULL,'2009-03-17 22:45:16','2009-11-23 16:20:58','dobreep.f.',0,NULL,NULL,NULL,NULL,NULL,NULL),(128,'Thomas T. Gantt','male',NULL,NULL,NULL,NULL,'2009-03-17 22:45:16','2009-11-23 16:20:07','ganttthomast.',1,NULL,NULL,NULL,NULL,NULL,NULL),(129,'Francis Columbus Fenwick','male',NULL,NULL,NULL,NULL,'2009-03-17 22:45:16','2009-11-23 16:20:07','fenwickfranciscolumbus',1,NULL,NULL,NULL,NULL,NULL,NULL),(130,'Silas Deane','male',NULL,NULL,80,NULL,'2009-03-17 22:45:16','2011-03-08 23:10:30','deanesilas',1,NULL,NULL,NULL,NULL,NULL,NULL),(131,'Arthur Lee','male',NULL,NULL,NULL,NULL,'2009-03-17 22:45:16','2009-11-23 16:20:07','leearthur',1,NULL,NULL,NULL,NULL,NULL,NULL),(132,'John Laurens','male',NULL,NULL,NULL,NULL,'2009-03-17 22:45:16','2009-11-23 16:20:07','laurensjohn',1,NULL,NULL,NULL,NULL,NULL,NULL),(133,'Thomas Barclay','male',NULL,NULL,NULL,NULL,'2009-03-17 22:45:16','2009-11-23 16:20:07','barclaythomas',1,NULL,NULL,NULL,NULL,NULL,NULL),(134,'Thomas Jefferson','male',NULL,NULL,NULL,NULL,'2009-03-17 22:45:16','2009-11-23 16:20:07','jeffersonthomas',1,NULL,NULL,NULL,NULL,NULL,NULL),(135,'William Short','male',NULL,NULL,NULL,NULL,'2009-03-17 22:45:16','2009-11-23 16:20:07','shortwilliam',1,NULL,NULL,NULL,NULL,NULL,NULL),(136,'Alexandre Duvernet','male',NULL,NULL,NULL,NULL,'2009-03-17 22:45:16','2009-11-23 16:20:58','duvernetalexandre',0,NULL,NULL,NULL,NULL,NULL,NULL),(137,'Joseph Pitcairn','male',NULL,NULL,NULL,NULL,'2009-03-17 22:45:16','2009-11-23 16:20:07','pitcairnjoseph',1,NULL,NULL,NULL,NULL,NULL,NULL),(138,'Fulwar Skipwith','male','1765-02-21','1839-01-07',NULL,NULL,'2009-03-17 22:45:16','2010-02-12 20:43:01','skipwithfulwar',1,1,1,1,1,1,1),(139,'John Marshall','male',NULL,NULL,NULL,NULL,'2009-03-17 22:45:16','2009-11-23 16:20:07','marshalljohn',1,NULL,NULL,NULL,NULL,NULL,NULL),(140,'Elbridge Gerry','male',NULL,NULL,NULL,NULL,'2009-03-17 22:45:16','2009-11-23 16:20:07','gerryelbridge',1,NULL,NULL,NULL,NULL,NULL,NULL),(142,'William Richardson Davie','male',NULL,NULL,NULL,NULL,'2009-03-17 22:45:16','2009-11-23 16:20:07','daviewilliamrichardson',1,NULL,NULL,NULL,NULL,NULL,NULL),(143,'Oliver Ellsworth','male',NULL,NULL,NULL,NULL,'2009-03-17 22:45:16','2009-11-23 16:20:07','ellswortholiver',1,NULL,NULL,NULL,NULL,NULL,NULL),(144,'William Vans Murray','male',NULL,NULL,NULL,NULL,'2009-03-17 22:45:16','2009-11-23 16:20:07','murraywilliamvans',1,NULL,NULL,NULL,NULL,NULL,NULL),(145,'Robert R. Livingston','male',NULL,NULL,NULL,NULL,'2009-03-17 22:45:16','2009-11-23 16:20:07','livingstonrobertr.',1,NULL,NULL,NULL,NULL,NULL,NULL),(146,'Pierre S. Dupont denemours','male',NULL,NULL,NULL,NULL,'2009-03-17 22:45:16','2009-11-23 16:20:07','dupontdenemourspierres.',1,NULL,NULL,NULL,NULL,NULL,NULL),(147,'John Armstrong','male',NULL,NULL,NULL,NULL,'2009-03-17 22:45:16','2009-11-23 16:20:07','armstrongjohn',1,NULL,NULL,NULL,NULL,NULL,NULL),(148,'David Bailie Warden','male',NULL,NULL,NULL,NULL,'2009-03-17 22:45:16','2009-11-23 16:20:07','wardendavidbailie',1,NULL,NULL,NULL,NULL,NULL,NULL),(149,'Joel Barlow','male',NULL,NULL,NULL,NULL,'2009-03-17 22:45:16','2009-11-23 16:20:07','barlowjoel',1,NULL,NULL,NULL,NULL,NULL,NULL),(150,'William H. Crawford','male',NULL,NULL,NULL,NULL,'2009-03-17 22:45:16','2009-11-23 16:20:07','crawfordwilliamh.',1,NULL,NULL,NULL,NULL,NULL,NULL),(151,'Henry Jackson','male',NULL,NULL,NULL,NULL,'2009-03-17 22:45:16','2009-11-23 16:20:07','jacksonhenry',1,NULL,NULL,NULL,NULL,NULL,NULL),(152,'Daniel Sheldon','male',NULL,NULL,NULL,NULL,'2009-03-17 22:45:17','2009-11-23 16:20:07','sheldondaniel',1,NULL,NULL,NULL,NULL,NULL,NULL),(153,'James Brown','male',NULL,NULL,NULL,NULL,'2009-03-17 22:45:17','2009-11-23 16:20:07','brownjames',1,NULL,NULL,NULL,NULL,NULL,NULL),(154,'I. A. Pelletreau','male',NULL,NULL,NULL,NULL,'2009-03-17 22:45:17','2009-11-23 16:20:58','pelletreaui.a.',0,NULL,NULL,NULL,NULL,NULL,NULL),(155,'Nathaniel Barrett','male',NULL,NULL,NULL,NULL,'2009-03-17 22:45:17','2009-11-23 16:20:07','barrettnathaniel',1,NULL,NULL,NULL,NULL,NULL,NULL),(156,'James Blake','male',NULL,NULL,NULL,NULL,'2009-03-17 22:45:17','2009-11-23 16:20:07','blakejames',1,NULL,NULL,NULL,NULL,NULL,NULL),(157,'Jacob Ridgway','male',NULL,NULL,NULL,NULL,'2009-03-17 22:45:17','2009-11-23 16:20:07','ridgwayjacob',1,NULL,NULL,NULL,NULL,NULL,NULL),(158,'Henry Clay','male',NULL,NULL,NULL,NULL,'2009-03-17 22:45:17','2009-11-23 16:20:07','clayhenry',1,NULL,NULL,NULL,NULL,NULL,NULL),(159,'Christopher Hughes  Jr.','male',NULL,NULL,NULL,NULL,'2009-03-17 22:45:17','2009-11-23 16:20:07','hugheschristopher',1,NULL,NULL,NULL,NULL,NULL,NULL),(160,'William Shaler','male',NULL,NULL,NULL,NULL,'2009-03-17 22:45:17','2009-11-23 16:20:07','shalerwilliam',1,NULL,NULL,NULL,NULL,NULL,NULL),(161,'Francis L. Taney','male',NULL,NULL,NULL,NULL,'2009-03-17 22:45:17','2009-11-23 16:20:07','taneyfrancisl.',1,NULL,NULL,NULL,NULL,NULL,NULL),(162,'Thomas H. Storm','male',NULL,NULL,NULL,NULL,'2009-03-17 22:45:17','2009-11-23 16:20:07','stormthomash.',1,NULL,NULL,NULL,NULL,NULL,NULL),(163,'Patrick Mullony','male',NULL,NULL,NULL,NULL,'2009-03-17 22:45:17','2009-11-23 16:20:58','mullonypatrick',0,NULL,NULL,NULL,NULL,NULL,NULL),(164,'Marcello Gallardo','male',NULL,NULL,NULL,NULL,'2009-03-17 22:45:17','2009-11-23 16:20:58','gallardomarcello',0,NULL,NULL,NULL,NULL,NULL,NULL),(165,'Robert Montgomery','male',NULL,NULL,NULL,NULL,'2009-03-17 22:45:17','2009-11-23 16:20:58','montgomeryrobert',0,NULL,NULL,NULL,NULL,NULL,NULL),(166,'Robert Montgomery  Jr.','male',NULL,NULL,NULL,NULL,'2009-03-17 22:45:17','2009-11-23 16:20:58','montgomeryrobert',0,NULL,NULL,NULL,NULL,NULL,NULL),(167,'Andrew Serrano','male',NULL,NULL,NULL,NULL,'2009-03-17 22:45:17','2009-11-23 16:20:58','serranoandrew',0,NULL,NULL,NULL,NULL,NULL,NULL),(168,'Joseph Serrano','male',NULL,NULL,NULL,NULL,'2009-03-17 22:45:17','2009-11-23 16:20:58','serranojoseph',0,NULL,NULL,NULL,NULL,NULL,NULL),(169,'Thomas Hearn','male',NULL,NULL,NULL,NULL,'2009-03-17 22:45:17','2009-11-23 16:20:58','hearnthomas',0,NULL,NULL,NULL,NULL,NULL,NULL),(170,'Fernando Maria Mendoza','male',NULL,NULL,NULL,NULL,'2009-03-17 22:45:17','2009-11-23 16:20:58','mendozafernandomaria',0,NULL,NULL,NULL,NULL,NULL,NULL),(171,'John Montgomery','male',NULL,NULL,NULL,NULL,'2009-03-17 22:45:17','2009-11-23 16:20:07','montgomeryjohn',1,NULL,NULL,NULL,NULL,NULL,NULL),(172,'William Willis','male',NULL,NULL,NULL,NULL,'2009-03-17 22:45:17','2009-11-23 16:20:07','williswilliam',1,NULL,NULL,NULL,NULL,NULL,NULL),(173,'Peter Stirling','male',NULL,NULL,NULL,NULL,'2009-03-17 22:45:17','2009-11-23 16:20:07','stirlingpeter',1,NULL,NULL,NULL,NULL,NULL,NULL),(174,'Peter Laval','male',NULL,NULL,NULL,NULL,'2009-03-17 22:45:17','2009-11-23 16:20:07','lavalpeter',1,NULL,NULL,NULL,NULL,NULL,NULL),(175,'John Leonard','male',NULL,NULL,NULL,NULL,'2009-03-17 22:45:17','2009-11-23 16:20:07','leonardjohn',1,NULL,NULL,NULL,NULL,NULL,NULL),(176,'John Carroll','male',NULL,NULL,NULL,NULL,'2009-03-17 22:45:17','2009-11-23 16:20:07','carrolljohn',1,NULL,NULL,NULL,NULL,NULL,NULL),(177,'Richard Mccall','male',NULL,NULL,NULL,NULL,'2009-03-17 22:45:17','2009-11-23 16:20:07','mccallrichard',1,NULL,NULL,NULL,NULL,NULL,NULL),(178,'William Stirling','male',NULL,NULL,NULL,NULL,'2009-03-17 22:45:17','2009-11-23 16:20:07','stirlingwilliam',1,NULL,NULL,NULL,NULL,NULL,NULL),(179,'Francis Xavier De calo','male',NULL,NULL,NULL,NULL,'2009-03-17 22:45:17','2009-11-23 16:20:07','decalofrancisxavier',1,NULL,NULL,NULL,NULL,NULL,NULL),(180,'Francis Gaminde','male',NULL,NULL,NULL,NULL,'2009-03-17 22:45:17','2009-11-23 16:20:07','gamindefrancis',1,NULL,NULL,NULL,NULL,NULL,NULL),(181,'Francisco Chiappi','male',NULL,NULL,NULL,NULL,'2009-03-17 22:45:17','2009-11-23 16:20:58','chiappifrancisco',0,NULL,NULL,NULL,NULL,NULL,NULL),(182,'Joseph M. Uznardi  Jr.','male',NULL,NULL,NULL,NULL,'2009-03-17 22:45:17','2009-11-23 16:20:58','uznardijosephm.',0,NULL,NULL,NULL,NULL,NULL,NULL),(183,'Joseph M. Uznardi  Sr.','male',NULL,NULL,NULL,NULL,'2009-03-17 22:45:17','2009-11-23 16:20:58','uznardijosephm.',0,NULL,NULL,NULL,NULL,NULL,NULL),(184,'Anthony Terry','male',NULL,NULL,NULL,NULL,'2009-03-17 22:45:17','2009-11-23 16:20:07','terryanthony',1,NULL,NULL,NULL,NULL,NULL,NULL),(185,'James Mccann','male',NULL,NULL,NULL,NULL,'2009-03-17 22:45:17','2009-11-23 16:20:07','mccannjames',1,NULL,NULL,NULL,NULL,NULL,NULL),(186,'Richard S. Hackley','male',NULL,NULL,NULL,NULL,'2009-03-17 22:45:17','2009-11-23 16:20:07','hackleyrichards.',1,NULL,NULL,NULL,NULL,NULL,NULL),(187,'James Leander Cathcart','male',NULL,NULL,NULL,NULL,'2009-03-17 22:45:17','2009-11-23 16:20:07','cathcartjamesleander',1,NULL,NULL,NULL,NULL,NULL,NULL),(188,'Richard W. Meade','male',NULL,NULL,NULL,NULL,'2009-03-17 22:45:17','2009-11-23 16:20:07','meaderichardw.',1,NULL,NULL,NULL,NULL,NULL,NULL),(189,'Joseph E. Bloomfield','male',NULL,NULL,NULL,NULL,'2009-03-17 22:45:17','2009-11-23 16:20:07','bloomfieldjosephe.',1,NULL,NULL,NULL,NULL,NULL,NULL),(190,'John M. Hall','male',NULL,NULL,NULL,NULL,'2009-03-17 22:45:17','2009-11-23 16:20:07','halljohnm.',1,NULL,NULL,NULL,NULL,NULL,NULL),(191,'Peter Lassaletta','male',NULL,NULL,NULL,NULL,'2009-03-17 22:45:17','2009-11-23 16:20:07','lassalettapeter',1,NULL,NULL,NULL,NULL,NULL,NULL),(192,'Alexander Burton','male',NULL,NULL,NULL,NULL,'2009-03-17 22:45:17','2009-11-23 16:20:07','burtonalexander',1,NULL,NULL,NULL,NULL,NULL,NULL),(193,'Dominiche Castilline','male',NULL,NULL,NULL,NULL,'2009-03-17 22:45:17','2009-11-23 16:20:58','castillinedominiche',0,NULL,NULL,NULL,NULL,NULL,NULL),(194,'Bartelome Miquetote','male',NULL,NULL,NULL,NULL,'2009-03-17 22:45:17','2009-11-23 16:20:58','miquetotebartelome',0,NULL,NULL,NULL,NULL,NULL,NULL),(195,'Nicholas Biale','male',NULL,NULL,NULL,NULL,'2009-03-17 22:45:17','2009-11-23 16:20:58','bialenicholas',0,NULL,NULL,NULL,NULL,NULL,NULL),(196,'Joseph Bercerra','male',NULL,NULL,NULL,NULL,'2009-03-17 22:45:17','2009-11-23 16:20:58','bercerrajoseph',0,NULL,NULL,NULL,NULL,NULL,NULL),(197,'Henry Molier','male',NULL,NULL,NULL,NULL,'2009-03-17 22:45:17','2009-11-23 16:20:07','molierhenry',1,NULL,NULL,NULL,NULL,NULL,NULL),(198,'James Simpson','male',NULL,NULL,NULL,NULL,'2009-03-17 22:45:17','2009-11-23 16:20:58','simpsonjames',0,NULL,NULL,NULL,NULL,NULL,NULL),(199,'John Gavino','male',NULL,NULL,NULL,NULL,'2009-03-17 22:45:17','2009-11-23 16:20:58','gavinojohn',0,NULL,NULL,NULL,NULL,NULL,NULL),(200,'Bernard Henry','male',NULL,NULL,NULL,NULL,'2009-03-17 22:45:17','2009-11-23 16:20:07','henrybernard',1,NULL,NULL,NULL,NULL,NULL,NULL),(202,'William Carmichael','male','1739-01-01','1795-02-09',NULL,NULL,'2009-03-17 22:45:17','2009-11-23 16:20:07','carmichaelwilliam',1,NULL,NULL,NULL,NULL,NULL,NULL),(203,'David Humphreys','male',NULL,NULL,80,NULL,'2009-03-17 22:45:17','2011-03-08 23:08:32','humphreysdavid',1,NULL,NULL,NULL,NULL,NULL,NULL),(204,'Moses Young','male',NULL,NULL,NULL,NULL,'2009-03-17 22:45:17','2009-11-23 16:20:07','youngmoses',1,NULL,NULL,NULL,NULL,NULL,NULL),(205,'John Graham','male',NULL,NULL,NULL,NULL,'2009-03-17 22:45:17','2009-11-23 16:20:07','grahamjohn',1,NULL,NULL,NULL,NULL,NULL,NULL),(206,'Charles Cotesworth Pinckney','male',NULL,NULL,NULL,NULL,'2009-03-17 22:45:17','2009-11-23 16:20:07','pinckneycharlescotesworth',1,NULL,NULL,NULL,NULL,NULL,NULL),(207,'James Bowdoin','male',NULL,NULL,NULL,NULL,'2009-03-17 22:45:17','2009-11-23 16:20:07','bowdoinjames',1,NULL,NULL,NULL,NULL,NULL,NULL),(208,'Anthony Morris','male',NULL,NULL,NULL,NULL,'2009-03-17 22:45:17','2009-11-23 16:20:07','morrisanthony',1,NULL,NULL,NULL,NULL,NULL,NULL),(209,'Thomas L. L. Brent','male',NULL,NULL,NULL,NULL,'2009-03-17 22:45:17','2009-11-23 16:20:07','brentthomasl.l.',1,NULL,NULL,NULL,NULL,NULL,NULL),(210,'John Forsyth','male',NULL,NULL,NULL,NULL,'2009-03-17 22:45:17','2009-11-23 16:20:07','forsythjohn',1,NULL,NULL,NULL,NULL,NULL,NULL),(211,'Hugh Nelson','male',NULL,NULL,NULL,NULL,'2009-03-17 22:45:17','2009-11-23 16:20:07','nelsonhugh',1,NULL,NULL,NULL,NULL,NULL,NULL),(212,'Alexander Hill Everett','male',NULL,NULL,NULL,NULL,'2009-03-17 22:45:17','2009-11-23 16:20:07','everettalexanderhill',1,NULL,NULL,NULL,NULL,NULL,NULL),(213,'Michael Murphy','male',NULL,NULL,NULL,NULL,'2009-03-17 22:45:17','2009-11-23 16:20:58','murphymichael',0,NULL,NULL,NULL,NULL,NULL,NULL),(214,'William Kirkpatrick','male',NULL,NULL,NULL,NULL,'2009-03-17 22:45:17','2009-11-23 16:20:07','kirkpatrickwilliam',1,NULL,NULL,NULL,NULL,NULL,NULL),(215,'George G. Barrell','male',NULL,NULL,NULL,NULL,'2009-03-17 22:45:17','2009-11-23 16:20:07','barrellgeorgeg.',1,NULL,NULL,NULL,NULL,NULL,NULL),(216,'John Culnan','male',NULL,NULL,NULL,NULL,'2009-03-17 22:45:17','2009-11-23 16:20:58','culnanjohn',0,NULL,NULL,NULL,NULL,NULL,NULL),(217,'John Martin Baker','male',NULL,NULL,NULL,NULL,'2009-03-17 22:45:17','2009-11-23 16:20:08','bakerjohnmartin',1,NULL,NULL,NULL,NULL,NULL,NULL),(218,'George Theodore Ladico','male',NULL,NULL,NULL,NULL,'2009-03-17 22:45:17','2009-11-23 16:20:58','ladicogeorgetheodore',0,NULL,NULL,NULL,NULL,NULL,NULL),(219,'Thomas Kidman','male',NULL,NULL,NULL,NULL,'2009-03-17 22:45:17','2009-11-23 16:20:58','kidmanthomas',0,NULL,NULL,NULL,NULL,NULL,NULL),(220,'Henry Stonor','male',NULL,NULL,NULL,NULL,'2009-03-17 22:45:17','2009-11-23 16:20:08','stonorhenry',1,NULL,NULL,NULL,NULL,NULL,NULL),(221,'Thomas Croker','male',NULL,NULL,NULL,NULL,'2009-03-17 22:45:17','2009-11-23 16:20:08','crokerthomas',1,NULL,NULL,NULL,NULL,NULL,NULL),(222,'Lewis Meagher O\'brien','male',NULL,NULL,NULL,NULL,'2009-03-17 22:45:17','2009-11-23 16:20:58','o\'brienlewismeagher',0,NULL,NULL,NULL,NULL,NULL,NULL),(223,'I. P. De barbano','male',NULL,NULL,NULL,NULL,'2009-03-17 22:45:17','2009-11-23 16:20:58','debarbanoi.p.',0,NULL,NULL,NULL,NULL,NULL,NULL),(224,'Willlam Goodwin','male',NULL,NULL,NULL,NULL,'2009-03-17 22:45:17','2009-11-23 16:20:08','goodwinwilllam',1,NULL,NULL,NULL,NULL,NULL,NULL),(225,'D. Tyler','male',NULL,NULL,NULL,NULL,'2009-03-17 22:45:17','2009-11-23 16:20:08','tylerd.',1,NULL,NULL,NULL,NULL,NULL,NULL),(226,'Augustin Opins','male',NULL,NULL,NULL,NULL,'2009-03-17 22:45:17','2009-11-23 16:20:58','opinsaugustin',0,NULL,NULL,NULL,NULL,NULL,NULL),(227,'John James Armstrong','male',NULL,NULL,NULL,NULL,'2009-03-17 22:45:17','2009-11-23 16:20:08','armstrongjohnjames',1,NULL,NULL,NULL,NULL,NULL,NULL),(228,'John Mullowny','male',NULL,NULL,NULL,NULL,'2009-03-17 22:45:18','2009-11-23 16:20:08','mullownyjohn',1,NULL,NULL,NULL,NULL,NULL,NULL),(229,'John O\'sullivan','male',NULL,NULL,NULL,NULL,'2009-03-17 22:45:18','2009-11-23 16:20:08','o\'sullivanjohn',1,NULL,NULL,NULL,NULL,NULL,NULL),(230,'Payton Gay','male',NULL,NULL,NULL,NULL,'2009-03-17 22:45:18','2009-11-23 16:20:08','gaypayton',1,NULL,NULL,NULL,NULL,NULL,NULL),(231,'John Street','male',NULL,NULL,NULL,NULL,'2009-03-17 22:45:18','2009-11-23 16:20:58','streetjohn',0,NULL,NULL,NULL,NULL,NULL,NULL),(232,'John B. Dabney','male',NULL,NULL,NULL,NULL,'2009-03-17 22:45:18','2009-11-23 16:20:08','dabneyjohnb.',1,NULL,NULL,NULL,NULL,NULL,NULL),(233,'John Marsden Pintard','male',NULL,NULL,NULL,NULL,'2009-03-17 22:45:18','2009-11-23 16:20:08','pintardjohnmarsden',1,NULL,NULL,NULL,NULL,NULL,NULL),(234,'Marien Lemar','male',NULL,NULL,NULL,NULL,'2009-03-17 22:45:18','2009-11-23 16:20:08','lemarmarien',1,NULL,NULL,NULL,NULL,NULL,NULL),(235,'Robert H. Macpherson','male',NULL,NULL,NULL,NULL,'2009-03-17 22:45:18','2009-11-23 16:20:08','macphersonroberth.',1,NULL,NULL,NULL,NULL,NULL,NULL),(236,'John Howard March','male',NULL,NULL,NULL,NULL,'2009-03-17 22:45:18','2009-11-23 16:20:08','marchjohnhoward',1,NULL,NULL,NULL,NULL,NULL,NULL),(237,'Edward Church','male',NULL,NULL,NULL,NULL,'2009-03-17 22:45:18','2009-11-23 16:20:08','churchedward',1,NULL,NULL,NULL,NULL,NULL,NULL),(238,'Thomas Bulkely','male',NULL,NULL,NULL,NULL,'2009-03-17 22:45:18','2009-11-23 16:20:08','bulkelythomas',1,NULL,NULL,NULL,NULL,NULL,NULL),(239,'William Jarvis','male',NULL,NULL,NULL,NULL,'2009-03-17 22:45:18','2009-11-23 16:20:08','jarviswilliam',1,NULL,NULL,NULL,NULL,NULL,NULL),(240,'Thomas Sumter  Jr.','male','1768-08-30','1840-06-15',79,NULL,'2009-03-17 22:45:18','2011-02-10 03:13:30','sumterthomas',1,1,1,1,1,1,1),(241,'George Jefferson','male',NULL,NULL,NULL,NULL,'2009-03-17 22:45:18','2009-11-23 16:20:08','jeffersongeorge',1,NULL,NULL,NULL,NULL,NULL,NULL),(242,'Israel P. Hutchinson','male',NULL,NULL,NULL,NULL,'2009-03-17 22:45:18','2009-11-23 16:20:08','hutchinsonisraelp.',1,NULL,NULL,NULL,NULL,NULL,NULL),(243,'Henry Dearborn  Sr.','male',NULL,NULL,NULL,NULL,'2009-03-17 22:45:18','2009-11-23 16:20:08','dearbornhenry',1,NULL,NULL,NULL,NULL,NULL,NULL),(244,'Elisha Field','male',NULL,NULL,NULL,NULL,'2009-03-17 22:45:18','2009-11-23 16:20:08','fieldelisha',1,NULL,NULL,NULL,NULL,NULL,NULL),(245,'Samuel Hodges  Jr.','male',NULL,NULL,NULL,NULL,'2009-03-17 22:45:18','2009-11-23 16:20:08','hodgessamuel',1,NULL,NULL,NULL,NULL,NULL,NULL),(246,'James Greenleaf','male',NULL,NULL,NULL,NULL,'2009-03-17 22:45:18','2009-11-23 16:20:08','greenleafjames',1,NULL,NULL,NULL,NULL,NULL,NULL),(247,'Sylvanus Bourne','male','1761-01-01','1817-01-01',78,'Birthday and date of death remain unknown, although Bourne is known to have lived from 1761-1817.','2009-03-17 22:45:18','2010-02-12 20:43:24','bournesylvanus',1,0,0,1,0,0,1),(248,'Herman Hendrik Damen','male',NULL,NULL,NULL,NULL,'2009-03-17 22:45:18','2009-11-23 16:20:58','damenhermanhendrik',0,NULL,NULL,NULL,NULL,NULL,NULL),(249,'John W. Parker','male',NULL,NULL,NULL,NULL,'2009-03-17 22:45:18','2009-11-23 16:20:08','parkerjohnw.',1,NULL,NULL,NULL,NULL,NULL,NULL),(250,'A. Korff','male',NULL,NULL,NULL,NULL,'2009-03-17 22:45:18','2009-11-23 16:20:58','korffa.',0,NULL,NULL,NULL,NULL,NULL,NULL),(251,'Peter Korff','male',NULL,NULL,NULL,NULL,'2009-03-17 22:45:18','2009-11-23 16:20:58','korffpeter',0,NULL,NULL,NULL,NULL,NULL,NULL),(252,'John Beeldemaker','male',NULL,NULL,NULL,NULL,'2009-03-17 22:45:18','2009-11-23 16:20:58','beeldemakerjohn',0,NULL,NULL,NULL,NULL,NULL,NULL),(253,'Thomas Browne','male',NULL,NULL,NULL,NULL,'2009-03-17 22:45:18','2009-11-23 16:20:58','brownethomas',0,NULL,NULL,NULL,NULL,NULL,NULL),(254,'Joseph Forman','male',NULL,NULL,NULL,NULL,'2009-03-17 22:45:18','2009-11-23 16:20:08','formanjoseph',1,NULL,NULL,NULL,NULL,NULL,NULL),(255,'Alexander','male',NULL,NULL,NULL,NULL,'2009-03-17 22:45:18','2009-11-23 16:20:58','alexander',0,NULL,NULL,NULL,NULL,NULL,NULL),(256,'G. R. Curtis','male',NULL,NULL,NULL,NULL,'2009-03-17 22:45:18','2009-11-23 16:20:58','curtisg.r.',0,NULL,NULL,NULL,NULL,NULL,NULL),(257,'George Joy','male',NULL,NULL,NULL,NULL,'2009-03-17 22:45:18','2009-11-23 16:20:08','joygeorge',1,NULL,NULL,NULL,NULL,NULL,NULL),(258,'T. F. Wilkens','male',NULL,NULL,NULL,NULL,'2009-03-17 22:45:18','2009-11-23 16:20:08','wilkenst.f.',1,NULL,NULL,NULL,NULL,NULL,NULL),(259,'Emanuel Wambersie','male',NULL,NULL,NULL,NULL,'2009-03-17 22:45:18','2009-11-23 16:20:08','wambersieemanuel',1,NULL,NULL,NULL,NULL,NULL,NULL),(260,'Tiede Christians','male',NULL,NULL,NULL,NULL,'2009-03-17 22:45:18','2009-11-23 16:20:58','christianstiede',0,NULL,NULL,NULL,NULL,NULL,NULL),(261,'Henry Laurens','male',NULL,NULL,NULL,NULL,'2009-03-17 22:45:18','2009-11-23 16:20:08','laurenshenry',1,NULL,NULL,NULL,NULL,NULL,NULL),(262,'Charles William Frederic Dumas','male','1721-01-01','1796-01-01',NULL,NULL,'2009-03-17 22:45:18','2009-11-23 16:20:08','dumascharleswilliamfredi',0,0,0,1,0,0,1),(264,'Thomas Boylston Adams','male',NULL,NULL,NULL,NULL,'2009-03-17 22:45:18','2009-11-23 16:20:08','adamsthomasboylston',1,NULL,NULL,NULL,NULL,NULL,NULL),(265,'William Eustis','male',NULL,NULL,NULL,NULL,'2009-03-17 22:45:18','2009-11-23 16:20:08','eustiswilliam',1,NULL,NULL,NULL,NULL,NULL,NULL),(266,'Joshua Clibborn','male',NULL,NULL,NULL,NULL,'2009-03-17 22:45:18','2009-11-23 16:20:08','clibbornjoshua',1,NULL,NULL,NULL,NULL,NULL,NULL),(267,'David Parish','male',NULL,NULL,NULL,NULL,'2009-03-17 22:45:18','2009-11-23 16:20:08','parishdavid',1,NULL,NULL,NULL,NULL,NULL,NULL),(268,'Charles Barnet','male',NULL,NULL,NULL,NULL,'2009-03-17 22:45:18','2009-11-23 16:20:08','barnetcharles',1,NULL,NULL,NULL,NULL,NULL,NULL),(269,'William Daniel Patterson','male',NULL,NULL,NULL,NULL,'2009-03-17 22:45:18','2009-11-23 16:20:08','pattersonwilliamdaniel',1,NULL,NULL,NULL,NULL,NULL,NULL),(270,'Louis Mark','male',NULL,NULL,NULL,NULL,'2009-03-17 22:45:18','2009-11-23 16:20:08','marklouis',1,NULL,NULL,NULL,NULL,NULL,NULL),(271,'Hans Rudolph Saabye','male',NULL,NULL,NULL,NULL,'2009-03-17 22:45:18','2009-11-23 16:20:58','saabyehansrudolph',0,NULL,NULL,NULL,NULL,NULL,NULL),(272,'John Murray Forbes','male',NULL,NULL,NULL,NULL,'2009-03-17 22:45:18','2009-11-23 16:20:08','forbesjohnmurray',1,NULL,NULL,NULL,NULL,NULL,NULL),(274,'John Raynals','male',NULL,NULL,NULL,NULL,'2009-03-17 22:45:18','2009-11-23 16:20:08','raynalsjohn',1,NULL,NULL,NULL,NULL,NULL,NULL),(275,'Peter Isaaksen','male',NULL,NULL,NULL,NULL,'2009-03-17 22:45:18','2009-11-23 16:20:58','isaaksenpeter',0,NULL,NULL,NULL,NULL,NULL,NULL),(276,'O. C. Morck','male',NULL,NULL,NULL,NULL,'2009-03-17 22:45:18','2009-11-23 16:20:58','morcko.c.',0,NULL,NULL,NULL,NULL,NULL,NULL),(277,'Elias Backman','male',NULL,NULL,NULL,NULL,'2009-03-17 22:45:18','2009-11-23 16:20:58','backmanelias',0,NULL,NULL,NULL,NULL,NULL,NULL),(278,'Robert Champlin Gardiner','male',NULL,NULL,NULL,NULL,'2009-03-17 22:45:18','2009-11-23 16:20:08','gardinerrobertchamplin',1,NULL,NULL,NULL,NULL,NULL,NULL),(279,'Nathaniel W. Strong','male',NULL,NULL,NULL,NULL,'2009-03-17 22:45:18','2009-11-23 16:20:08','strongnathanielw.',1,NULL,NULL,NULL,NULL,NULL,NULL),(280,'C. A. Murray','male',NULL,NULL,NULL,NULL,'2009-03-17 22:45:18','2009-11-23 16:20:08','murrayc.a.',1,NULL,NULL,NULL,NULL,NULL,NULL),(281,'John L. Lawrence','male',NULL,NULL,NULL,NULL,'2009-03-17 22:45:18','2009-11-23 16:20:08','lawrencejohnl.',1,NULL,NULL,NULL,NULL,NULL,NULL),(282,'David Erskine','male',NULL,NULL,NULL,NULL,'2009-03-17 22:45:18','2009-11-23 16:20:08','erskinedavid',1,NULL,NULL,NULL,NULL,NULL,NULL),(283,'William Lee','male',NULL,NULL,NULL,NULL,'2009-03-17 22:45:18','2009-11-23 16:20:08','leewilliam',1,NULL,NULL,NULL,NULL,NULL,NULL),(284,'James M. Marshall','male',NULL,NULL,NULL,NULL,'2009-03-17 22:45:18','2009-11-23 16:20:08','marshalljamesm.',1,NULL,NULL,NULL,NULL,NULL,NULL),(285,'John Godfrey Boeker','male',NULL,NULL,NULL,NULL,'2009-03-17 22:45:18','2009-11-23 16:20:08','boekerjohngodfrey',1,NULL,NULL,NULL,NULL,NULL,NULL),(286,'Frederick William Lutze','male',NULL,NULL,NULL,NULL,'2009-03-17 22:45:18','2009-11-23 16:20:58','lutzefrederickwilliam',0,NULL,NULL,NULL,NULL,NULL,NULL),(287,'Conrad Frederick Wagner','male',NULL,NULL,NULL,NULL,'2009-03-17 22:45:18','2009-11-23 16:20:58','wagnerconradfrederick',0,NULL,NULL,NULL,NULL,NULL,NULL),(288,'John Lamson','male',NULL,NULL,NULL,NULL,'2009-03-17 22:45:18','2009-11-23 16:20:08','lamsonjohn',1,NULL,NULL,NULL,NULL,NULL,NULL),(289,'William Riggin','male',NULL,NULL,NULL,NULL,'2009-03-17 22:45:18','2009-11-23 16:20:08','rigginwilliam',1,NULL,NULL,NULL,NULL,NULL,NULL),(290,'William B. Barney','male',NULL,NULL,NULL,NULL,'2009-03-17 22:45:18','2009-11-23 16:20:08','barneywilliamb.',1,NULL,NULL,NULL,NULL,NULL,NULL),(291,'Francis Adams','male',NULL,NULL,NULL,NULL,'2009-03-17 22:45:18','2009-11-23 16:20:08','adamsfrancis',1,NULL,NULL,NULL,NULL,NULL,NULL),(292,'George Moore','male',NULL,NULL,NULL,NULL,'2009-03-17 22:45:18','2009-11-23 16:20:08','mooregeorge',1,NULL,NULL,NULL,NULL,NULL,NULL),(293,'Ryland Randolph','male',NULL,NULL,NULL,NULL,'2009-03-17 22:45:18','2009-11-23 16:20:08','randolphryland',1,NULL,NULL,NULL,NULL,NULL,NULL),(294,'Philip Marck','male',NULL,NULL,NULL,NULL,'2009-03-17 22:45:18','2009-11-23 16:20:58','marckphilip',0,NULL,NULL,NULL,NULL,NULL,NULL),(295,'William Clarke','male',NULL,NULL,NULL,NULL,'2009-03-17 22:45:18','2009-11-23 16:20:08','clarkewilliam',1,NULL,NULL,NULL,NULL,NULL,NULL),(296,'Arnold Delius','male',NULL,NULL,NULL,NULL,'2009-03-17 22:45:18','2009-11-23 16:20:08','deliusarnold',1,NULL,NULL,NULL,NULL,NULL,NULL),(297,'Fred. Jacob Wichelhausen','male',NULL,NULL,NULL,NULL,'2009-03-17 22:45:18','2009-11-23 16:20:58','wichelhausenfred.jacob',0,NULL,NULL,NULL,NULL,NULL,NULL),(298,'John Cuthbert','male',NULL,NULL,NULL,NULL,'2009-03-17 22:45:18','2009-11-23 16:20:08','cuthbertjohn',1,NULL,NULL,NULL,NULL,NULL,NULL),(299,'Frederick List','male',NULL,NULL,NULL,NULL,'2009-03-17 22:45:18','2009-11-23 16:20:08','listfrederick',1,NULL,NULL,NULL,NULL,NULL,NULL),(300,'Francis Childs','male',NULL,NULL,NULL,NULL,'2009-03-17 22:45:18','2009-11-23 16:20:08','childsfrancis',1,NULL,NULL,NULL,NULL,NULL,NULL),(301,'Frederick H. Wollaston','male',NULL,NULL,NULL,NULL,'2009-03-17 22:45:18','2009-11-23 16:20:08','wollastonfrederickh.',1,NULL,NULL,NULL,NULL,NULL,NULL),(302,'John M. Goetschius','male',NULL,NULL,NULL,NULL,'2009-03-17 22:45:19','2009-11-23 16:20:08','goetschiusjohnm.',1,NULL,NULL,NULL,NULL,NULL,NULL),(303,'Peter Kuhn  Jr.','male',NULL,NULL,NULL,NULL,'2009-03-17 22:45:19','2009-11-23 16:20:08','kuhnpeter',1,NULL,NULL,NULL,NULL,NULL,NULL),(304,'Francois De navoni','male',NULL,NULL,NULL,NULL,'2009-03-17 22:45:19','2009-11-23 16:20:58','denavonifrancois',0,NULL,NULL,NULL,NULL,NULL,NULL),(305,'Richard O\'brien','male',NULL,NULL,NULL,NULL,'2009-03-17 22:45:19','2009-11-23 16:20:08','o\'brienrichard',1,NULL,NULL,NULL,NULL,NULL,NULL),(306,'Fortunate Corneglius','male',NULL,NULL,NULL,NULL,'2009-03-17 22:45:19','2009-11-23 16:20:58','cornegliusfortunate',0,NULL,NULL,NULL,NULL,NULL,NULL),(307,'James Schee','male',NULL,NULL,NULL,NULL,'2009-03-17 22:45:19','2009-11-23 16:20:08','scheejames',1,NULL,NULL,NULL,NULL,NULL,NULL),(308,'Robert Campbell','male',NULL,NULL,NULL,NULL,'2009-03-17 22:45:19','2009-11-23 16:20:08','campbellrobert',1,NULL,NULL,NULL,NULL,NULL,NULL),(309,'Ralph Izard','male',NULL,NULL,NULL,NULL,'2009-03-17 22:45:19','2009-11-23 16:20:08','izardralph',1,NULL,NULL,NULL,NULL,NULL,NULL),(310,'Philip Feliechy','male',NULL,NULL,NULL,NULL,'2009-03-17 22:45:19','2009-11-23 16:20:58','feliechyphilip',0,NULL,NULL,NULL,NULL,NULL,NULL),(311,'Thomas Appleton','male',NULL,NULL,NULL,NULL,'2009-03-17 22:45:19','2009-11-23 16:20:08','appletonthomas',1,NULL,NULL,NULL,NULL,NULL,NULL),(312,'Jean Baptiste Sartori','male',NULL,NULL,NULL,NULL,'2009-03-17 22:45:19','2009-11-23 16:20:58','sartorijeanbaptiste',0,NULL,NULL,NULL,NULL,NULL,NULL),(313,'John S. Cogdell','male',NULL,NULL,NULL,NULL,'2009-03-17 22:45:19','2009-11-23 16:20:08','cogdelljohns.',1,NULL,NULL,NULL,NULL,NULL,NULL),(314,'Felix Cicognani','male',NULL,NULL,NULL,NULL,'2009-03-17 22:45:19','2009-11-23 16:20:58','cicognanifelix',0,NULL,NULL,NULL,NULL,NULL,NULL),(315,'John Broadbent','male',NULL,NULL,NULL,NULL,'2009-03-17 22:45:19','2009-11-23 16:20:08','broadbentjohn',1,NULL,NULL,NULL,NULL,NULL,NULL),(316,'John Larkin Payson','male',NULL,NULL,NULL,NULL,'2009-03-17 22:45:19','2009-11-23 16:20:08','paysonjohnlarkin',1,NULL,NULL,NULL,NULL,NULL,NULL),(317,'John S. M. Matthieu','male',NULL,NULL,NULL,NULL,'2009-03-17 22:45:19','2009-11-23 16:20:58','matthieujohns.m.',0,NULL,NULL,NULL,NULL,NULL,NULL),(318,'William Smith','male',NULL,NULL,NULL,'It looks like there are (at least two) William Smith\'s conflated in this record, as the same person could not have been in Rio de Janeiro at the same time that he was in Naples and Constantinople.  More research is required.','2009-03-17 22:45:19','2012-12-05 00:30:21','smithwilliam',1,NULL,NULL,NULL,NULL,NULL,NULL),(319,'Frederick Degan','male',NULL,NULL,NULL,NULL,'2009-03-17 22:45:19','2009-11-23 16:20:08','deganfrederick',1,NULL,NULL,NULL,NULL,NULL,NULL),(320,'Alexander Hammett','male',NULL,NULL,NULL,NULL,'2009-03-17 22:45:19','2009-11-23 16:20:08','hammettalexander',1,NULL,NULL,NULL,NULL,NULL,NULL),(321,'Joseph Barnes','male',NULL,NULL,NULL,NULL,'2009-03-17 22:45:19','2009-11-23 16:20:08','barnesjoseph',1,NULL,NULL,NULL,NULL,NULL,NULL),(322,'Abraham Gibbs','male',NULL,NULL,NULL,NULL,'2009-03-17 22:45:19','2009-11-23 16:20:08','gibbsabraham',1,NULL,NULL,NULL,NULL,NULL,NULL),(323,'William Porter','male',NULL,NULL,NULL,NULL,'2009-03-17 22:45:19','2009-11-23 16:20:08','porterwilliam',1,NULL,NULL,NULL,NULL,NULL,NULL),(324,'Henry Preble','male',NULL,NULL,NULL,NULL,'2009-03-17 22:45:19','2009-11-23 16:20:08','preblehenry',1,NULL,NULL,NULL,NULL,NULL,NULL),(325,'Benjamin Gardner','male',NULL,NULL,NULL,NULL,'2009-03-17 22:45:19','2009-11-23 16:20:08','gardnerbenjamin',1,NULL,NULL,NULL,NULL,NULL,NULL),(326,'Joseph Pulis','male',NULL,NULL,NULL,NULL,'2009-03-17 22:45:19','2009-11-23 16:20:58','pulisjoseph',0,NULL,NULL,NULL,NULL,NULL,NULL),(327,'William Bainbridge  Cdore','male',NULL,NULL,NULL,NULL,'2009-03-17 22:45:19','2009-11-23 16:20:08','bainbridgewilliam',1,NULL,NULL,NULL,NULL,NULL,NULL),(328,'Luther Bradish','male',NULL,NULL,NULL,NULL,'2009-03-17 22:45:19','2009-11-23 16:20:08','bradishluther',1,NULL,NULL,NULL,NULL,NULL,NULL),(329,'George Bethune English','male',NULL,NULL,NULL,NULL,'2009-03-17 22:45:19','2009-11-23 16:20:08','englishgeorgebethune',1,NULL,NULL,NULL,NULL,NULL,NULL),(330,'John Rodgers  Adm.','male',NULL,NULL,NULL,NULL,'2009-03-17 22:45:19','2009-11-23 16:20:08','rodgersjohn',1,NULL,NULL,NULL,NULL,NULL,NULL),(331,'William Stewart','male',NULL,NULL,NULL,NULL,'2009-03-17 22:45:19','2011-03-03 03:25:04','stewartwolliam',1,NULL,NULL,NULL,NULL,NULL,NULL),(332,'David Offley','male',NULL,NULL,NULL,NULL,'2009-03-17 22:45:19','2009-11-23 16:20:08','offleydavid',1,NULL,NULL,NULL,NULL,NULL,NULL),(333,'William C. Somerville','male',NULL,NULL,NULL,NULL,'2009-03-17 22:45:19','2009-11-23 16:20:08','somervillewilliamc.',1,NULL,NULL,NULL,NULL,NULL,NULL),(334,'Giuseppe Chiappi','male',NULL,NULL,NULL,NULL,'2009-03-17 22:45:19','2009-11-23 16:20:58','chiappigiuseppe',0,NULL,NULL,NULL,NULL,NULL,NULL),(335,'Girolamo Chiappi','male',NULL,NULL,NULL,NULL,'2009-03-17 22:45:19','2009-11-23 16:20:58','chiappigirolamo',0,NULL,NULL,NULL,NULL,NULL,NULL),(336,'Hans Heissel','male',NULL,NULL,NULL,NULL,'2009-03-17 22:45:19','2009-11-23 16:20:58','heisselhans',0,NULL,NULL,NULL,NULL,NULL,NULL),(337,'John S. Simpson','male',NULL,NULL,NULL,NULL,'2009-03-17 22:45:19','2009-11-23 16:20:08','simpsonjohns.',1,NULL,NULL,NULL,NULL,NULL,NULL),(338,'Chillet','male',NULL,NULL,NULL,NULL,'2009-03-17 22:45:19','2009-11-23 16:20:08','chillet',1,NULL,NULL,NULL,NULL,NULL,NULL),(339,'John Lamb','male',NULL,NULL,NULL,NULL,'2009-03-17 22:45:19','2009-11-23 16:20:08','lambjohn',1,NULL,NULL,NULL,NULL,NULL,NULL),(340,'John Paul Jones  Cdore.','male',NULL,NULL,NULL,NULL,'2009-03-17 22:45:19','2009-11-23 16:20:08','jonesjohnpaul',1,NULL,NULL,NULL,NULL,NULL,NULL),(341,'Charles Logie','male',NULL,NULL,NULL,NULL,'2009-03-17 22:45:19','2009-11-23 16:20:58','logiecharles',0,NULL,NULL,NULL,NULL,NULL,NULL),(342,'Joseph Donaldson  Jr.','male',NULL,NULL,NULL,NULL,'2009-03-17 22:45:19','2009-11-23 16:20:08','donaldsonjoseph',1,NULL,NULL,NULL,NULL,NULL,NULL),(343,'Timothy Newman  Capt. USN','male',NULL,NULL,NULL,NULL,'2009-03-17 22:45:19','2009-11-23 16:20:08','newmantimothy',1,NULL,NULL,NULL,NULL,NULL,NULL),(344,'George Clarke','male',NULL,NULL,NULL,NULL,'2009-03-17 22:45:19','2009-11-23 16:20:08','clarkegeorge',1,NULL,NULL,NULL,NULL,NULL,NULL),(345,'James Carr','male',NULL,NULL,NULL,NULL,'2009-03-17 22:45:19','2009-11-23 16:20:08','carrjames',1,NULL,NULL,NULL,NULL,NULL,NULL),(346,'William Maley  Capt. USN','male',NULL,NULL,NULL,NULL,'2009-03-17 22:45:19','2009-11-23 16:20:08','maleywilliam',1,NULL,NULL,NULL,NULL,NULL,NULL),(347,'John Robinson  Capt. USN','male',NULL,NULL,NULL,NULL,'2009-03-17 22:45:19','2009-11-23 16:20:08','robinsonjohn',1,NULL,NULL,NULL,NULL,NULL,NULL),(348,'Samuel Mccutcheon','male',NULL,NULL,NULL,NULL,'2009-03-17 22:45:19','2009-11-23 16:20:08','mccutcheonsamuel',1,NULL,NULL,NULL,NULL,NULL,NULL),(349,'Tobias Lear','male',NULL,NULL,NULL,NULL,'2009-03-17 22:45:19','2009-11-23 16:20:08','leartobias',1,NULL,NULL,NULL,NULL,NULL,NULL),(350,'Timothy Mountford','male',NULL,NULL,NULL,NULL,'2009-03-17 22:45:19','2009-11-23 16:20:08','mountfordtimothy',1,NULL,NULL,NULL,NULL,NULL,NULL),(351,'Albert Curry','male',NULL,NULL,NULL,NULL,'2009-03-17 22:45:19','2009-11-23 16:20:08','curryalbert',1,NULL,NULL,NULL,NULL,NULL,NULL),(352,'William Lewis  Lt.  USN','male',NULL,NULL,NULL,NULL,'2009-03-17 22:45:19','2009-11-23 16:20:08','lewiswilliam',1,NULL,NULL,NULL,NULL,NULL,NULL),(353,'Triplett Dr.','male',NULL,NULL,NULL,NULL,'2009-03-17 22:45:19','2009-11-23 16:20:08','triplett',1,NULL,NULL,NULL,NULL,NULL,NULL),(354,'John Norderling','male',NULL,NULL,NULL,NULL,'2009-03-17 22:45:19','2009-11-23 16:20:58','norderlingjohn',0,NULL,NULL,NULL,NULL,NULL,NULL),(355,'Stephen Decatur  Cdore.','male',NULL,NULL,NULL,NULL,'2009-03-17 22:45:19','2009-11-23 16:20:08','decaturstephen',1,NULL,NULL,NULL,NULL,NULL,NULL),(356,'Charles O. Handy','male',NULL,NULL,NULL,NULL,'2009-03-17 22:45:19','2009-11-23 16:20:08','handycharleso.',1,NULL,NULL,NULL,NULL,NULL,NULL),(357,'Cdore. Chauncey isaac','male',NULL,NULL,NULL,NULL,'2009-03-17 22:45:19','2009-11-23 16:20:08','chaunceyisaaccdore.',1,NULL,NULL,NULL,NULL,NULL,NULL),(358,'William Buell','male',NULL,NULL,NULL,NULL,'2009-03-17 22:45:19','2009-11-23 16:20:08','buellwilliam',1,NULL,NULL,NULL,NULL,NULL,NULL),(359,'William II Shaler','male',NULL,NULL,NULL,NULL,'2009-03-17 22:45:19','2009-11-23 16:20:08','shalerwilliamii',1,NULL,NULL,NULL,NULL,NULL,NULL),(360,'J. H. Pleasanton','male',NULL,NULL,NULL,NULL,'2009-03-17 22:45:19','2009-11-23 16:20:08','pleasantonj.h.',1,NULL,NULL,NULL,NULL,NULL,NULL),(361,'J. H. Carstensen','male',NULL,NULL,NULL,NULL,'2009-03-17 22:45:19','2009-11-23 16:20:58','carstensenj.h.',0,NULL,NULL,NULL,NULL,NULL,NULL),(362,'Samuel D. Heap','male',NULL,NULL,NULL,NULL,'2009-03-17 22:45:19','2009-11-23 16:20:08','heapsamueld.',1,NULL,NULL,NULL,NULL,NULL,NULL),(363,'Joseph Etienne Famin','male',NULL,NULL,NULL,NULL,'2009-03-17 22:45:19','2009-11-23 16:20:08','faminjosephetienne',1,NULL,NULL,NULL,NULL,NULL,NULL),(364,'William Eaton','male',NULL,NULL,NULL,NULL,'2009-03-17 22:45:19','2009-11-23 16:20:08','eatonwilliam',1,NULL,NULL,NULL,NULL,NULL,NULL),(365,'Thomas D. Anderson','male',NULL,NULL,NULL,NULL,'2009-03-17 22:45:19','2009-11-23 16:20:08','andersonthomasd.',1,NULL,NULL,NULL,NULL,NULL,NULL),(366,'Townsend Stith','male',NULL,NULL,NULL,NULL,'2009-03-17 22:45:19','2009-11-23 16:20:08','stithtownsend',1,NULL,NULL,NULL,NULL,NULL,NULL),(367,'Charles D. (b) Coxe','male',NULL,NULL,NULL,'Probably the same as Charles D. (a) Coxe.  More research required.','2009-03-17 22:45:19','2011-12-31 20:01:48','coxecharlesd.(b)',1,NULL,NULL,NULL,NULL,NULL,NULL),(368,'Joseph Ingraham','male',NULL,NULL,NULL,NULL,'2009-03-17 22:45:19','2009-11-23 16:20:08','ingrahamjoseph',1,NULL,NULL,NULL,NULL,NULL,NULL),(369,'Bryan Mcdonough  Dr.','male',NULL,NULL,NULL,NULL,'2009-03-17 22:45:19','2009-11-23 16:20:08','mcdonoughbryan',1,NULL,NULL,NULL,NULL,NULL,NULL),(370,'John Ridgely','male',NULL,NULL,NULL,NULL,'2009-03-17 22:45:19','2009-11-23 16:20:08','ridgelyjohn',1,NULL,NULL,NULL,NULL,NULL,NULL),(371,'George Davis','male',NULL,NULL,NULL,NULL,'2009-03-17 22:45:19','2009-11-23 16:20:08','davisgeorge',1,NULL,NULL,NULL,NULL,NULL,NULL),(372,'John Payne','male',NULL,NULL,NULL,NULL,'2009-03-17 22:45:19','2009-11-23 16:20:08','paynejohn',1,NULL,NULL,NULL,NULL,NULL,NULL),(373,'Kaverio Naudi','male',NULL,NULL,NULL,NULL,'2009-03-17 22:45:19','2009-11-23 16:20:58','naudikaverio',0,NULL,NULL,NULL,NULL,NULL,NULL),(374,'Richard B. Jones','male',NULL,NULL,NULL,NULL,'2009-03-17 22:45:19','2009-11-23 16:20:08','jonesrichardb.',1,NULL,NULL,NULL,NULL,NULL,NULL),(375,'John Carstensen','male',NULL,NULL,NULL,NULL,'2009-03-17 22:45:19','2009-11-23 16:20:58','carstensenjohn',0,NULL,NULL,NULL,NULL,NULL,NULL),(376,'___ Brashear','male',NULL,NULL,NULL,NULL,'2009-03-17 22:45:19','2009-11-23 16:20:08','brashear___',1,NULL,NULL,NULL,NULL,NULL,NULL),(377,'Charles D. (a) Coxe','male',NULL,NULL,NULL,'Probably the same as Charles D. (b) Coxe.  More research required.','2009-03-17 22:45:20','2011-12-31 20:02:27','coxecharlesd.(a)',1,NULL,NULL,NULL,NULL,NULL,NULL),(378,'John Elmslie  Jr.','male',NULL,NULL,NULL,NULL,'2009-03-17 22:45:20','2009-11-23 16:20:08','elmsliejohn',1,NULL,NULL,NULL,NULL,NULL,NULL),(379,'Benjamin Joy','male',NULL,NULL,NULL,NULL,'2009-03-17 22:45:20','2009-11-23 16:20:08','joybenjamin',1,NULL,NULL,NULL,NULL,NULL,NULL),(380,'William James Miller','male',NULL,NULL,NULL,NULL,'2009-03-17 22:45:20','2009-11-23 16:20:08','millerwilliamjames',1,NULL,NULL,NULL,NULL,NULL,NULL),(381,'Jacob Lewis','male',NULL,NULL,NULL,NULL,'2009-03-17 22:45:20','2009-11-23 16:20:08','lewisjacob',1,NULL,NULL,NULL,NULL,NULL,NULL),(382,'William Abbot','male',NULL,NULL,NULL,NULL,'2009-03-17 22:45:20','2009-11-23 16:20:58','abbotwilliam',0,NULL,NULL,NULL,NULL,NULL,NULL),(383,'William Mccarty','male',NULL,NULL,NULL,NULL,'2009-03-17 22:45:20','2009-11-23 16:20:08','mccartywilliam',1,NULL,NULL,NULL,NULL,NULL,NULL),(384,'Samuel S. Cooper','male',NULL,NULL,NULL,NULL,'2009-03-17 22:45:20','2009-11-23 16:20:08','coopersamuels.',1,NULL,NULL,NULL,NULL,NULL,NULL),(385,'William Buchanan','male',NULL,NULL,NULL,NULL,'2009-03-17 22:45:20','2009-11-23 16:20:08','buchananwilliam',1,NULL,NULL,NULL,NULL,NULL,NULL),(386,'Martin Bickham','male',NULL,NULL,NULL,NULL,'2009-03-17 22:45:20','2009-11-23 16:20:08','bickhammartin',1,NULL,NULL,NULL,NULL,NULL,NULL),(387,'John B. Davy','male',NULL,NULL,NULL,NULL,'2009-03-17 22:45:20','2009-11-23 16:20:08','davyjohnb.',1,NULL,NULL,NULL,NULL,NULL,NULL),(388,'Thomas Hewes','male',NULL,NULL,NULL,NULL,'2009-03-17 22:45:20','2009-11-23 16:20:08','hewesthomas',1,NULL,NULL,NULL,NULL,NULL,NULL),(389,'John Mcclallan','male',NULL,NULL,NULL,NULL,'2009-03-17 22:45:20','2009-11-23 16:20:08','mcclallanjohn',1,NULL,NULL,NULL,NULL,NULL,NULL),(390,'Abraham E. Soesman','male',NULL,NULL,NULL,NULL,'2009-03-17 22:45:20','2009-11-23 16:20:08','soesmanabrahame.',1,NULL,NULL,NULL,NULL,NULL,NULL),(391,'James Wilson','male',NULL,NULL,NULL,NULL,'2009-03-17 22:45:20','2009-11-23 16:20:08','wilsonjames',1,NULL,NULL,NULL,NULL,NULL,NULL),(392,'John Shillaber','male',NULL,NULL,NULL,NULL,'2009-03-17 22:45:20','2009-11-23 16:20:08','shillaberjohn',1,NULL,NULL,NULL,NULL,NULL,NULL),(393,'John Stuart Kerr','male',NULL,NULL,NULL,NULL,'2009-03-17 22:45:20','2009-11-23 16:20:08','kerrjohnstuart',1,NULL,NULL,NULL,NULL,NULL,NULL),(394,'Andrew Stewart','male',NULL,NULL,NULL,NULL,'2009-03-17 22:45:20','2009-11-23 16:20:08','stewartandrew',1,NULL,NULL,NULL,NULL,NULL,NULL),(395,'George W. Hubbell','male',NULL,NULL,NULL,NULL,'2009-03-17 22:45:20','2009-11-23 16:20:08','hubbellgeorgew.',1,NULL,NULL,NULL,NULL,NULL,NULL),(396,'Thomas Randall','male',NULL,NULL,NULL,NULL,'2009-03-17 22:45:20','2009-11-23 16:20:08','randallthomas',1,NULL,NULL,NULL,NULL,NULL,NULL),(397,'Samuel Shaw','male',NULL,NULL,NULL,NULL,'2009-03-17 22:45:20','2009-11-23 16:20:08','shawsamuel',1,NULL,NULL,NULL,NULL,NULL,NULL),(398,'Samuel Snow','male',NULL,NULL,NULL,NULL,'2009-03-17 22:45:20','2009-11-23 16:20:08','snowsamuel',1,NULL,NULL,NULL,NULL,NULL,NULL),(399,'James Reid','male',NULL,NULL,NULL,NULL,'2009-03-17 22:45:20','2009-11-23 16:20:08','reidjames',1,NULL,NULL,NULL,NULL,NULL,NULL),(400,'Edward Carrington','male',NULL,NULL,NULL,NULL,'2009-03-17 22:45:20','2009-11-23 16:20:08','carringtonedward',1,NULL,NULL,NULL,NULL,NULL,NULL),(401,'Benjamin C. Wilcocks','male',NULL,NULL,NULL,NULL,'2009-03-17 22:45:20','2009-11-23 16:20:08','wilcocksbenjaminc.',1,NULL,NULL,NULL,NULL,NULL,NULL),(402,'Richard R. Thomson','male',NULL,NULL,NULL,NULL,'2009-03-17 22:45:20','2009-11-23 16:20:08','thomsonrichardr.',1,NULL,NULL,NULL,NULL,NULL,NULL),(403,'John R. Thomson','male',NULL,NULL,NULL,NULL,'2009-03-17 22:45:20','2009-11-23 16:20:08','thomsonjohnr.',1,NULL,NULL,NULL,NULL,NULL,NULL),(404,'John C. Jones  Jr.','male',NULL,NULL,NULL,NULL,'2009-03-17 22:45:20','2009-11-23 16:20:08','jonesjohnc.',1,NULL,NULL,NULL,NULL,NULL,NULL),(405,'W. G. Tucker','male',NULL,NULL,NULL,NULL,'2009-03-17 22:45:20','2009-11-23 16:20:58','tuckerw.g.',0,NULL,NULL,NULL,NULL,NULL,NULL),(406,'Francis Forbes','male',NULL,NULL,NULL,NULL,'2009-03-17 22:45:20','2009-11-23 16:20:08','forbesfrancis',1,NULL,NULL,NULL,NULL,NULL,NULL),(407,'Thomas (Gen.) Pinckney','male',NULL,NULL,NULL,'This is probably the same person as Thomas Pinckney.  But more research is required.','2009-03-17 22:45:20','2011-12-31 23:08:56','pinckneythomas(gen.)',1,NULL,NULL,NULL,NULL,NULL,NULL),(408,'William R. Higinbotham','male',NULL,NULL,NULL,NULL,'2009-03-17 22:45:20','2009-11-23 16:20:08','higinbothamwilliamr.',1,NULL,NULL,NULL,NULL,NULL,NULL),(409,'Francis Forbes Hinson','male',NULL,NULL,NULL,NULL,'2009-03-17 22:45:20','2009-11-23 16:20:58','hinsonfrancisforbes',0,NULL,NULL,NULL,NULL,NULL,NULL),(410,'James Seagrove','male',NULL,NULL,NULL,NULL,'2009-03-17 22:45:20','2009-11-23 16:20:08','seagrovejames',1,NULL,NULL,NULL,NULL,NULL,NULL),(411,'James Wilkinson','male',NULL,NULL,NULL,NULL,'2009-03-17 22:45:20','2009-11-23 16:20:08','wilkinsonjames',1,NULL,NULL,NULL,NULL,NULL,NULL),(412,'George Mathews','male',NULL,NULL,NULL,NULL,'2009-03-17 22:45:20','2009-11-23 16:20:08','mathewsgeorge',1,NULL,NULL,NULL,NULL,NULL,NULL),(413,'John Mckee','male',NULL,NULL,NULL,NULL,'2009-03-17 22:45:20','2009-11-23 16:20:08','mckeejohn',1,NULL,NULL,NULL,NULL,NULL,NULL),(414,'David B. Mitchell','male',NULL,NULL,NULL,NULL,'2009-03-17 22:45:20','2009-11-23 16:20:08','mitchelldavidb.',1,NULL,NULL,NULL,NULL,NULL,NULL),(415,'Procopio Pollock','male',NULL,NULL,NULL,NULL,'2009-03-17 22:45:20','2009-11-23 16:20:08','pollockprocopio',1,NULL,NULL,NULL,NULL,NULL,NULL),(416,'William Empson Rulings','male',NULL,NULL,NULL,NULL,'2009-03-17 22:45:20','2009-11-23 16:20:08','rulingswilliamempson',1,NULL,NULL,NULL,NULL,NULL,NULL),(417,'Evan Jones','male',NULL,NULL,NULL,NULL,'2009-03-17 22:45:20','2009-11-23 16:20:08','jonesevan',1,NULL,NULL,NULL,NULL,NULL,NULL),(418,'Daniel Clark','male',NULL,NULL,NULL,NULL,'2009-03-17 22:45:20','2009-11-23 16:20:08','clarkdaniel',1,NULL,NULL,NULL,NULL,NULL,NULL),(419,'William C. C. Claiborne','male',NULL,NULL,NULL,NULL,'2009-03-17 22:45:20','2009-11-23 16:20:08','claibornewilliamc.c.',1,NULL,NULL,NULL,NULL,NULL,NULL),(420,'John B. Prevost','male',NULL,NULL,NULL,NULL,'2009-03-17 22:45:20','2009-11-23 16:20:08','prevostjohnb.',1,NULL,NULL,NULL,NULL,NULL,NULL),(421,'James Biddle  Cdore.','male',NULL,NULL,NULL,NULL,'2009-03-17 22:45:20','2009-11-23 16:20:08','biddlejames',1,NULL,NULL,NULL,NULL,NULL,NULL),(422,'Joseph M. Yznardi','male',NULL,NULL,NULL,NULL,'2009-03-17 22:45:20','2009-11-23 16:20:08','yznardijosephm.',1,NULL,NULL,NULL,NULL,NULL,NULL),(423,'Daniel Hawley','male',NULL,NULL,NULL,NULL,'2009-03-17 22:45:20','2009-11-23 16:20:08','hawleydaniel',1,NULL,NULL,NULL,NULL,NULL,NULL),(424,'John Morton','male',NULL,NULL,NULL,NULL,'2009-03-17 22:45:20','2009-11-23 16:20:08','mortonjohn',1,NULL,NULL,NULL,NULL,NULL,NULL),(425,'Robert Young','male',NULL,NULL,NULL,NULL,'2009-03-17 22:45:20','2009-11-23 16:20:08','youngrobert',1,NULL,NULL,NULL,NULL,NULL,NULL),(426,'Henry Hill  Jr.','male',NULL,NULL,NULL,NULL,'2009-03-17 22:45:20','2009-11-23 16:20:08','hillhenry',1,NULL,NULL,NULL,NULL,NULL,NULL),(427,'Stephen Kingston','male',NULL,NULL,NULL,NULL,'2009-03-17 22:45:20','2009-11-23 16:20:08','kingstonstephen',1,NULL,NULL,NULL,NULL,NULL,NULL),(428,'George P. Stevenson','male',NULL,NULL,NULL,NULL,'2009-03-17 22:45:20','2009-11-23 16:20:08','stevensongeorgep.',1,NULL,NULL,NULL,NULL,NULL,NULL),(429,'James G. Forbes','male',NULL,NULL,NULL,NULL,'2009-03-17 22:45:20','2009-11-23 16:20:08','forbesjamesg.',1,NULL,NULL,NULL,NULL,NULL,NULL),(430,'Gilbert L. Thompson','male',NULL,NULL,NULL,NULL,'2009-03-17 22:45:20','2009-11-23 16:20:08','thompsongilbertl.',1,NULL,NULL,NULL,NULL,NULL,NULL),(431,'John Warner','male',NULL,NULL,NULL,NULL,'2009-03-17 22:45:20','2009-11-23 16:20:08','warnerjohn',1,NULL,NULL,NULL,NULL,NULL,NULL),(432,'Thomas W. Rodney','male',NULL,NULL,NULL,NULL,'2009-03-17 22:45:20','2009-11-23 16:20:08','rodneythomasw.',1,NULL,NULL,NULL,NULL,NULL,NULL),(433,'John W. Mcfadon','male',NULL,NULL,NULL,NULL,'2009-03-17 22:45:20','2009-11-23 16:20:08','mcfadonjohnw.',1,NULL,NULL,NULL,NULL,NULL,NULL),(434,'Craven Thompson Peyton','male',NULL,NULL,NULL,NULL,'2009-03-17 22:45:20','2009-11-23 16:20:08','peytoncraventhompson',1,NULL,NULL,NULL,NULL,NULL,NULL),(435,'Lewis Shoemaker','male',NULL,NULL,NULL,NULL,'2009-03-17 22:45:20','2009-11-23 16:20:08','shoemakerlewis',1,NULL,NULL,NULL,NULL,NULL,NULL),(436,'Josiah Blakely','male',NULL,NULL,NULL,NULL,'2009-03-17 22:45:20','2009-11-23 16:20:08','blakelyjosiah',1,NULL,NULL,NULL,NULL,NULL,NULL),(437,'Maurice Rogers','male',NULL,NULL,NULL,NULL,'2009-03-17 22:45:20','2009-11-23 16:20:08','rogersmaurice',1,NULL,NULL,NULL,NULL,NULL,NULL),(438,'William Stone  Jr.','male',NULL,NULL,NULL,NULL,'2009-03-17 22:45:20','2009-11-23 16:20:08','stonewilliam',1,NULL,NULL,NULL,NULL,NULL,NULL),(439,'John Mason','male',NULL,NULL,NULL,NULL,'2009-03-17 22:45:20','2009-11-23 16:20:08','masonjohn',1,NULL,NULL,NULL,NULL,NULL,NULL),(440,'Daniel Giraud','male',NULL,NULL,NULL,NULL,'2009-03-17 22:45:20','2009-11-23 16:20:08','girauddaniel',1,NULL,NULL,NULL,NULL,NULL,NULL),(441,'James I. Wright','male',NULL,NULL,NULL,NULL,'2009-03-17 22:45:20','2009-11-23 16:20:08','wrightjamesi.',1,NULL,NULL,NULL,NULL,NULL,NULL),(442,'Jacob B. Comegys','male',NULL,NULL,NULL,NULL,'2009-03-17 22:45:20','2009-11-23 16:20:08','comegysjacobb.',1,NULL,NULL,NULL,NULL,NULL,NULL),(443,'James Baker','male',NULL,NULL,NULL,NULL,'2009-03-17 22:45:20','2009-11-23 16:20:08','bakerjames',1,NULL,NULL,NULL,NULL,NULL,NULL),(444,'Frederick Folger','male',NULL,NULL,NULL,NULL,'2009-03-17 22:45:20','2009-11-23 16:20:08','folgerfrederick',1,NULL,NULL,NULL,NULL,NULL,NULL),(445,'Jacob Mayer','male',NULL,NULL,NULL,NULL,'2009-03-17 22:45:20','2009-11-23 16:20:08','mayerjacob',1,NULL,NULL,NULL,NULL,NULL,NULL),(446,'Edward Stevens','male',NULL,NULL,NULL,NULL,'2009-03-17 22:45:20','2009-11-23 16:20:08','stevensedward',1,NULL,NULL,NULL,NULL,NULL,NULL),(447,'Bartholomew Dandridge','male',NULL,NULL,NULL,NULL,'2009-03-17 22:45:20','2009-11-23 16:20:08','dandridgebartholomew',1,NULL,NULL,NULL,NULL,NULL,NULL),(448,'Richard Yates','male',NULL,NULL,NULL,NULL,'2009-03-17 22:47:10','2009-11-23 16:20:08','yatesrichard',1,NULL,NULL,NULL,NULL,NULL,NULL),(449,'Aaron B. Nones','male',NULL,NULL,NULL,NULL,'2009-03-17 22:47:10','2009-11-23 16:20:08','nonesaaronb.',1,NULL,NULL,NULL,NULL,NULL,NULL),(450,'Alexander Tate','male',NULL,NULL,NULL,NULL,'2009-03-17 22:47:10','2009-11-23 16:20:08','tatealexander',1,NULL,NULL,NULL,NULL,NULL,NULL),(451,'James A. Holden','male',NULL,NULL,NULL,NULL,'2009-03-17 22:47:10','2009-11-23 16:20:08','holdenjamesa.',1,NULL,NULL,NULL,NULL,NULL,NULL),(452,'Henry Hammond','male',NULL,NULL,NULL,NULL,'2009-03-17 22:47:10','2009-11-23 16:20:08','hammondhenry',1,NULL,NULL,NULL,NULL,NULL,NULL),(453,'John E. Caldwell','male',NULL,NULL,NULL,NULL,'2009-03-17 22:47:10','2009-11-23 16:20:08','caldwelljohne.',1,NULL,NULL,NULL,NULL,NULL,NULL),(454,'William Taylor','male',NULL,NULL,NULL,NULL,'2009-03-17 22:47:10','2009-11-23 16:20:08','taylorwilliam',1,NULL,NULL,NULL,NULL,NULL,NULL),(455,'John N. D\'arcy','male',NULL,NULL,NULL,NULL,'2009-03-17 22:47:10','2009-11-23 16:20:08','d\'arcyjohnn.',1,NULL,NULL,NULL,NULL,NULL,NULL),(456,'James E. Brice','male',NULL,NULL,NULL,NULL,'2009-03-17 22:47:10','2009-11-23 16:20:08','bricejamese.',1,NULL,NULL,NULL,NULL,NULL,NULL),(457,'James Gillespie','male',NULL,NULL,NULL,NULL,'2009-03-17 22:47:10','2009-11-23 16:20:08','gillespiejames',1,NULL,NULL,NULL,NULL,NULL,NULL),(458,'Septimus Tyler','male',NULL,NULL,NULL,NULL,'2009-03-17 22:47:10','2009-11-23 16:20:08','tylerseptimus',1,NULL,NULL,NULL,NULL,NULL,NULL),(459,'Andrew Armstrong','male',NULL,NULL,NULL,NULL,'2009-03-17 22:47:10','2009-11-23 16:20:08','armstrongandrew',1,NULL,NULL,NULL,NULL,NULL,NULL),(460,'Jabez Boothroyd','male',NULL,NULL,NULL,NULL,'2009-03-17 22:47:10','2009-11-23 16:20:08','boothroydjabez',1,NULL,NULL,NULL,NULL,NULL,NULL),(461,'William Haley  Capt. USN','male',NULL,NULL,NULL,NULL,'2009-03-17 22:47:10','2009-11-23 16:20:08','haleywilliam',1,NULL,NULL,NULL,NULL,NULL,NULL),(462,'Thomas Spalding','male',NULL,NULL,NULL,NULL,'2009-03-17 22:47:10','2009-11-23 16:20:08','spaldingthomas',1,NULL,NULL,NULL,NULL,NULL,NULL),(463,'Peter Lanman','male',NULL,NULL,NULL,NULL,'2009-03-17 22:47:10','2009-11-23 16:20:08','lanmanpeter',1,NULL,NULL,NULL,NULL,NULL,NULL),(464,'Gillies Thompson','male',NULL,NULL,NULL,NULL,'2009-03-17 22:47:10','2009-11-23 16:20:08','thompsongillies',1,NULL,NULL,NULL,NULL,NULL,NULL),(465,'Judah Lord','male',NULL,NULL,NULL,NULL,'2009-03-17 22:47:10','2009-11-23 16:20:08','lordjudah',1,NULL,NULL,NULL,NULL,NULL,NULL),(466,'Robert Monroe Harrison','male',NULL,NULL,NULL,NULL,'2009-03-17 22:47:10','2009-11-23 16:20:08','harrisonrobertmonroe',1,NULL,NULL,NULL,NULL,NULL,NULL),(467,'John Shallcross','male',NULL,NULL,NULL,NULL,'2009-03-17 22:47:10','2009-11-23 16:20:08','shallcrossjohn',1,NULL,NULL,NULL,NULL,NULL,NULL),(468,'Joseph Walker Rose','male',NULL,NULL,NULL,NULL,'2009-03-17 22:47:10','2009-11-23 16:20:08','rosejosephwalker',1,NULL,NULL,NULL,NULL,NULL,NULL),(469,'Edward Jones','male',NULL,NULL,NULL,NULL,'2009-03-17 22:47:10','2009-11-23 16:20:08','jonesedward',1,NULL,NULL,NULL,NULL,NULL,NULL),(470,'Philip De peyster','male',NULL,NULL,NULL,NULL,'2009-03-17 22:49:29','2009-11-23 16:20:08','depeysterphilip',1,NULL,NULL,NULL,NULL,NULL,NULL),(471,'Francis Benjamin Faures','male',NULL,NULL,NULL,NULL,'2009-03-17 22:49:29','2009-11-23 16:20:08','fauresfrancisbenjamin',1,NULL,NULL,NULL,NULL,NULL,NULL),(472,'Nathaniel Cabot Higginson','male','1768-02-12','1794-07-01',78,NULL,'2009-03-17 22:49:29','2011-12-14 21:44:24','higginsonnathaniel',1,1,1,1,0,1,1),(473,'James Perot','male',NULL,NULL,NULL,NULL,'2009-03-17 22:49:29','2009-11-23 16:20:08','perotjames',1,NULL,NULL,NULL,NULL,NULL,NULL),(474,'William Perot','male',NULL,NULL,NULL,NULL,'2009-03-17 22:49:29','2009-11-23 16:20:08','perotwilliam',1,NULL,NULL,NULL,NULL,NULL,NULL),(475,'John M. Kankey','male',NULL,NULL,NULL,NULL,'2009-03-17 22:49:29','2009-11-23 16:20:08','kankeyjohnm.',1,NULL,NULL,NULL,NULL,NULL,NULL),(476,'Benjamin Hamnel Philips','male',NULL,NULL,NULL,NULL,'2009-03-17 22:49:29','2009-11-23 16:20:08','philipsbenjaminhamnel',1,NULL,NULL,NULL,NULL,NULL,NULL),(477,'Abel Boynton','male',NULL,NULL,NULL,NULL,'2009-03-17 22:49:29','2009-11-23 16:20:08','boyntonabel',1,NULL,NULL,NULL,NULL,NULL,NULL),(478,'John B. Frazier','male',NULL,NULL,NULL,NULL,'2009-03-17 22:49:29','2009-11-23 16:20:08','frazierjohnb.',1,NULL,NULL,NULL,NULL,NULL,NULL),(479,'Cortland Parker','male',NULL,NULL,NULL,NULL,'2009-03-17 22:49:29','2009-11-23 16:20:08','parkercortland',1,NULL,NULL,NULL,NULL,NULL,NULL),(480,'John Stork','male',NULL,NULL,NULL,NULL,'2009-03-17 22:49:29','2009-11-23 16:20:08','storkjohn',1,NULL,NULL,NULL,NULL,NULL,NULL),(481,'Thomas Wynns','male',NULL,NULL,NULL,NULL,'2009-03-17 22:49:29','2009-11-23 16:20:08','wynnsthomas',1,NULL,NULL,NULL,NULL,NULL,NULL),(482,'Job Wall','male',NULL,NULL,NULL,NULL,'2009-03-17 22:49:29','2009-11-23 16:20:08','walljob',1,NULL,NULL,NULL,NULL,NULL,NULL),(483,'Isaac Prince','male',NULL,NULL,NULL,NULL,'2009-03-17 22:49:29','2009-11-23 16:20:08','princeisaac',1,NULL,NULL,NULL,NULL,NULL,NULL),(484,'William Israel','male',NULL,NULL,NULL,NULL,'2009-03-17 22:49:29','2009-11-23 16:20:08','israelwilliam',1,NULL,NULL,NULL,NULL,NULL,NULL),(485,'Joseph Ficklin','male',NULL,NULL,NULL,NULL,'2009-03-17 22:49:29','2009-11-23 16:20:08','ficklinjoseph',1,NULL,NULL,NULL,NULL,NULL,NULL),(486,'Joshua Norvel','male',NULL,NULL,NULL,NULL,'2009-03-17 22:49:30','2009-11-23 16:20:08','norveljoshua',1,NULL,NULL,NULL,NULL,NULL,NULL),(487,'Hugh Steele','male',NULL,NULL,NULL,NULL,'2009-03-17 22:49:30','2009-11-23 16:20:08','steelehugh',1,NULL,NULL,NULL,NULL,NULL,NULL),(488,'Yard james','male',NULL,NULL,NULL,NULL,'2009-03-17 22:49:30','2009-11-23 16:20:08','yardjames',1,NULL,NULL,NULL,NULL,NULL,NULL),(489,'Thomas Gamble','male',NULL,NULL,NULL,NULL,'2009-03-17 22:49:30','2009-11-23 16:20:08','gamblethomas',1,NULL,NULL,NULL,NULL,NULL,NULL),(490,'James Robert Mullany','male',NULL,NULL,NULL,NULL,'2009-03-17 22:49:30','2009-11-23 16:20:08','mullanyjamesrobert',1,NULL,NULL,NULL,NULL,NULL,NULL),(491,'Robert Jaques','male',NULL,NULL,NULL,NULL,'2009-03-17 22:49:30','2009-11-23 16:20:08','jaquesrobert',1,NULL,NULL,NULL,NULL,NULL,NULL),(492,'Joseph Ridgway','male',NULL,NULL,NULL,NULL,'2009-03-17 22:49:30','2009-11-23 16:20:08','ridgwayjoseph',1,NULL,NULL,NULL,NULL,NULL,NULL),(493,'John F. Brown','male',NULL,NULL,NULL,NULL,'2009-03-17 22:49:30','2009-11-23 16:20:08','brownjohnf.',1,NULL,NULL,NULL,NULL,NULL,NULL),(494,'James Mcgreggor','male',NULL,NULL,NULL,NULL,'2009-03-17 22:49:30','2009-11-23 16:20:08','mcgreggorjames',1,NULL,NULL,NULL,NULL,NULL,NULL),(495,'Nathan Levy','male',NULL,NULL,NULL,NULL,'2009-03-17 22:49:30','2009-11-23 16:20:08','levynathan',1,NULL,NULL,NULL,NULL,NULL,NULL),(496,'David Matthew Clarkson','male',NULL,NULL,NULL,NULL,'2009-03-17 22:49:30','2009-11-23 16:20:08','clarksondavidmatthew',1,NULL,NULL,NULL,NULL,NULL,NULL),(497,'William Gamble','male',NULL,NULL,NULL,NULL,'2009-03-17 22:49:30','2009-11-23 16:20:08','gamblewilliam',1,NULL,NULL,NULL,NULL,NULL,NULL),(498,'Thomas Hewitt  Jr.','male',NULL,NULL,NULL,NULL,'2009-03-17 22:49:30','2009-11-23 16:20:08','hewittthomas',1,NULL,NULL,NULL,NULL,NULL,NULL),(499,'George M. Tapshire','male',NULL,NULL,NULL,NULL,'2009-03-17 22:49:30','2009-11-23 16:20:08','tapshiregeorgem.',1,NULL,NULL,NULL,NULL,NULL,NULL),(500,'David Easton','male',NULL,NULL,NULL,NULL,'2009-03-17 22:49:30','2009-11-23 16:20:08','eastondavid',1,NULL,NULL,NULL,NULL,NULL,NULL),(501,'Silas Mareau','male',NULL,NULL,NULL,NULL,'2009-03-17 22:49:30','2009-11-23 16:20:08','mareausilas',1,NULL,NULL,NULL,NULL,NULL,NULL),(502,'Charles L. Bartlett','male',NULL,NULL,NULL,NULL,'2009-03-17 22:49:30','2009-11-23 16:20:08','bartlettcharlesl.',1,NULL,NULL,NULL,NULL,NULL,NULL),(503,'Harvey Gregg','male',NULL,NULL,NULL,NULL,'2009-03-17 22:49:30','2009-11-23 16:20:08','greggharvey',1,NULL,NULL,NULL,NULL,NULL,NULL),(504,'Thomas Reilly','male',NULL,NULL,NULL,NULL,'2009-03-17 22:49:30','2009-11-23 16:20:08','reillythomas',1,NULL,NULL,NULL,NULL,NULL,NULL),(505,'Joseph M. Espada','male',NULL,NULL,NULL,NULL,'2009-03-17 22:49:30','2009-11-23 16:20:08','espadajosephm.',1,NULL,NULL,NULL,NULL,NULL,NULL),(506,'Henry Perrine','male',NULL,NULL,NULL,NULL,'2009-03-17 22:49:30','2009-11-23 16:20:08','perrinehenry',1,NULL,NULL,NULL,NULL,NULL,NULL),(507,'Joshua Pilcher','male',NULL,NULL,NULL,NULL,'2009-03-17 22:49:30','2009-11-23 16:20:08','pilcherjoshua',1,NULL,NULL,NULL,NULL,NULL,NULL),(508,'John H. Robinson','male',NULL,NULL,NULL,NULL,'2009-03-17 22:49:30','2009-11-23 16:20:08','robinsonjohnh.',1,NULL,NULL,NULL,NULL,NULL,NULL),(509,'James Smith Wilcocks','male',NULL,NULL,NULL,NULL,'2009-03-17 22:49:30','2009-11-23 16:20:08','wilcocksjamessmith',1,NULL,NULL,NULL,NULL,NULL,NULL),(510,'Joel Robert Poinsett','male',NULL,NULL,NULL,NULL,'2009-03-17 22:49:30','2009-11-23 16:20:08','poinsettjoelrobert',1,NULL,NULL,NULL,NULL,NULL,NULL),(511,'Nathaniel G. Ingraham  Jr','male',NULL,NULL,NULL,NULL,'2009-03-17 22:49:30','2009-11-23 16:20:08','ingrahamnathanielg.',1,NULL,NULL,NULL,NULL,NULL,NULL),(512,'George R. Robertson','male',NULL,NULL,NULL,NULL,'2009-03-17 22:49:30','2009-11-23 16:20:08','robertsongeorger.',1,NULL,NULL,NULL,NULL,NULL,NULL),(513,'Charles Savage','male',NULL,NULL,NULL,NULL,'2009-03-17 22:49:30','2009-11-23 16:20:08','savagecharles',1,NULL,NULL,NULL,NULL,NULL,NULL),(514,'John Williams','male',NULL,NULL,NULL,NULL,'2009-03-17 22:49:30','2009-11-23 16:20:08','williamsjohn',1,NULL,NULL,NULL,NULL,NULL,NULL),(515,'William Phillips','male',NULL,NULL,NULL,NULL,'2009-03-17 22:49:30','2009-11-23 16:20:08','phillipswilliam',1,NULL,NULL,NULL,NULL,NULL,NULL),(516,'Alfred Seton','male',NULL,NULL,NULL,NULL,'2009-03-17 22:49:30','2009-11-23 16:20:08','setonalfred',1,NULL,NULL,NULL,NULL,NULL,NULL),(517,'Charles Morris  Cdore.','male',NULL,NULL,NULL,NULL,'2009-03-17 22:49:30','2009-11-23 16:20:08','morrischarles',1,NULL,NULL,NULL,NULL,NULL,NULL),(518,'Samuel D. Forsyth','male',NULL,NULL,NULL,NULL,'2009-03-17 22:49:30','2009-11-23 16:20:08','forsythsamueld.',1,NULL,NULL,NULL,NULL,NULL,NULL),(519,'Charles Stewart Todd','male',NULL,NULL,NULL,NULL,'2009-03-17 22:49:30','2009-11-23 16:20:08','toddcharlesstewart',1,NULL,NULL,NULL,NULL,NULL,NULL),(520,'Richard C. Anderson','male',NULL,NULL,NULL,NULL,'2009-03-17 22:49:30','2009-11-23 16:20:08','andersonrichardc.',1,NULL,NULL,NULL,NULL,NULL,NULL),(521,'Beaufort T. Watts','male',NULL,NULL,NULL,NULL,'2009-03-17 22:49:30','2009-11-23 16:20:08','wattsbeaufortt.',1,NULL,NULL,NULL,NULL,NULL,NULL),(522,'John M. Macpherson','male',NULL,NULL,NULL,NULL,'2009-03-17 22:49:30','2009-11-23 16:20:08','macphersonjohnm.',1,NULL,NULL,NULL,NULL,NULL,NULL),(523,'Charles Macneal','male',NULL,NULL,NULL,NULL,'2009-03-17 22:49:30','2009-11-23 16:20:08','macnealcharles',1,NULL,NULL,NULL,NULL,NULL,NULL),(524,'David S. Craig','male',NULL,NULL,NULL,NULL,'2009-03-17 22:49:30','2009-11-23 16:20:08','craigdavids.',1,NULL,NULL,NULL,NULL,NULL,NULL),(525,'William Radcliff','male',NULL,NULL,NULL,NULL,'2009-03-17 22:49:30','2009-11-23 16:20:08','radcliffwilliam',1,NULL,NULL,NULL,NULL,NULL,NULL),(526,'Harris E. Fudger','male',NULL,NULL,NULL,NULL,'2009-03-17 22:49:30','2009-11-23 16:20:08','fudgerharrise.',1,NULL,NULL,NULL,NULL,NULL,NULL),(527,'William J. Seaver','male',NULL,NULL,NULL,NULL,'2009-03-17 22:49:30','2009-11-23 16:20:08','seaverwilliamj.',1,NULL,NULL,NULL,NULL,NULL,NULL),(528,'Alexander Scott','male',NULL,NULL,NULL,NULL,'2009-03-17 22:49:30','2009-11-23 16:20:08','scottalexander',1,NULL,NULL,NULL,NULL,NULL,NULL),(529,'Baptis Irvine','male',NULL,NULL,NULL,NULL,'2009-03-17 22:49:30','2009-11-23 16:20:08','irvinebaptis',1,NULL,NULL,NULL,NULL,NULL,NULL),(530,'Augustin Madan','male',NULL,NULL,NULL,NULL,'2009-03-17 22:49:30','2009-11-23 16:20:58','madanaugustin',0,NULL,NULL,NULL,NULL,NULL,NULL),(531,'Robert K. Lowry','male',NULL,NULL,NULL,NULL,'2009-03-17 22:49:30','2009-11-23 16:20:08','lowryrobertk.',1,NULL,NULL,NULL,NULL,NULL,NULL),(532,'Abraham B. Noes','male',NULL,NULL,NULL,NULL,'2009-03-17 22:49:30','2009-11-23 16:20:08','noesabrahamb.',1,NULL,NULL,NULL,NULL,NULL,NULL),(533,'Franklin Litchfield','male',NULL,NULL,NULL,NULL,'2009-03-17 22:49:30','2009-11-23 16:20:08','litchfieldfranklin',1,NULL,NULL,NULL,NULL,NULL,NULL),(534,'Samuel Cooper Johonnet','male',NULL,NULL,NULL,NULL,'2009-03-17 22:49:30','2009-11-23 16:20:08','johonnetsamuelcooper',1,NULL,NULL,NULL,NULL,NULL,NULL),(535,'Nicholas Rousselet','male',NULL,NULL,NULL,NULL,'2009-03-17 22:49:30','2009-11-23 16:20:08','rousseletnicholas',1,NULL,NULL,NULL,NULL,NULL,NULL),(536,'William P. Gardner','male',NULL,NULL,NULL,NULL,'2009-03-17 22:49:30','2009-11-23 16:20:08','gardnerwilliamp.',1,NULL,NULL,NULL,NULL,NULL,NULL),(537,'Edmund Roberts','male',NULL,NULL,NULL,NULL,'2009-03-17 22:49:30','2009-11-23 16:20:08','robertsedmund',1,NULL,NULL,NULL,NULL,NULL,NULL),(538,'Thomas Aborn','male',NULL,NULL,NULL,NULL,'2009-03-17 22:49:30','2009-11-23 16:20:08','abornthomas',1,NULL,NULL,NULL,NULL,NULL,NULL),(539,'Ebenezer Brush','male',NULL,NULL,NULL,NULL,'2009-03-17 22:49:30','2009-11-23 16:20:08','brushebenezer',1,NULL,NULL,NULL,NULL,NULL,NULL),(540,'Turrell Tufts','male',NULL,NULL,NULL,NULL,'2009-03-17 22:49:30','2009-11-23 16:20:08','tuftsturrell',1,NULL,NULL,NULL,NULL,NULL,NULL),(541,'Thomas Trask','male',NULL,NULL,NULL,NULL,'2009-03-17 22:49:30','2009-11-23 16:20:08','traskthomas',1,NULL,NULL,NULL,NULL,NULL,NULL),(542,'William Wheelwright','male',NULL,NULL,NULL,NULL,'2009-03-17 22:49:30','2009-11-23 16:20:08','wheelwrightwilliam',1,NULL,NULL,NULL,NULL,NULL,NULL),(543,'Jeremy Robinson','male',NULL,NULL,NULL,NULL,'2009-03-17 22:49:30','2009-11-23 16:20:08','robinsonjeremy',1,NULL,NULL,NULL,NULL,NULL,NULL),(544,'William Tudor','male',NULL,NULL,NULL,NULL,'2009-03-17 22:49:30','2009-11-23 16:20:08','tudorwilliam',1,NULL,NULL,NULL,NULL,NULL,NULL),(545,'Jose dos Santos Monteiro','male',NULL,NULL,NULL,NULL,'2009-03-17 22:49:30','2009-11-23 16:20:58','monteirojosedossantos',0,NULL,NULL,NULL,NULL,NULL,NULL),(546,'Leonard Corning','male',NULL,NULL,NULL,NULL,'2009-03-17 22:49:30','2009-11-23 16:20:08','corningleonard',1,NULL,NULL,NULL,NULL,NULL,NULL),(547,'Samuel S. Voorhees','male',NULL,NULL,NULL,NULL,'2009-03-17 22:49:30','2009-11-23 16:20:08','voorheessamuels.',1,NULL,NULL,NULL,NULL,NULL,NULL),(548,'Joseph Ray','male',NULL,NULL,NULL,NULL,'2009-03-17 22:49:30','2009-11-23 16:20:08','rayjoseph',1,NULL,NULL,NULL,NULL,NULL,NULL),(549,'James H. Bennett','male',NULL,NULL,NULL,NULL,'2009-03-17 22:49:30','2009-11-23 16:20:08','bennettjamesh.',1,NULL,NULL,NULL,NULL,NULL,NULL),(550,'John Tucker Mansfield','male',NULL,NULL,NULL,NULL,'2009-03-17 22:49:30','2009-11-23 16:20:08','mansfieldjohntucker',1,NULL,NULL,NULL,NULL,NULL,NULL),(551,'Condy Raguet','male',NULL,NULL,NULL,NULL,'2009-03-17 22:49:30','2009-11-23 16:20:08','raguetcondy',1,NULL,NULL,NULL,NULL,NULL,NULL),(552,'William D. C. Wright','male',NULL,NULL,NULL,NULL,'2009-03-17 22:49:30','2009-11-23 16:20:08','wrightwilliamd.c.',1,NULL,NULL,NULL,NULL,NULL,NULL),(553,'Woodbridge Odlin','male',NULL,NULL,NULL,NULL,'2009-03-17 22:49:30','2009-11-23 16:20:08','odlinwoodbridge',1,NULL,NULL,NULL,NULL,NULL,NULL),(554,'William G. D. Worthington','male',NULL,NULL,NULL,NULL,'2009-03-17 22:49:30','2009-11-23 16:20:08','worthingtonwilliamg.d.',1,NULL,NULL,NULL,NULL,NULL,NULL),(555,'Samuel Larned','male',NULL,NULL,NULL,NULL,'2009-03-17 22:49:30','2009-11-23 16:20:08','larnedsamuel',1,NULL,NULL,NULL,NULL,NULL,NULL),(556,'Herman Allen','male',NULL,NULL,NULL,NULL,'2009-03-17 22:49:30','2009-11-23 16:20:08','allenherman',1,NULL,NULL,NULL,NULL,NULL,NULL),(557,'Daniel Wynne','male',NULL,NULL,NULL,NULL,'2009-03-17 22:49:31','2009-11-23 16:20:08','wynnedaniel',1,NULL,NULL,NULL,NULL,NULL,NULL),(558,'William G. Miller','male',NULL,NULL,NULL,NULL,'2009-03-17 22:49:31','2009-11-23 16:20:08','millerwilliamg.',1,NULL,NULL,NULL,NULL,NULL,NULL),(559,'Joshua Bond','male',NULL,NULL,NULL,NULL,'2009-03-17 22:49:31','2009-11-23 16:20:08','bondjoshua',1,NULL,NULL,NULL,NULL,NULL,NULL),(560,'Thomas Lloyd Halm  Jr.','male',NULL,NULL,NULL,NULL,'2009-03-17 22:49:31','2009-11-23 16:20:08','halmthomaslloyd',1,NULL,NULL,NULL,NULL,NULL,NULL),(561,'Joseph Devereux','male',NULL,NULL,NULL,NULL,'2009-03-17 22:49:31','2009-11-23 16:20:08','devereuxjoseph',1,NULL,NULL,NULL,NULL,NULL,NULL),(562,'Theodorick Bland','male',NULL,NULL,NULL,NULL,'2009-03-17 22:49:31','2009-11-23 16:20:08','blandtheodorick',1,NULL,NULL,NULL,NULL,NULL,NULL),(563,'H. M. Brackenridge','male',NULL,NULL,NULL,NULL,'2009-03-17 22:49:31','2009-11-23 16:20:08','brackenridgeh.m.',1,NULL,NULL,NULL,NULL,NULL,NULL),(564,'Caesar A. Rodney','male',NULL,NULL,NULL,NULL,'2009-03-17 22:49:31','2009-11-23 16:20:08','rodneycaesara.',1,NULL,NULL,NULL,NULL,NULL,NULL),(565,'Oliver Hazard Perry Cdore.','male',NULL,NULL,NULL,NULL,'2009-03-17 22:49:31','2009-11-23 16:20:08','perryoliverhazard',1,NULL,NULL,NULL,NULL,NULL,NULL),(566,'John C. Zimmerman','male',NULL,NULL,NULL,NULL,'2009-03-17 22:49:31','2009-11-23 16:20:08','zimmermanjohnc.',1,NULL,NULL,NULL,NULL,NULL,NULL),(567,'James Robinett','male',NULL,NULL,NULL,NULL,'2009-03-17 22:49:31','2009-11-23 16:20:08','robinettjames',1,NULL,NULL,NULL,NULL,NULL,NULL),(568,'William Dana','male',NULL,NULL,NULL,NULL,'2009-03-17 22:49:31','2009-11-23 16:20:09','danawilliam',1,NULL,NULL,NULL,NULL,NULL,NULL),(569,'George W. Slacum','male',NULL,NULL,NULL,NULL,'2009-03-17 22:49:31','2009-11-23 16:20:09','slacumgeorgew.',1,NULL,NULL,NULL,NULL,NULL,NULL),(570,'Rodney Homes','male',NULL,NULL,NULL,'More research required.  Jay enclosures.','2011-12-05 21:59:35','2012-11-04 00:12:34','HomesRodney',NULL,NULL,NULL,NULL,NULL,NULL,NULL),(571,'George Murray, Vice Admiral','male','1741-08-22','1797-10-17',3,'Great write up in Oxford Dictionary of National Biography.  http://www.oxforddnb.com/view/article/40510?docPos=3','2011-12-05 22:03:09','2012-11-04 00:12:22','MurrayGeorge',NULL,1,1,1,1,1,1),(572,'Edmund Jennings Randolph','male','1753-08-10','1813-09-12',81,'','2011-12-06 21:48:56','2012-11-04 00:12:09','RandolphEdmundJennings',NULL,1,1,1,1,1,1),(573,'George Hammond','male','1763-01-01','1853-01-01',1,'Add validation: British Library of Political and Economic Science http://library-2.lse.ac.uk/archives/handlists/Hammond/Hammond.html','2011-12-14 22:11:24','2012-11-04 00:11:52','HammondGeorge',NULL,0,0,1,0,0,0),(574,'David Gelston','male','1744-07-04','1828-08-21',82,'Add validation: http://bioguide.congress.gov/scripts/biodisplay.pl?index=G000122\r\n\r\nBiographical Directory of the United States Congress','2011-12-14 22:20:37','2012-11-04 00:11:40','GelstonDavid',NULL,1,1,1,1,1,1),(575,'George Clinton','male','1739-07-26','1812-04-20',82,'Add validation -- Biographical Directory of US Congress\r\n\r\nhttp://bioguide.congress.gov/scripts/biodisplay.pl?index=C000527','2011-12-14 22:24:41','2012-11-04 00:11:27','ClintonGeorge',NULL,1,1,1,1,1,1),(576,'Cochrane','',NULL,NULL,NULL,'Don\'t know anything about this person, except for the letter from George Clinton.  More research required.','2011-12-14 22:45:04','2012-11-04 00:11:12','Cochrane',NULL,NULL,NULL,NULL,NULL,NULL,NULL),(577,'Thomas Fitzsimmons','male','1741-01-01','1811-08-26',83,'I think this is the T. Fitzsimons Randolph corresponded with in 1794.  Need more research to be sure.','2011-12-27 21:24:14','2012-11-04 00:11:03','FitzsimmonsThomas',NULL,0,0,1,1,1,1),(578,'John Hollins','male',NULL,NULL,NULL,'','2011-12-27 21:38:00','2012-11-04 00:12:48','HollinsJohn',NULL,NULL,NULL,NULL,NULL,NULL,NULL),(579,'George Washington','male','1732-02-22','1799-12-14',81,'','2011-12-27 21:43:55','2012-11-04 00:10:50','WashingtonGeorge',NULL,1,1,1,1,1,1),(580,'Edward Cook','male',NULL,NULL,NULL,'','2011-12-31 03:37:11','2012-11-04 00:10:39','CookEdward',NULL,NULL,NULL,NULL,NULL,NULL,NULL),(581,'Charles Williamson','male',NULL,NULL,NULL,'There is a chapter written on Williamson in the \"Crooked Lake Review.\"  More research required. \r\nhttp://www.crookedlakereview.com/books/saints_sinners/martin4.html','2011-12-31 03:51:39','2012-11-04 00:10:20','WilliamsonCharles',NULL,NULL,NULL,NULL,NULL,NULL,NULL),(582,'R.H. Sheaffe','male',NULL,NULL,NULL,'more research required','2011-12-31 03:55:31','2012-11-04 00:09:56','SheaffeRH',NULL,NULL,NULL,NULL,NULL,NULL,NULL),(583,'Mr. Little','male',NULL,NULL,NULL,'more research required','2011-12-31 03:55:31','2012-11-04 00:09:47','Little',NULL,NULL,NULL,NULL,NULL,NULL,NULL),(584,'John Prettijohn','male',NULL,NULL,NULL,'More research required.  Jay enclosures.','2011-12-31 03:59:38','2012-11-04 00:09:38','PrettijohnJohn',NULL,NULL,NULL,NULL,NULL,NULL,NULL),(585,'Jean Antoine Joseph Fauchet','male','1763-01-01','1834-01-01',6,'','2011-12-31 04:06:01','2012-11-04 00:09:24','FauchetJeanAntoineJoseph',NULL,0,0,1,0,0,1),(586,'S. Girard','male',NULL,NULL,NULL,'more research required.  Corresponded with Randolph in 1794.','2011-12-31 19:40:49','2012-11-04 00:09:02','GirardS',NULL,NULL,NULL,NULL,NULL,NULL,NULL),(587,'William Rawle','male',NULL,NULL,NULL,'more research required.  Corresponded with Randolph in 1794.','2011-12-31 19:48:23','2012-11-04 00:08:46','RawleWilliam',NULL,NULL,NULL,NULL,NULL,NULL,NULL),(588,'Anthony Wayne','male','1745-01-01','1796-12-15',83,'','2011-12-31 19:51:28','2012-11-04 00:08:32','WayneAnthony',NULL,1,1,1,1,1,1),(589,'Knox','male',NULL,NULL,NULL,'Probably Henry Knox.  More research required.  Jay enclosures.','2011-12-31 19:51:28','2012-11-04 00:07:12','Knox',NULL,NULL,NULL,NULL,NULL,NULL,NULL),(590,'Collins','male',NULL,NULL,NULL,'More research required.  Jay enclosures.','2011-12-31 19:52:30','2012-11-04 00:07:02','Collins',NULL,NULL,NULL,NULL,NULL,NULL,NULL),(591,'Coxe','male',NULL,NULL,NULL,'More research required.  Could be Charles D. Coxe (later consul) or Tench Coxe.','2011-12-31 20:04:12','2012-11-04 00:06:53','Coxe',NULL,NULL,NULL,NULL,NULL,NULL,NULL),(592,'Zebulon Hollingsworth','male',NULL,NULL,85,'','2011-12-31 23:22:43','2012-11-04 00:06:43','HollingsworthZebulon',NULL,NULL,NULL,NULL,NULL,NULL,NULL),(593,'Alexander Campbell','male',NULL,NULL,81,'U.S. Attorney for Virginia, Richmond District.','2012-01-01 00:20:07','2012-11-04 00:06:31','CampbellAlexander',NULL,NULL,NULL,NULL,NULL,NULL,NULL),(594,'John C. Wederstrandt','male',NULL,NULL,85,'Baltimore merchant.','2012-01-01 00:22:30','2012-11-04 00:06:19','WederstrandtJohnC',NULL,NULL,NULL,NULL,NULL,NULL,NULL),(595,'Robert Taylor','male',NULL,NULL,81,'Mayor of Norfolk in 1794.','2012-01-01 00:25:21','2012-11-04 00:06:00','TaylorRobert',NULL,NULL,NULL,NULL,NULL,NULL,NULL),(596,'William Moultrie','male','1730-11-23','1805-09-27',79,'Governor of South Carolina 1785-1787 and 1792-1794','2012-01-01 00:27:00','2012-11-04 00:05:48','MoultrieWilliam',NULL,1,1,1,1,1,1),(597,'John Hamilton','male',NULL,NULL,NULL,'Colonel in British Army.','2012-01-01 00:32:37','2012-11-04 00:04:38','HamiltonJohn',NULL,NULL,NULL,NULL,NULL,NULL,NULL),(598,'Sir Charles Henry Knowles','male',NULL,NULL,NULL,'','2012-01-01 00:42:50','2012-11-04 00:04:22','KnowlesCharlesHenry',NULL,NULL,NULL,NULL,NULL,NULL,NULL),(599,'Thomas Mathews','male',NULL,NULL,NULL,'more research required.  Jay enclosures.','2012-01-01 01:06:24','2012-11-04 00:05:21','MathewsThomas',NULL,NULL,NULL,NULL,NULL,NULL,NULL),(600,'Vaughan','male',NULL,NULL,NULL,'more research required.  Jay enclosures.','2012-01-01 01:06:24','2012-11-04 00:04:00','Vaughan',NULL,NULL,NULL,NULL,NULL,NULL,NULL),(601,'Arthur Fenner','male','1745-12-10','1805-10-15',87,'Governor of Rhode Island 1790-1805.','2012-01-01 01:09:11','2012-11-04 00:03:48','FennerArthur',NULL,1,1,1,1,1,1),(602,'John Anstey','male',NULL,NULL,NULL,'More research required.  Correspondent of John Jay.','2012-01-02 00:34:52','2012-11-04 00:03:34','AnsteyJohn',NULL,NULL,NULL,NULL,NULL,NULL,NULL),(603,'William Bayard','male',NULL,NULL,NULL,'More research required.  Correspondent of John Jay.','2012-01-02 00:35:46','2012-11-04 00:03:15','BayardWilliam',NULL,NULL,NULL,NULL,NULL,NULL,NULL),(604,'R. Bowen','',NULL,NULL,NULL,'More research required.  Correspondent of John Jay.','2012-01-02 00:37:30','2012-11-04 00:03:01','BowenR',NULL,NULL,NULL,NULL,NULL,NULL,NULL),(605,'Sarah Livingston Jay','female','1756-01-01','1802-01-01',88,'','2012-01-04 17:37:47','2012-11-03 23:44:24','JaySarahLivingston',NULL,0,0,1,0,0,1),(606,'Alexander Hamilton','male','1755-11-20','1804-07-12',82,'Hamilton\'s birth year was either 1755 or 1753, even he was not sure of his exact birthday.','2012-01-04 17:37:47','2012-11-03 23:47:32','HamiltonAlexander',NULL,1,1,1,1,1,1),(607,'Tench Coxe','male',NULL,NULL,NULL,'','2012-01-04 17:37:47','2012-11-03 19:05:21','CoxeTench',NULL,NULL,NULL,NULL,NULL,NULL,NULL),(608,'Maria Jay','female',NULL,NULL,NULL,'','2012-01-04 17:37:47','2012-11-03 19:05:01','JayMaria',NULL,NULL,NULL,NULL,NULL,NULL,NULL),(609,'Peter Jay Munro','male',NULL,NULL,NULL,'','2012-01-04 17:37:47','2012-11-03 19:04:44','MunroPeterJay',NULL,NULL,NULL,NULL,NULL,NULL,NULL),(610,'Sir Edward Newenham','male',NULL,NULL,NULL,'','2012-01-04 17:37:47','2012-11-04 00:05:02','NewenhamEdward',NULL,NULL,NULL,NULL,NULL,NULL,NULL),(611,'William Grenville','male',NULL,NULL,NULL,'','2012-01-04 17:37:47','2012-11-03 19:04:27','GrenvilleWilliam',NULL,NULL,NULL,NULL,NULL,NULL,NULL),(612,'Mr. Braithwaite','male',NULL,NULL,NULL,'','2012-01-04 17:37:47','2012-11-03 19:04:13','Braithwaite',NULL,NULL,NULL,NULL,NULL,NULL,NULL),(613,'Jacob Read','male',NULL,NULL,NULL,'','2012-01-04 17:37:47','2012-11-03 19:04:04','ReadJacob',NULL,NULL,NULL,NULL,NULL,NULL,NULL),(614,'Prince de Poix','male',NULL,NULL,NULL,'','2012-01-04 17:37:47','2012-11-03 19:03:49','PrincedePoix',NULL,NULL,NULL,NULL,NULL,NULL,NULL),(615,'Del Campo','',NULL,NULL,NULL,'','2012-01-04 17:37:47','2012-11-03 19:03:29','DelCampo',NULL,NULL,NULL,NULL,NULL,NULL,NULL),(616,'William Augustus Miles','male',NULL,NULL,NULL,'','2012-01-04 17:37:47','2012-11-03 19:03:15','MilesWilliamAugustus',NULL,NULL,NULL,NULL,NULL,NULL,NULL),(617,'Lally-Colendal','',NULL,NULL,NULL,'','2012-01-04 17:37:47','2012-11-03 19:02:54','Lally-Colendal',NULL,NULL,NULL,NULL,NULL,NULL,NULL),(618,'Mary Ann Lowden','female',NULL,NULL,NULL,'Sister of John Paul Jones.','2012-01-04 17:37:47','2012-11-03 19:02:44','LowdenMaryAnn',NULL,NULL,NULL,NULL,NULL,NULL,NULL),(619,'Dell\'Acqua','',NULL,NULL,NULL,'','2012-01-04 17:37:47','2012-11-03 19:02:20','Dell\'Acqua',NULL,NULL,NULL,NULL,NULL,NULL,NULL),(620,'Thomas Coombe','male',NULL,NULL,NULL,'','2012-01-04 17:37:47','2012-11-03 19:02:10','CoombeThomas',NULL,NULL,NULL,NULL,NULL,NULL,NULL),(621,'Henry Waddell','male',NULL,NULL,82,'','2012-01-04 17:37:47','2012-11-03 19:01:55','WaddellHenry',NULL,NULL,NULL,NULL,NULL,NULL,NULL),(622,'Richard Henry Lee','male',NULL,NULL,NULL,'','2012-01-04 17:37:47','2012-11-03 19:01:41','LeeRichard Henry',1,NULL,NULL,NULL,NULL,NULL,NULL),(623,'Sir John Sinclair','male',NULL,NULL,NULL,'','2012-01-04 17:37:47','2012-11-03 19:01:20','SinclairJohn',NULL,NULL,NULL,NULL,NULL,NULL,NULL),(624,'W. Jackson','',NULL,NULL,NULL,'','2012-01-04 17:37:47','2012-11-03 19:01:07','JacksonW',NULL,NULL,NULL,NULL,NULL,NULL,NULL),(625,'Edward Gardiner','male',NULL,NULL,NULL,'','2012-01-04 17:37:47','2012-11-03 19:00:37','GardinerEdward',NULL,NULL,NULL,NULL,NULL,NULL,NULL),(626,'Sarah Vaughan','female',NULL,NULL,NULL,'','2012-01-04 17:37:47','2012-11-03 19:00:23','VaughanSarah',NULL,NULL,NULL,NULL,NULL,NULL,NULL),(627,'Lindley Murray','',NULL,NULL,NULL,'','2012-01-04 17:37:47','2012-11-03 19:00:07','MurrayLindley',NULL,NULL,NULL,NULL,NULL,NULL,NULL),(628,'William Petty, Marquis of Lansdowne','male',NULL,NULL,NULL,'','2012-01-04 17:37:47','2012-11-03 18:59:53','LansdowneWilliamPetty',NULL,NULL,NULL,NULL,NULL,NULL,NULL),(629,'Harvey Reuben','male',NULL,NULL,NULL,'','2012-01-04 17:37:47','2012-11-03 18:58:40','ReubenHarvey',NULL,NULL,NULL,NULL,NULL,NULL,NULL),(630,'Mrs. Chalmers','female',NULL,NULL,NULL,'','2012-01-04 17:37:47','2012-11-01 22:03:12','Chalmers',NULL,NULL,NULL,NULL,NULL,NULL,NULL),(631,'William Temple Franklin','male','1760-01-01','1823-05-25',NULL,'Temple served as Benjamin Franklin\'s secretary during the Peace of Paris negotiations.  Need to find his actual title.  research','2012-01-04 17:37:47','2012-11-01 22:03:01','FranklinWilliamTemple',NULL,0,0,1,1,1,1),(632,'Mathew Clarkson','male',NULL,NULL,NULL,'','2012-01-04 17:37:47','2012-11-01 21:51:33','clarksonmathew',NULL,NULL,NULL,NULL,NULL,NULL,NULL),(633,'William Scott, Baron Stowell','male',NULL,NULL,NULL,'','2012-01-04 17:37:47','2012-11-01 21:51:04','stowellwilliamscott',NULL,NULL,NULL,NULL,NULL,NULL,NULL),(634,'Lady Payne','female',NULL,NULL,NULL,'','2012-01-04 17:37:47','2012-11-01 21:50:33','payne',NULL,NULL,NULL,NULL,NULL,NULL,NULL),(635,'Henry Dundas, Viscount Melville','male','1742-04-28','1811-05-28',3,'','2012-01-04 17:37:47','2012-11-01 21:50:18','melvillehenrydundas',NULL,1,1,1,1,1,1),(636,'La Rouchefoucauld','',NULL,NULL,NULL,'','2012-01-04 17:37:47','2012-11-01 21:40:45','rouchefoucauld',NULL,NULL,NULL,NULL,NULL,NULL,NULL),(637,'Sir Robert Herries','male',NULL,NULL,NULL,'','2012-01-04 17:37:47','2012-11-01 21:40:23','herriesrobert',NULL,NULL,NULL,NULL,NULL,NULL,NULL),(638,'Richard Colley Wesley, Lord Mornington','male',NULL,NULL,NULL,'','2012-01-04 17:37:47','2012-11-01 21:40:04','morningtonrichardcolleywesley',NULL,NULL,NULL,NULL,NULL,NULL,NULL),(639,'Hyacinthe Gabrielle Roland, Lady Mornington','female',NULL,NULL,NULL,'','2012-01-04 17:37:47','2012-11-01 21:39:24','morningtonhyacinthegabrielleroland',NULL,NULL,NULL,NULL,NULL,NULL,NULL),(640,'Alexander Wedderburn, Baron Loughborough','male','1733-02-03','1805-01-02',3,'','2012-01-04 17:37:47','2012-11-01 21:37:29','loughboroughalexanderwedderburn',NULL,1,1,1,1,1,1),(641,'John Sloss Hobart','male',NULL,NULL,NULL,'','2012-01-04 17:37:47','2012-11-01 21:30:11','hobartjohnsloss',NULL,NULL,NULL,NULL,NULL,NULL,NULL),(642,'Sir Clement Cottrell Dormer','male',NULL,NULL,NULL,'','2012-01-04 17:37:47','2012-11-01 21:30:01','dormerclementcottrell',NULL,NULL,NULL,NULL,NULL,NULL,NULL),(643,'Rodolf Vall-Travers','male',NULL,NULL,NULL,'','2012-01-04 17:37:47','2012-11-01 21:29:39','valltraversrodolf',NULL,NULL,NULL,NULL,NULL,NULL,NULL),(644,'Chevalier Du Jay','male',NULL,NULL,NULL,'','2012-01-04 17:37:47','2012-11-01 21:29:25','jaychevalierdu',NULL,NULL,NULL,NULL,NULL,NULL,NULL),(645,'John Drayton','male',NULL,NULL,NULL,'','2012-01-04 17:37:47','2012-11-01 21:28:17','draytonjohn',NULL,NULL,NULL,NULL,NULL,NULL,NULL),(646,'Lanberdiere','',NULL,NULL,NULL,'','2012-01-04 17:37:47','2012-11-01 21:27:47','lanberdiere',NULL,NULL,NULL,NULL,NULL,NULL,NULL),(647,'John Kean','male',NULL,NULL,NULL,'','2012-01-04 17:37:47','2012-11-01 21:28:58','keanjohn',NULL,NULL,NULL,NULL,NULL,NULL,NULL),(648,'Liancour','',NULL,NULL,NULL,'','2012-01-05 16:30:17','2012-11-01 21:28:54','liancour',NULL,NULL,NULL,NULL,NULL,NULL,NULL),(649,'Henry Knox','male','1750-07-25','1806-10-25',78,'','2012-01-16 00:16:18','2012-11-01 21:38:37','knoxhenry',NULL,1,1,1,1,1,1),(650,'John Stagg','male',NULL,NULL,NULL,'Chief Clerk, War Department in 1794.','2012-01-16 01:34:30','2012-10-30 21:09:52','staggjohn',NULL,NULL,NULL,NULL,NULL,NULL,NULL),(651,'James Ross','male',NULL,NULL,NULL,'','2012-01-16 03:33:42','2012-10-30 21:09:42','rossjames',NULL,NULL,NULL,NULL,NULL,NULL,NULL),(652,'William Bradford','male',NULL,NULL,NULL,'','2012-01-16 03:34:15','2012-10-30 21:09:33','bradfordwilliam',NULL,NULL,NULL,NULL,NULL,NULL,NULL),(653,'J. Yeates','',NULL,NULL,NULL,'','2012-01-16 03:34:51','2012-10-07 00:40:59','yeatesj',NULL,NULL,NULL,NULL,NULL,NULL,NULL),(654,'Nathaniel Falconer','male',NULL,NULL,83,'Master Warden of the Port of Philadelphia.','2012-01-17 15:33:32','2012-10-30 21:52:51','falconernathaniel',NULL,NULL,NULL,NULL,NULL,NULL,NULL);
/*!40000 ALTER TABLE `individuals` ENABLE KEYS */;
UNLOCK TABLES;

--
-- Table structure for table `letters`
--

DROP TABLE IF EXISTS `letters`;
/*!40101 SET @saved_cs_client     = @@character_set_client */;
/*!40101 SET character_set_client = utf8 */;
CREATE TABLE `letters` (
  `id` int(11) NOT NULL AUTO_INCREMENT,
  `from_individual_id` int(11) DEFAULT NULL,
  `from_organization_id` int(11) DEFAULT NULL,
  `from_location_id` int(11) DEFAULT NULL,
  `to_individual_id` int(11) DEFAULT NULL,
  `to_organization_id` int(11) DEFAULT NULL,
  `to_location_id` int(11) DEFAULT NULL,
  `circular` tinyint(1) DEFAULT NULL,
  `date_sent` date DEFAULT NULL,
  `date_received` date DEFAULT NULL,
  `date_docketed` date DEFAULT NULL,
  `notes` text,
  `created_at` datetime DEFAULT NULL,
  `updated_at` datetime DEFAULT NULL,
  `title` varchar(255) DEFAULT NULL,
  `sent_day_known` tinyint(1) DEFAULT NULL,
  `sent_month_known` tinyint(1) DEFAULT NULL,
  `sent_year_known` tinyint(1) DEFAULT NULL,
  `received_day_known` tinyint(1) DEFAULT NULL,
  `received_month_known` tinyint(1) DEFAULT NULL,
  `received_year_known` tinyint(1) DEFAULT NULL,
  `docketed_day_known` tinyint(1) DEFAULT NULL,
  `docketed_month_known` tinyint(1) DEFAULT NULL,
  `docketed_year_known` tinyint(1) DEFAULT NULL,
  PRIMARY KEY (`id`),
  KEY `from_individual_id` (`from_individual_id`),
  KEY `from_organization_id` (`from_organization_id`),
  KEY `from_location_id` (`from_location_id`),
  KEY `to_individual_id` (`to_individual_id`),
  KEY `to_organization_id` (`to_organization_id`),
  KEY `to_location_id` (`to_location_id`),
  CONSTRAINT `letters_ibfk_1` FOREIGN KEY (`from_individual_id`) REFERENCES `individuals` (`id`),
  CONSTRAINT `letters_ibfk_2` FOREIGN KEY (`from_organization_id`) REFERENCES `organizations` (`id`),
  CONSTRAINT `letters_ibfk_3` FOREIGN KEY (`from_location_id`) REFERENCES `locations` (`id`),
  CONSTRAINT `letters_ibfk_4` FOREIGN KEY (`to_individual_id`) REFERENCES `individuals` (`id`),
  CONSTRAINT `letters_ibfk_5` FOREIGN KEY (`to_organization_id`) REFERENCES `organizations` (`id`),
  CONSTRAINT `letters_ibfk_6` FOREIGN KEY (`to_location_id`) REFERENCES `locations` (`id`)
) ENGINE=InnoDB AUTO_INCREMENT=303 DEFAULT CHARSET=latin1;
/*!40101 SET character_set_client = @saved_cs_client */;

--
-- Dumping data for table `letters`
--

LOCK TABLES `letters` WRITE;
/*!40000 ALTER TABLE `letters` DISABLE KEYS */;
INSERT INTO `letters` VALUES (1,570,NULL,340,571,NULL,341,0,'1794-08-03','1794-08-14',NULL,' Date received based on the letter being enclosed by Hammond to Randolph.  Must have arrived in Halifax before then.','2011-12-05 22:21:21','2012-02-07 13:21:56','Rodney Homes to George Murray, Vice Admiral. Sandy Hook, August  3, 1794',1,1,1,0,1,1,NULL,NULL,NULL),(2,472,NULL,300,572,NULL,337,0,NULL,NULL,NULL,' I am assuming this letter was sent from St. Pierre, because it encloses correspondence from that location.','2011-12-06 21:50:04','2012-02-07 13:21:56','Nathaniel Cabot Higginson to Edmund Jennings Randolph. St. Pierre, ',NULL,NULL,NULL,NULL,NULL,NULL,NULL,NULL,NULL),(3,472,NULL,300,436,NULL,300,0,'1794-07-01','1794-07-01',NULL,' This may or may not be the same Josiah Blakely who was U.S. Consul to Cuba later on. More research is required','2011-12-06 22:06:46','2012-02-07 13:21:56','Nathaniel Cabot Higginson to Josiah Blakely. St. Pierre, July  1, 1794',1,1,1,1,1,1,NULL,NULL,NULL),(4,436,NULL,300,472,NULL,300,0,'1794-07-01','1794-07-01',NULL,' This may or may not be the same Josiah Blakely who was U.S. Consul to Cuba later on. More research is required','2011-12-06 22:14:36','2012-02-07 13:21:56','Josiah Blakely to Nathaniel Cabot Higginson. St. Pierre, July  1, 1794',1,1,1,1,1,1,NULL,NULL,NULL),(5,472,NULL,300,572,NULL,337,0,'1794-07-02',NULL,NULL,'','2011-12-14 22:04:30','2012-02-07 13:21:56','Nathaniel Cabot Higginson to Edmund Jennings Randolph. St. Pierre, July  2, 1794',1,1,1,NULL,NULL,NULL,NULL,NULL,NULL),(6,472,NULL,300,572,NULL,337,0,'1794-06-24',NULL,NULL,'','2011-12-14 22:06:26','2012-02-07 13:21:56','Nathaniel Cabot Higginson to Edmund Jennings Randolph. St. Pierre, June 24, 1794',1,1,1,NULL,NULL,NULL,NULL,NULL,NULL),(7,573,NULL,337,572,NULL,337,0,'1794-07-30',NULL,NULL,'','2011-12-14 22:11:24','2012-02-07 13:21:56','George Hammond to Edmund Jennings Randolph. Philadelphia, July 30, 1794',1,1,1,NULL,NULL,NULL,NULL,NULL,NULL),(8,572,NULL,337,573,NULL,337,0,'1794-10-23',NULL,NULL,'','2011-12-14 22:13:51','2012-02-07 13:21:56','Edmund Jennings Randolph to George Hammond. Philadelphia, October 23, 1794',1,1,1,NULL,NULL,NULL,NULL,NULL,NULL),(9,573,NULL,337,572,NULL,337,0,'1794-09-03',NULL,NULL,'','2011-12-14 22:15:36','2012-02-07 13:21:56','George Hammond to Edmund Jennings Randolph. Philadelphia, September  3, 1794',1,1,1,NULL,NULL,NULL,NULL,NULL,NULL),(10,574,NULL,342,575,NULL,342,0,'1794-09-08','1794-09-08',NULL,' Date received and to_location inferred from the fact that this letter was enclosed in George Clinton\'s letter to Washington of September 9, 1794.','2011-12-14 22:29:20','2012-02-07 13:21:56','David Gelston to George Clinton. New York, September  8, 1794',1,1,1,0,1,1,NULL,NULL,NULL),(11,572,NULL,337,573,NULL,337,0,'1794-08-22',NULL,NULL,'','2011-12-14 22:31:00','2012-02-07 13:21:56','Edmund Jennings Randolph to George Hammond. Philadelphia, August 22, 1794',1,1,1,NULL,NULL,NULL,NULL,NULL,NULL),(12,573,NULL,337,572,NULL,337,0,'1794-08-14',NULL,NULL,'','2011-12-14 22:32:18','2012-02-07 13:21:56','George Hammond to Edmund Jennings Randolph. Philadelphia, August 14, 1794',1,1,1,NULL,NULL,NULL,NULL,NULL,NULL),(13,572,NULL,337,573,NULL,337,0,'1794-08-27',NULL,NULL,'','2011-12-14 22:33:14','2012-02-07 13:21:56','Edmund Jennings Randolph to George Hammond. Philadelphia, August 27, 1794',1,1,1,NULL,NULL,NULL,NULL,NULL,NULL),(14,575,NULL,342,576,NULL,NULL,0,'1794-07-17',NULL,NULL,' included in Randolph to Hammond 1794-08-27','2011-12-14 22:45:04','2012-02-07 13:21:56','George Clinton to Cochrane. New York, July 17, 1794',NULL,NULL,NULL,NULL,NULL,NULL,NULL,NULL,NULL),(15,572,NULL,337,577,NULL,337,0,'1794-11-04',NULL,NULL,'','2011-12-27 21:33:25','2012-02-07 13:21:56','Edmund Jennings Randolph to Thomas Fitzsimmons. Philadelphia, November  4, 1794',1,1,1,NULL,NULL,NULL,NULL,NULL,NULL),(21,578,NULL,343,572,NULL,337,0,'1794-10-26',NULL,NULL,'','2011-12-31 03:26:57','2012-02-07 13:21:56','John Hollins to Edmund Jennings Randolph. Baltimore, October 26, 1794',1,1,1,NULL,NULL,NULL,NULL,NULL,NULL),(22,577,NULL,337,572,NULL,337,0,'1794-10-22','1794-11-04',NULL,' Date received assumed based on date of Randolph\'s response.','2011-12-31 03:27:55','2012-02-07 13:21:56','Thomas Fitzsimmons to Edmund Jennings Randolph. Philadelphia, October 22, 1794',1,1,1,0,0,1,NULL,NULL,NULL),(23,575,NULL,342,579,NULL,337,0,'1794-09-09',NULL,NULL,'','2011-12-31 03:30:15','2012-02-07 13:21:56','George Clinton to George Washington. New York, September  9, 1794',1,1,1,NULL,NULL,NULL,NULL,NULL,NULL),(24,574,NULL,342,575,NULL,342,0,'1794-09-08','1794-09-08',NULL,' included in Clinton to GW Sept. 9  Received date assumed because the letter was sent within New York City, and enclosed to GW the next day.  Affidavit of John Wilkes is enclosed.  found at http://wwwapp.cc.columbia.edu/ldpd/jay/image?key=columbia.jay.00888&p=83','2011-12-31 03:31:10','2012-02-07 13:21:56','David Gelston to George Clinton. New York, September  8, 1794',1,1,1,1,1,1,NULL,NULL,NULL),(25,573,NULL,337,572,NULL,337,0,'1794-09-03',NULL,NULL,'','2011-12-31 03:32:25','2012-02-07 13:21:56','George Hammond to Edmund Jennings Randolph. Philadelphia, September  3, 1794',1,1,1,NULL,NULL,NULL,NULL,NULL,NULL),(26,572,NULL,337,573,NULL,337,0,'1794-09-03',NULL,NULL,'','2011-12-31 03:33:23','2012-02-07 13:21:56','Edmund Jennings Randolph to George Hammond. Philadelphia, September  3, 1794',1,1,1,NULL,NULL,NULL,NULL,NULL,NULL),(27,575,NULL,342,579,NULL,337,0,'1794-09-09',NULL,NULL,'','2011-12-31 03:34:26','2012-02-07 13:21:56','George Clinton to George Washington. New York, September  9, 1794',1,1,1,NULL,NULL,NULL,NULL,NULL,NULL),(28,580,NULL,336,NULL,1,336,0,'1794-08-22','1794-08-22',NULL,' Received date assumed because the letter was sent within Pittsburgh.','2011-12-31 03:43:22','2012-02-07 13:21:56','Edward Cook to Commissioners. Pittsburgh, August 22, 1794',1,1,1,1,1,1,NULL,NULL,NULL),(29,NULL,1,336,572,NULL,337,0,'1794-08-21',NULL,NULL,'','2011-12-31 03:44:12','2012-02-07 13:21:56','Commissioners to Edmund Jennings Randolph. Pittsburgh, August 21, 1794',1,1,1,NULL,NULL,NULL,NULL,NULL,NULL),(30,NULL,1,336,NULL,2,336,0,'1794-08-22','1794-08-22',NULL,' Date received assumed from the fact that the letter was sent within Pittsburgh.','2011-12-31 03:45:25','2012-02-07 13:21:56','Commissioners to Commissioners at Pittsburg. Pittsburgh, August 22, 1794',1,1,1,1,1,1,NULL,NULL,NULL),(31,581,NULL,338,572,NULL,337,0,'1794-09-01','1794-09-17',NULL,'(1-8)  received date inferred from day the letter was forwarded on to John Jay','2011-12-31 03:52:50','2012-02-07 13:21:56','Charles Williamson to Edmund Jennings Randolph. Bath, September  1, 1794',1,1,1,0,1,1,NULL,NULL,NULL),(32,NULL,1,336,NULL,NULL,NULL,0,'1794-08-21',NULL,NULL,'','2011-12-31 03:53:38','2012-02-07 13:21:56','Commissioners to ?. Pittsburgh, August 21, 1794',1,1,1,NULL,NULL,NULL,NULL,NULL,NULL),(33,582,NULL,339,583,NULL,339,0,'1794-08-16','1794-08-16',NULL,'(13-16)  Because of the same day acknowledgement, I\'m assuming the letter remained in Sodus, instead of going to Bath where Williamson was.','2011-12-31 03:55:31','2012-02-07 13:21:56','R.H. Sheaffe to Mr. Little. Sodus, August 16, 1794',1,1,1,1,1,1,NULL,NULL,NULL),(34,582,NULL,339,581,NULL,338,0,'1794-08-16','1794-09-01',NULL,' Received date based on the letter being forwarded to Randolph on Sept 1, 1794.','2011-12-31 03:56:28','2012-02-07 13:21:56','R.H. Sheaffe to Charles Williamson. Sodus, August 16, 1794',1,1,1,0,0,1,NULL,NULL,NULL),(35,581,NULL,338,572,NULL,337,0,'1794-08-19','1794-08-30',NULL,' Received date based on letter being enclosed with Randolph to Jay August 30, 1794 (Jay ID 66)','2011-12-31 03:57:36','2012-02-07 13:21:56','Charles Williamson to Edmund Jennings Randolph. Bath, August 19, 1794',1,1,1,0,1,1,NULL,NULL,NULL),(36,472,NULL,337,572,NULL,337,0,'1794-04-12',NULL,NULL,'','2011-12-31 03:58:26','2012-02-07 13:21:56','Nathaniel Cabot Higginson to Edmund Jennings Randolph. Philadelphia, April 12, 1794',1,1,1,NULL,NULL,NULL,NULL,NULL,NULL),(37,472,NULL,292,584,NULL,292,0,'1794-06-05','1794-06-05',NULL,' included in Higginson to Randolph June 12, 1794','2011-12-31 03:59:38','2012-02-07 13:21:56','Nathaniel Cabot Higginson to John Prettijohn. Bridgetown, June  5, 1794',1,1,1,1,1,1,NULL,NULL,NULL),(38,584,NULL,292,472,NULL,292,0,'1794-06-06','1794-06-06',NULL,' included in Higginson to Randolph June 12, 1794','2011-12-31 04:01:11','2012-02-07 13:21:56','John Prettijohn to Nathaniel Cabot Higginson. Bridgetown, June  6, 1794',1,1,1,1,1,1,NULL,NULL,NULL),(39,472,NULL,300,572,NULL,337,0,'1794-07-01',NULL,NULL,'','2011-12-31 04:01:53','2012-02-07 13:21:56','Nathaniel Cabot Higginson to Edmund Jennings Randolph. St. Pierre, July  1, 1794',1,1,1,NULL,NULL,NULL,NULL,NULL,NULL),(40,436,NULL,300,472,NULL,300,0,'1794-07-01',NULL,NULL,' included in Higginson to Randolph June 12, 1794   May or may not be same Josiah Blakely who was later consul to Cuba.  More research is required.','2011-12-31 04:02:53','2012-02-07 13:21:56','Josiah Blakely to Nathaniel Cabot Higginson. St. Pierre, July  1, 1794',1,1,1,NULL,NULL,NULL,NULL,NULL,NULL),(41,472,NULL,300,572,NULL,337,0,'1794-07-02',NULL,NULL,' included in Higginson to Randolph June 12, 1794','2011-12-31 04:03:47','2012-02-07 13:21:56','Nathaniel Cabot Higginson to Edmund Jennings Randolph. St. Pierre, July  2, 1794',1,1,1,NULL,NULL,NULL,NULL,NULL,NULL),(42,472,NULL,300,572,NULL,337,0,'1794-06-24','1794-10-22',NULL,'','2011-12-31 04:04:57','2012-02-07 13:21:56','Nathaniel Cabot Higginson to Edmund Jennings Randolph. St. Pierre, June 24, 1794',1,1,1,1,1,1,NULL,NULL,NULL),(43,572,NULL,337,585,NULL,337,0,'1794-06-30','1794-06-30',NULL,NULL,'2011-12-31 04:06:01','2012-04-30 20:23:45','Edmund Jennings Randolph to Jean Antoine Joseph Fauchet. Philadelphia, June 30, 1794',1,1,1,1,1,1,NULL,NULL,NULL),(44,573,NULL,337,572,NULL,337,0,'1794-06-30',NULL,NULL,'','2011-12-31 19:35:35','2012-02-07 13:21:56','George Hammond to Edmund Jennings Randolph. Philadelphia, June 30, 1794',1,1,1,NULL,NULL,NULL,NULL,NULL,NULL),(45,572,NULL,337,573,NULL,337,0,'1794-07-01',NULL,NULL,'','2011-12-31 19:36:24','2012-02-07 13:21:56','Edmund Jennings Randolph to George Hammond. Philadelphia, July  1, 1794',1,1,1,NULL,NULL,NULL,NULL,NULL,NULL),(46,572,NULL,337,585,NULL,337,0,'1794-07-02','1794-07-05',NULL,' In Randolph to Fauchet, July 5 says that he delayed sending this letter until the 5th until the depositions were ready.','2011-12-31 19:37:11','2012-04-30 20:24:08','Edmund Jennings Randolph to Jean Antoine Joseph Fauchet. Philadelphia, July  2, 1794',1,1,1,1,1,1,NULL,NULL,NULL),(47,585,NULL,337,572,NULL,337,0,'1794-07-03','1794-07-03',NULL,' Letter misdated July 3, 1794 -- probably confusion with French Revolutionary Calendar','2011-12-31 19:38:00','2012-04-30 20:24:25','Jean Antoine Joseph Fauchet to Edmund Jennings Randolph. Philadelphia, July  3, 1794',1,1,1,1,1,1,NULL,NULL,NULL),(48,572,NULL,337,585,NULL,337,0,'1794-07-05','1794-07-05',NULL,NULL,'2011-12-31 19:38:59','2012-04-30 20:24:39','Edmund Jennings Randolph to Jean Antoine Joseph Fauchet. Philadelphia, July  5, 1794',1,1,1,1,1,1,NULL,NULL,NULL),(49,572,NULL,337,586,NULL,337,0,'1794-07-04','1794-07-05',NULL,' Girard\'s response on July 5 states that he received the letter on the 5th.','2011-12-31 19:40:49','2012-02-07 13:21:56','Edmund Jennings Randolph to S. Girard. Philadelphia, July  4, 1794',1,1,1,1,1,1,NULL,NULL,NULL),(50,586,NULL,337,572,NULL,337,0,'1794-07-05','1794-07-05',NULL,'','2011-12-31 19:41:34','2012-02-07 13:21:56','S. Girard to Edmund Jennings Randolph. Philadelphia, July  5, 1794',1,1,1,1,1,1,NULL,NULL,NULL),(51,572,NULL,337,573,NULL,337,0,'1794-07-04','1794-07-04',NULL,'','2011-12-31 19:42:32','2012-02-07 13:21:56','Edmund Jennings Randolph to George Hammond. Philadelphia, July  4, 1794',1,1,1,1,1,1,NULL,NULL,NULL),(52,573,NULL,337,572,NULL,337,0,'1794-07-04','1794-07-04',NULL,'','2011-12-31 19:43:19','2012-02-07 13:21:56','George Hammond to Edmund Jennings Randolph. Philadelphia, July  4, 1794',1,1,1,1,1,1,NULL,NULL,NULL),(53,572,NULL,337,577,NULL,337,0,'1794-07-05','1794-07-05',NULL,'','2011-12-31 19:44:19','2012-02-07 13:21:56','Edmund Jennings Randolph to Thomas Fitzsimmons. Philadelphia, July  5, 1794',1,1,1,1,1,1,NULL,NULL,NULL),(54,572,NULL,337,654,NULL,337,0,'1794-07-05','1794-07-05',NULL,'','2011-12-31 19:47:01','2012-02-07 13:21:56','Edmund Jennings Randolph to Nathaniel Falconer. Philadelphia, July  5, 1794',1,1,1,NULL,1,1,NULL,NULL,NULL),(55,572,NULL,337,587,NULL,337,0,'1794-07-07','1794-07-07',NULL,'','2011-12-31 19:48:23','2012-02-07 13:21:56','Edmund Jennings Randolph to William Rawle. Philadelphia, July  7, 1794',1,1,1,1,1,1,NULL,NULL,NULL),(56,587,NULL,337,572,NULL,337,0,'1794-07-07','1794-07-07',NULL,'','2011-12-31 19:49:09','2012-02-07 13:21:56','William Rawle to Edmund Jennings Randolph. Philadelphia, July  7, 1794',1,1,1,1,1,1,NULL,NULL,NULL),(57,588,NULL,344,649,NULL,337,0,'1794-07-07','1794-08-21',NULL,' August 21 may be the date it was copied from the War Papers.','2011-12-31 19:51:29','2012-02-07 13:21:56','Anthony Wayne to Henry Knox. Greenville, July  7, 1794',1,1,1,1,1,1,NULL,NULL,NULL),(58,590,NULL,NULL,588,NULL,NULL,0,'1793-02-02',NULL,NULL,' (deposition)  not sure what this is','2011-12-31 19:52:30','2012-02-07 13:21:56','Collins to Anthony Wayne. ?, February  2, 1793',1,1,1,NULL,NULL,NULL,NULL,NULL,NULL),(59,572,NULL,337,573,NULL,337,0,'1794-06-18',NULL,NULL,'','2011-12-31 19:53:33','2012-02-07 13:21:56','Edmund Jennings Randolph to George Hammond. Philadelphia, June 18, 1794',1,1,1,NULL,NULL,NULL,NULL,NULL,NULL),(60,572,NULL,337,573,NULL,337,0,'1794-06-18',NULL,NULL,'','2011-12-31 19:55:21','2012-02-07 13:21:56','Edmund Jennings Randolph to George Hammond. Philadelphia, June 18, 1794',1,1,1,NULL,NULL,NULL,NULL,NULL,NULL),(61,591,NULL,NULL,NULL,NULL,NULL,0,'1794-03-20',NULL,NULL,'','2011-12-31 20:04:12','2012-02-07 13:21:56','Coxe to ?. ?, March 20, 1794',1,1,1,NULL,NULL,NULL,NULL,NULL,NULL),(62,572,NULL,337,472,NULL,337,0,'1794-04-11','1794-04-11',NULL,' instructions','2011-12-31 20:05:04','2012-02-07 13:21:56','Edmund Jennings Randolph to Nathaniel Cabot Higginson. Philadelphia, April 11, 1794',1,1,1,1,1,1,NULL,NULL,NULL),(63,6,NULL,166,572,NULL,337,0,'1794-01-28',NULL,NULL,'','2011-12-31 23:12:45','2012-02-07 13:21:56','Thomas Pinckney to Edmund Jennings Randolph. London, January 28, 1794',1,1,1,NULL,NULL,NULL,NULL,NULL,NULL),(64,572,NULL,337,573,NULL,337,0,'1794-05-08','1794-05-08',NULL,'','2011-12-31 23:13:53','2012-02-07 13:21:56','Edmund Jennings Randolph to George Hammond. Philadelphia, May  8, 1794',1,1,1,1,1,1,NULL,NULL,NULL),(65,588,NULL,344,649,NULL,337,0,'1794-03-20',NULL,NULL,'','2011-12-31 23:14:43','2012-02-07 13:21:56','Anthony Wayne to Henry Knox. Greenville, March 20, 1794',1,1,1,NULL,NULL,NULL,NULL,NULL,NULL),(66,589,NULL,NULL,572,NULL,337,0,'1794-05-08',NULL,NULL,'','2011-12-31 23:15:33','2012-02-07 13:21:56','Knox to Edmund Jennings Randolph. ?, May  8, 1794',1,1,1,NULL,NULL,NULL,NULL,NULL,NULL),(67,572,NULL,337,573,NULL,337,0,'1794-09-03',NULL,NULL,'','2011-12-31 23:16:47','2012-02-07 13:21:56','Edmund Jennings Randolph to George Hammond. Philadelphia, September  3, 1794',1,1,1,NULL,NULL,NULL,NULL,NULL,NULL),(68,573,NULL,337,572,NULL,337,0,'1794-10-26',NULL,NULL,'','2011-12-31 23:17:48','2012-02-07 13:21:56','George Hammond to Edmund Jennings Randolph. Philadelphia, October 26, 1794',1,1,1,NULL,NULL,NULL,NULL,NULL,NULL),(69,573,NULL,337,572,NULL,337,0,'1794-04-02','1794-04-02',NULL,'','2011-12-31 23:18:51','2012-02-07 13:21:56','George Hammond to Edmund Jennings Randolph. Philadelphia, April  2, 1794',1,1,1,1,1,1,NULL,NULL,NULL),(70,573,NULL,337,572,NULL,337,0,'1794-04-02','1794-04-02',NULL,'','2011-12-31 23:19:34','2012-02-07 13:21:56','George Hammond to Edmund Jennings Randolph. Philadelphia, April  2, 1794',1,1,1,1,1,1,NULL,NULL,NULL),(71,573,NULL,337,572,NULL,337,0,'1794-04-02','1794-04-02',NULL,'','2011-12-31 23:20:27','2012-02-07 13:21:56','George Hammond to Edmund Jennings Randolph. Philadelphia, April  2, 1794',1,1,1,1,1,1,NULL,NULL,NULL),(72,572,NULL,337,573,NULL,337,0,'1794-04-02',NULL,NULL,'','2011-12-31 23:21:27','2012-02-07 13:21:56','Edmund Jennings Randolph to George Hammond. Philadelphia, April  2, 1794',1,1,1,NULL,NULL,NULL,NULL,NULL,NULL),(73,572,NULL,337,592,NULL,343,0,'1794-04-03','1794-04-06',NULL,' Date received based on Hollingsworth\'s reply to Randolph dated April 6, 1794.','2011-12-31 23:22:43','2012-02-07 13:21:56','Edmund Jennings Randolph to Zebulon Hollingsworth. Philadelphia, April  3, 1794',1,1,1,0,1,1,NULL,NULL,NULL),(74,572,NULL,337,593,NULL,345,0,'1794-04-03','1794-04-10',NULL,' Date received inferred from Campbell\'s letters to Norfolk, which begin on April 10, 1794.','2012-01-01 00:20:07','2012-02-07 13:21:56','Edmund Jennings Randolph to Alexander Campbell. Philadelphia, April  3, 1794',1,1,1,1,1,1,NULL,NULL,NULL),(75,572,NULL,337,596,NULL,346,0,'1794-04-03','1794-04-19',NULL,' Received date based on date of Moultrie\'s response to Randolph, April 19, 1794.','2012-01-01 00:20:52','2012-02-07 13:21:56','Edmund Jennings Randolph to William Moultrie. Philadelphia, April  3, 1794',1,1,1,0,1,1,NULL,NULL,NULL),(76,592,NULL,343,572,NULL,337,0,'1794-04-06',NULL,NULL,' Probably received by April 9, based on three day transit time from last letter from Philadelphia to Baltimore.','2012-01-01 00:21:27','2012-02-07 13:21:56','Zebulon Hollingsworth to Edmund Jennings Randolph. Baltimore, April  6, 1794',1,1,1,NULL,NULL,NULL,NULL,NULL,NULL),(77,594,NULL,343,592,NULL,343,0,'1794-04-06','1794-04-06',NULL,'','2012-01-01 00:22:30','2012-02-07 13:21:56','John C. Wederstrandt to Zebulon Hollingsworth. Baltimore, April  6, 1794',1,1,1,1,1,1,NULL,NULL,NULL),(78,593,NULL,345,572,NULL,337,0,'1794-04-11',NULL,NULL,'','2012-01-01 00:23:24','2012-02-07 13:21:56','Alexander Campbell to Edmund Jennings Randolph. Richmond, April 11, 1794',1,1,1,NULL,NULL,NULL,NULL,NULL,NULL),(79,593,NULL,345,595,NULL,347,0,'1794-04-10','1794-04-13',NULL,' Received date based on John Hamilton\'s response to Cambell\'s letter to him (also written on April 10 and concerning the same subject).   In the response, dated April 14, 1794, Hamilton states he received Campbell\'s letter in yesterday\'s post.','2012-01-01 00:25:21','2012-02-07 13:21:56','Alexander Campbell to Robert Taylor. Richmond, April 10, 1794',1,1,1,1,1,1,NULL,NULL,NULL),(80,593,NULL,345,598,NULL,347,1,'1794-04-10','1794-04-13',NULL,' A copy of this letter was also sent to Col. John Hamilton.  Received date based on John Hamilton\'s response to Cambell\'s letter to him (also written on April 10 and concerning the same subject).   In the response, dated April 14, 1794, Hamilton states he received Campbell\'s letter in yesterday\'s post.','2012-01-01 00:28:42','2012-02-07 13:21:56','Alexander Campbell to Sir Charles Henry Knowles. Richmond, April 10, 1794',1,1,1,1,1,1,NULL,NULL,NULL),(81,595,NULL,347,593,NULL,345,0,'1794-04-16',NULL,NULL,'','2012-01-01 00:29:07','2012-02-07 13:21:56','Robert Taylor to Alexander Campbell. Norfolk, April 16, 1794',1,1,1,NULL,NULL,NULL,NULL,NULL,NULL),(82,595,NULL,347,597,NULL,347,1,'1794-04-14','1794-04-14',NULL,' Date received inferred from the letter being sent within Norfolk.  Copy also sent to Sir Charles Henry Knowles, Captain HMS Daedalus, in Norfolk harbor.','2012-01-01 00:30:43','2012-02-07 13:21:56','Robert Taylor to John Hamilton. Norfolk, April 14, 1794',1,1,1,1,1,1,NULL,NULL,NULL),(83,597,NULL,347,595,NULL,347,0,'1794-04-16',NULL,NULL,'','2012-01-01 00:32:37','2012-02-07 13:21:56','John Hamilton to Robert Taylor. Norfolk, April 16, 1794',1,1,1,NULL,NULL,NULL,NULL,NULL,NULL),(84,598,NULL,347,595,NULL,347,0,'1794-04-15',NULL,NULL,'','2012-01-01 00:42:50','2012-02-07 13:21:56','Sir Charles Henry Knowles to Robert Taylor. Norfolk, April 15, 1794',1,1,1,NULL,NULL,NULL,NULL,NULL,NULL),(85,598,NULL,347,593,NULL,345,0,'1794-04-15',NULL,NULL,'','2012-01-01 00:45:16','2012-02-07 13:21:56','Sir Charles Henry Knowles to Alexander Campbell. Norfolk, April 15, 1794',1,1,1,NULL,NULL,NULL,NULL,NULL,NULL),(86,597,NULL,347,593,NULL,345,0,'1794-04-14',NULL,NULL,'','2012-01-01 00:46:12','2012-02-07 13:21:56','John Hamilton to Alexander Campbell. Norfolk, April 14, 1794',1,1,1,NULL,NULL,NULL,NULL,NULL,NULL),(87,593,NULL,345,572,NULL,337,0,'1794-04-19',NULL,NULL,'','2012-01-01 00:47:07','2012-02-07 13:21:56','Alexander Campbell to Edmund Jennings Randolph. Richmond, April 19, 1794',1,1,1,NULL,NULL,NULL,NULL,NULL,NULL),(88,596,NULL,346,572,NULL,337,0,'1794-04-19',NULL,NULL,'','2012-01-01 00:47:56','2012-02-07 13:21:56','William Moultrie to Edmund Jennings Randolph. Charleston, April 19, 1794',1,1,1,NULL,NULL,NULL,NULL,NULL,NULL),(89,596,NULL,346,572,NULL,337,0,'1794-04-19',NULL,NULL,'','2012-01-01 00:48:30','2012-02-07 13:21:56','William Moultrie to Edmund Jennings Randolph. Charleston, April 19, 1794',1,1,1,NULL,NULL,NULL,NULL,NULL,NULL),(90,573,NULL,337,572,NULL,337,0,'1794-05-01',NULL,NULL,'','2012-01-01 00:49:09','2012-02-07 13:21:56','George Hammond to Edmund Jennings Randolph. Philadelphia, May  1, 1794',1,1,1,NULL,NULL,NULL,NULL,NULL,NULL),(91,572,NULL,337,573,NULL,337,0,'1794-05-12','1794-05-12',NULL,'','2012-01-01 00:49:58','2012-02-07 13:21:56','Edmund Jennings Randolph to George Hammond. Philadelphia, May 12, 1794',1,1,1,1,1,1,NULL,NULL,NULL),(92,573,NULL,337,572,NULL,337,0,'1794-05-12','1794-05-12',NULL,'','2012-01-01 00:52:47','2012-02-07 13:21:56','George Hammond to Edmund Jennings Randolph. Philadelphia, May 12, 1794',1,1,1,1,1,1,NULL,NULL,NULL),(93,573,NULL,337,572,NULL,337,0,'1794-05-05','1794-05-05',NULL,'','2012-01-01 00:53:40','2012-02-07 13:21:56','George Hammond to Edmund Jennings Randolph. Philadelphia, May  5, 1794',1,1,1,1,1,1,NULL,NULL,NULL),(94,572,NULL,337,573,NULL,337,0,'1794-05-06','1794-05-06',NULL,'','2012-01-01 00:55:04','2012-02-07 13:21:56','Edmund Jennings Randolph to George Hammond. Philadelphia, May  6, 1794',1,1,1,1,1,1,NULL,NULL,NULL),(95,572,NULL,337,587,NULL,337,0,'1794-05-06','1794-05-06',NULL,'','2012-01-01 00:57:06','2012-02-07 13:21:56','Edmund Jennings Randolph to William Rawle. Philadelphia, May  6, 1794',1,1,1,1,1,1,NULL,NULL,NULL),(96,573,NULL,337,572,NULL,337,0,'1794-05-06','1794-05-06',NULL,'','2012-01-01 00:57:34','2012-02-07 13:21:56','George Hammond to Edmund Jennings Randolph. Philadelphia, May  6, 1794',1,1,1,1,1,1,NULL,NULL,NULL),(97,606,NULL,337,573,NULL,337,0,'1794-05-09','1794-05-10',NULL,' May 9 [10] 1794   In his response of May 12, 1794 Hammond referes to receiving Hamilton\'s letter on May 10 and the inclosure on May 11.','2012-01-01 00:58:40','2012-02-07 13:21:56','Alexander Hamilton to George Hammond. Philadelphia, May  9, 1794',1,1,1,1,1,1,NULL,NULL,NULL),(98,587,NULL,337,606,NULL,337,0,'1794-05-08','1794-05-08',NULL,'','2012-01-01 00:59:30','2012-02-07 13:21:56','William Rawle to Alexander Hamilton. Philadelphia, May  8, 1794',1,1,1,1,1,1,NULL,NULL,NULL),(99,573,NULL,337,606,NULL,337,0,'1794-05-12','1794-05-14',NULL,' Hamilton\'s response on May 14 states he did not receive Hammond\'s letter until then.','2012-01-01 01:00:14','2012-02-07 13:21:56','George Hammond to Alexander Hamilton. Philadelphia, May 12, 1794',1,1,1,1,1,1,NULL,NULL,NULL),(100,606,NULL,337,573,NULL,337,0,'1794-05-14','1794-05-14',NULL,'','2012-01-01 01:04:27','2012-02-07 13:21:56','Alexander Hamilton to George Hammond. Philadelphia, May 14, 1794',1,1,1,NULL,1,1,NULL,NULL,NULL),(101,599,NULL,347,600,NULL,NULL,0,'1794-04-07',NULL,NULL,'','2012-01-01 01:06:24','2012-02-07 13:21:56','Thomas Mathews to Vaughan. Norfolk, April  7, 1794',1,1,1,NULL,NULL,NULL,NULL,NULL,NULL),(102,573,NULL,337,572,NULL,337,0,'1794-05-15','1794-05-15',NULL,' Includes letter from Mayor of Philadelphia, Matthew Clarkson.','2012-01-01 01:07:22','2012-02-07 13:21:56','George Hammond to Edmund Jennings Randolph. Philadelphia, May 15, 1794',1,1,1,1,1,1,NULL,NULL,NULL),(103,606,NULL,337,572,NULL,337,0,'1794-05-14','1794-05-14',NULL,'','2012-01-01 01:08:08','2012-02-07 13:21:56','Alexander Hamilton to Edmund Jennings Randolph. Philadelphia, May 14, 1794',1,1,1,1,1,1,NULL,NULL,NULL),(104,601,NULL,348,572,NULL,337,0,'1794-05-16',NULL,NULL,'','2012-01-01 01:09:11','2012-02-07 13:21:56','Arthur Fenner to Edmund Jennings Randolph. Providence, May 16, 1794',1,1,1,NULL,NULL,NULL,NULL,NULL,NULL),(105,572,NULL,337,7,NULL,166,0,'1794-05-27','1794-07-14',NULL,' Jay acknowledges receipt of letter on July 16, 1794 (Jay ID 4426)','2012-01-04 17:52:44','2012-02-07 13:21:56','Edmund Jennings Randolph to John Jay. Philadelphia, May 27, 1794',1,1,1,1,1,1,NULL,NULL,NULL),(106,572,NULL,337,7,NULL,166,0,'1794-05-27',NULL,NULL,'','2012-01-04 17:52:44','2012-02-07 13:21:56','Edmund Jennings Randolph to John Jay. Philadelphia, May 27, 1794',1,1,1,NULL,NULL,NULL,NULL,NULL,NULL),(107,572,NULL,337,7,NULL,166,0,'1794-05-27',NULL,NULL,'','2012-01-04 17:52:44','2012-02-07 13:21:56','Edmund Jennings Randolph to John Jay. Philadelphia, May 27, 1794',1,1,1,NULL,NULL,NULL,NULL,NULL,NULL),(108,572,NULL,337,7,NULL,166,0,'1794-05-27',NULL,NULL,'','2012-01-04 17:52:44','2012-02-07 13:21:56','Edmund Jennings Randolph to John Jay. Philadelphia, May 27, 1794',1,1,1,NULL,NULL,NULL,NULL,NULL,NULL),(109,572,NULL,337,7,NULL,166,0,'1794-05-28','1794-07-14',NULL,' Jay acknowledges receipt in July 16, 1794 (Jay ID 4426)','2012-01-04 17:52:44','2012-02-07 13:21:56','Edmund Jennings Randolph to John Jay. Philadelphia, May 28, 1794',1,1,1,1,1,1,NULL,NULL,NULL),(110,572,NULL,337,7,NULL,166,0,'1794-05-28',NULL,NULL,'','2012-01-04 17:52:44','2012-02-07 13:21:56','Edmund Jennings Randolph to John Jay. Philadelphia, May 28, 1794',1,1,1,NULL,NULL,NULL,NULL,NULL,NULL),(111,572,NULL,337,7,NULL,166,0,'1794-05-28',NULL,NULL,'','2012-01-04 17:52:44','2012-02-07 13:21:56','Edmund Jennings Randolph to John Jay. Philadelphia, May 28, 1794',1,1,1,NULL,NULL,NULL,NULL,NULL,NULL),(112,572,NULL,337,7,NULL,166,0,'1794-05-29','1794-07-16',NULL,' Jay acknowledges receipt in July 16, 1794 response (Jay ID 4426)','2012-01-04 17:52:44','2012-02-07 13:21:56','Edmund Jennings Randolph to John Jay. Philadelphia, May 29, 1794',1,1,1,1,1,1,NULL,NULL,NULL),(113,572,NULL,337,7,NULL,166,0,'1794-05-29',NULL,NULL,'','2012-01-04 17:52:44','2012-02-07 13:21:56','Edmund Jennings Randolph to John Jay. Philadelphia, May 29, 1794',1,1,1,NULL,NULL,NULL,NULL,NULL,NULL),(114,572,NULL,337,7,NULL,166,0,'1794-05-29',NULL,NULL,'','2012-01-04 17:52:44','2012-02-07 13:21:56','Edmund Jennings Randolph to John Jay. Philadelphia, May 29, 1794',1,1,1,NULL,NULL,NULL,NULL,NULL,NULL),(115,605,NULL,342,7,NULL,166,0,'1794-05-29',NULL,NULL,'','2012-01-04 17:52:44','2012-02-07 13:21:56','Sarah Livingston Jay to John Jay. New York, May 29, 1794',1,1,1,NULL,NULL,NULL,NULL,NULL,NULL),(116,606,NULL,337,7,NULL,166,0,'1794-06-04',NULL,NULL,'','2012-01-04 17:52:44','2012-02-07 13:21:56','Alexander Hamilton to John Jay. Philadelphia, June  4, 1794',1,1,1,NULL,NULL,NULL,NULL,NULL,NULL),(117,9,NULL,333,7,NULL,166,0,'1794-06-07',NULL,NULL,'','2012-01-04 17:52:44','2012-02-07 13:21:56','Christopher Gore to John Jay. Boston, June  7, 1794',1,1,1,NULL,NULL,NULL,NULL,NULL,NULL),(118,572,NULL,337,7,NULL,166,0,'1794-06-08','1794-07-16',NULL,' Jay acknowledges receipt in response on July 16, 1794 (Jay ID 4426)','2012-01-04 17:52:44','2012-02-07 13:21:56','Edmund Jennings Randolph to John Jay. Philadelphia, June  8, 1794',1,1,1,NULL,1,1,NULL,NULL,NULL),(119,572,NULL,337,7,NULL,166,0,'1794-06-08',NULL,NULL,'','2012-01-04 17:52:44','2012-02-07 13:21:56','Edmund Jennings Randolph to John Jay. Philadelphia, June  8, 1794',1,1,1,NULL,NULL,NULL,NULL,NULL,NULL),(120,572,NULL,337,7,NULL,166,0,'1794-06-08',NULL,NULL,'','2012-01-04 17:52:44','2012-02-07 13:21:56','Edmund Jennings Randolph to John Jay. Philadelphia, June  8, 1794',1,1,1,NULL,NULL,NULL,NULL,NULL,NULL),(121,572,NULL,337,7,NULL,166,0,'1794-06-09','1794-08-21',NULL,' Jay acknowledges receipt in letter of August 21, 1794.  Jay ID 4440','2012-01-04 17:52:44','2012-02-07 13:21:56','Edmund Jennings Randolph to John Jay. Philadelphia, June  9, 1794',1,1,1,0,1,1,NULL,NULL,NULL),(122,572,NULL,337,7,NULL,166,0,'1794-06-09',NULL,NULL,'','2012-01-04 17:52:44','2012-02-07 13:21:56','Edmund Jennings Randolph to John Jay. Philadelphia, June  9, 1794',1,1,1,NULL,NULL,NULL,NULL,NULL,NULL),(123,607,NULL,337,7,NULL,166,0,'1794-06-09',NULL,NULL,'','2012-01-04 17:52:44','2012-02-07 13:21:56','Tench Coxe to John Jay. Philadelphia, June  9, 1794',1,1,1,NULL,NULL,NULL,NULL,NULL,NULL),(124,603,NULL,351,7,NULL,166,0,'1794-06-09',NULL,NULL,'','2012-01-04 17:52:44','2012-02-07 13:21:56','William Bayard to John Jay. Southampton, June  9, 1794',1,1,1,NULL,NULL,NULL,NULL,NULL,NULL),(125,144,NULL,337,7,NULL,166,0,'1794-06-09',NULL,NULL,'','2012-01-04 17:52:44','2012-02-07 13:21:56','William Vans Murray to John Jay. Philadelphia, June  9, 1794',1,1,1,NULL,NULL,NULL,NULL,NULL,NULL),(126,608,NULL,342,7,NULL,166,0,'1794-06-13',NULL,NULL,'','2012-01-04 17:52:44','2012-02-07 13:21:56','Maria Jay to John Jay. New York, June 13, 1794',1,1,1,NULL,NULL,NULL,NULL,NULL,NULL),(127,609,NULL,342,7,NULL,166,0,'1794-06-14',NULL,NULL,'','2012-01-04 17:52:44','2012-02-07 13:21:56','Peter Jay Munro to John Jay. New York, June 14, 1794',1,1,1,NULL,NULL,NULL,NULL,NULL,NULL),(128,609,NULL,342,7,NULL,166,0,'1794-06-15',NULL,NULL,'','2012-01-04 17:52:44','2012-02-07 13:21:56','Peter Jay Munro to John Jay. New York, June 15, 1794',1,1,1,NULL,NULL,NULL,NULL,NULL,NULL),(129,610,NULL,182,7,NULL,166,0,'1794-06-15',NULL,NULL,'','2012-01-04 17:52:44','2012-02-07 13:21:56','Sir Edward Newenham to John Jay. Dublin, June 15, 1794',1,1,1,NULL,NULL,NULL,NULL,NULL,NULL),(130,611,NULL,166,7,NULL,166,0,'1794-06-16',NULL,NULL,'','2012-01-04 17:52:44','2012-02-07 13:21:56','William Grenville to John Jay. London, June 16, 1794',1,1,1,NULL,NULL,NULL,NULL,NULL,NULL),(131,612,NULL,166,7,NULL,166,0,'1794-06-17','1794-06-17',NULL,' Since Braithwaite was comptroller of the foreign office, it is assumed the letter originated in London and was received the same day.','2012-01-04 17:52:44','2012-02-07 13:21:56','Mr. Braithwaite to John Jay. London, June 17, 1794',1,1,1,1,1,1,NULL,NULL,NULL),(132,6,NULL,166,7,NULL,166,0,'1794-06-17',NULL,NULL,'','2012-01-04 17:52:44','2012-02-07 13:21:56','Thomas Pinckney to John Jay. London, June 17, 1794',1,1,1,NULL,NULL,NULL,NULL,NULL,NULL),(133,613,NULL,346,7,NULL,166,0,'1794-06-19',NULL,NULL,'','2012-01-04 17:52:44','2012-02-07 13:21:56','Jacob Read to John Jay. Charleston, June 19, 1794',1,1,1,NULL,NULL,NULL,NULL,NULL,NULL),(134,614,NULL,355,7,NULL,166,0,'1794-06-19',NULL,NULL,NULL,'2012-01-04 17:52:44','2012-04-20 14:16:27','Prince de Poix to John Jay. Twickenham, June 19, 1794',1,1,1,NULL,NULL,NULL,NULL,NULL,NULL),(135,611,NULL,166,7,NULL,166,0,'1794-06-19',NULL,NULL,'','2012-01-04 17:52:44','2012-02-07 13:21:56','William Grenville to John Jay. London, June 19, 1794',1,1,1,NULL,NULL,NULL,NULL,NULL,NULL),(136,615,NULL,166,7,NULL,166,0,'1794-06-23',NULL,NULL,'','2012-01-04 17:52:44','2012-02-07 13:21:57','Del Campo to John Jay. London, June 23, 1794',1,1,1,NULL,NULL,NULL,NULL,NULL,NULL),(137,611,NULL,166,7,NULL,166,0,'1794-06-24',NULL,NULL,'','2012-01-04 17:52:44','2012-02-07 13:21:57','William Grenville to John Jay. London, June 24, 1794',1,1,1,NULL,NULL,NULL,NULL,NULL,NULL),(138,616,NULL,166,7,NULL,166,0,'1794-06-25','1794-06-27',NULL,'','2012-01-04 17:52:44','2012-02-07 13:21:57','William Augustus Miles to John Jay. London, June 25, 1794',1,1,1,1,1,1,NULL,NULL,NULL),(139,616,NULL,166,7,NULL,166,0,'1794-06-26','1794-06-27',NULL,'','2012-01-04 17:52:44','2012-02-07 13:21:57','William Augustus Miles to John Jay. London, June 26, 1794',1,1,1,1,1,1,NULL,NULL,NULL),(140,247,NULL,229,7,NULL,166,0,'1794-06-27',NULL,NULL,'','2012-01-04 17:52:44','2012-02-07 13:21:57','Sylvanus Bourne to John Jay. Amsterdam, June 27, 1794',1,1,1,NULL,NULL,NULL,NULL,NULL,NULL),(141,247,NULL,229,7,NULL,166,0,'1794-06-27',NULL,NULL,'','2012-01-04 17:52:44','2012-02-07 13:21:57','Sylvanus Bourne to John Jay. Amsterdam, June 27, 1794',1,1,1,NULL,NULL,NULL,NULL,NULL,NULL),(142,603,NULL,351,7,NULL,166,0,'1794-06-29',NULL,NULL,'','2012-01-04 17:52:44','2012-02-07 13:21:57','William Bayard to John Jay. Southampton, June 29, 1794',1,1,1,NULL,NULL,NULL,NULL,NULL,NULL),(143,617,NULL,166,7,NULL,166,0,'1794-06-30',NULL,NULL,'','2012-01-04 17:52:44','2012-02-07 13:21:57','Lally-Colendal to John Jay. London, June 30, 1794',1,1,1,NULL,NULL,NULL,NULL,NULL,NULL),(144,618,NULL,359,7,NULL,166,0,'1794-07-01','1794-07-03',NULL,'','2012-01-04 17:52:44','2012-02-07 13:21:57','Mary Ann Lowden to John Jay. Dumfries, July  1, 1794',1,1,1,1,1,1,NULL,NULL,NULL),(145,619,NULL,166,7,NULL,166,0,'1794-07-04',NULL,NULL,'','2012-01-04 17:52:44','2012-02-07 13:21:57','Dell\'Acqua to John Jay. London, July  4, 1794',1,1,1,NULL,NULL,NULL,NULL,NULL,NULL),(146,620,NULL,166,7,NULL,166,0,'1794-07-04','1794-07-04',NULL,'','2012-01-04 17:52:44','2012-02-07 13:21:57','Thomas Coombe to John Jay. London, July  4, 1794',1,1,1,1,1,1,NULL,NULL,NULL),(147,621,NULL,166,7,NULL,166,0,'1794-07-05',NULL,NULL,' Assuming letter was sent from London because Waddell refers to discussing the issue with Thomas Pinckney.','2012-01-04 17:52:44','2012-02-07 13:21:57','Henry Waddell to John Jay. London, July  5, 1794',1,1,1,NULL,NULL,NULL,NULL,NULL,NULL),(148,621,NULL,166,7,NULL,166,0,'1794-07-05',NULL,NULL,' Assuming letter was sent from London because Waddell refers to discussing the issue with Thomas Pinckney.','2012-01-04 17:52:44','2012-02-07 13:21:57','Henry Waddell to John Jay. London, July  5, 1794',1,1,1,NULL,NULL,NULL,NULL,NULL,NULL),(149,622,NULL,345,7,NULL,166,0,'1794-07-06',NULL,NULL,'','2012-01-04 17:52:44','2012-02-07 13:21:57','Richard Henry Lee to John Jay. Richmond, July  6, 1794',1,1,1,NULL,NULL,NULL,NULL,NULL,NULL),(150,623,NULL,166,7,NULL,166,0,'1794-07-06','1794-07-09',NULL,'','2012-01-04 17:52:44','2012-02-07 13:21:57','Sir John Sinclair to John Jay. London, July  6, 1794',1,1,1,1,1,1,NULL,NULL,NULL),(151,605,NULL,342,7,NULL,166,0,'1794-07-07',NULL,NULL,'','2012-01-04 17:52:44','2012-02-07 13:21:57','Sarah Livingston Jay to John Jay. New York, July  7, 1794',1,1,1,NULL,NULL,NULL,NULL,NULL,NULL),(152,624,NULL,229,7,NULL,166,0,'1794-07-08',NULL,NULL,'','2012-01-04 17:52:44','2012-02-07 13:21:57','W. Jackson to John Jay. Amsterdam, July  8, 1794',1,1,1,NULL,NULL,NULL,NULL,NULL,NULL),(153,572,NULL,337,7,NULL,166,0,'1794-07-09','1794-08-21',NULL,' Jay acknowledges receipt in letter of August 21, 1794.  says it came \"a few days ago\" Jay ID 4440','2012-01-04 17:52:44','2012-02-07 13:21:57','Edmund Jennings Randolph to John Jay. Philadelphia, July  9, 1794',1,1,1,0,1,1,NULL,NULL,NULL),(154,572,NULL,337,7,NULL,166,0,'1794-07-09',NULL,NULL,'','2012-01-04 17:52:44','2012-02-07 13:21:57','Edmund Jennings Randolph to John Jay. Philadelphia, July  9, 1794',1,1,1,NULL,NULL,NULL,NULL,NULL,NULL),(155,625,NULL,352,7,NULL,166,0,'1794-07-09',NULL,NULL,'','2012-01-04 17:52:44','2012-02-07 13:21:57','Edward Gardiner to John Jay. Herefordshire, July  9, 1794',1,1,1,NULL,NULL,NULL,NULL,NULL,NULL),(156,572,NULL,337,7,NULL,166,0,'1794-07-10',NULL,NULL,'','2012-01-04 17:52:44','2012-02-07 13:21:57','Edmund Jennings Randolph to John Jay. Philadelphia, July 10, 1794',1,1,1,NULL,NULL,NULL,NULL,NULL,NULL),(157,572,NULL,337,7,NULL,166,0,'1794-07-10',NULL,NULL,'','2012-01-04 17:52:44','2012-02-07 13:21:57','Edmund Jennings Randolph to John Jay. Philadelphia, July 10, 1794',1,1,1,NULL,NULL,NULL,NULL,NULL,NULL),(158,572,NULL,337,7,NULL,166,0,'1794-07-10',NULL,NULL,'','2012-01-04 17:52:44','2012-02-07 13:21:57','Edmund Jennings Randolph to John Jay. Philadelphia, July 10, 1794',1,1,1,NULL,NULL,NULL,NULL,NULL,NULL),(159,572,NULL,337,7,NULL,166,0,'1794-07-10',NULL,NULL,'','2012-01-04 17:52:44','2012-02-07 13:21:57','Edmund Jennings Randolph to John Jay. Philadelphia, July 10, 1794',1,1,1,NULL,NULL,NULL,NULL,NULL,NULL),(160,626,NULL,357,7,NULL,166,0,'1794-07-11',NULL,NULL,'','2012-01-04 17:52:44','2012-02-07 13:21:57','Sarah Vaughan to John Jay. Rottingdean, July 11, 1794',1,1,1,NULL,NULL,NULL,NULL,NULL,NULL),(161,610,NULL,182,7,NULL,166,0,'1794-07-12',NULL,NULL,'','2012-01-04 17:52:44','2012-02-07 13:21:57','Sir Edward Newenham to John Jay. Dublin, July 12, 1794',1,1,1,NULL,NULL,NULL,NULL,NULL,NULL),(162,602,NULL,360,7,NULL,166,0,'1794-07-14','1794-07-23',NULL,'','2012-01-04 17:52:44','2012-02-07 13:21:57','John Anstey to John Jay. Bath, July 14, 1794',1,1,1,1,1,1,NULL,NULL,NULL),(163,627,NULL,354,7,NULL,166,0,'1794-07-15',NULL,NULL,'','2012-01-04 17:52:44','2012-02-07 13:21:57','Lindley Murray to John Jay. York, July 15, 1794',1,1,1,NULL,NULL,NULL,NULL,NULL,NULL),(165,572,NULL,337,7,NULL,166,0,'1794-07-18',NULL,NULL,'','2012-01-04 17:52:44','2012-02-07 13:21:57','Edmund Jennings Randolph to John Jay. Philadelphia, July 18, 1794',1,1,1,NULL,NULL,NULL,NULL,NULL,NULL),(166,572,NULL,337,7,NULL,166,0,'1794-07-18',NULL,NULL,'','2012-01-04 17:52:44','2012-02-07 13:21:57','Edmund Jennings Randolph to John Jay. Philadelphia, July 18, 1794',1,1,1,NULL,NULL,NULL,NULL,NULL,NULL),(167,572,NULL,337,7,NULL,166,0,'1794-07-18',NULL,NULL,'','2012-01-04 17:52:44','2012-02-07 13:21:57','Edmund Jennings Randolph to John Jay. Philadelphia, July 18, 1794',1,1,1,NULL,NULL,NULL,NULL,NULL,NULL),(168,108,NULL,353,7,NULL,166,0,'1794-07-18',NULL,NULL,'','2012-01-04 17:52:44','2012-02-07 13:21:57','John Mitchell to John Jay. Edinburgh, July 18, 1794',1,1,1,NULL,NULL,NULL,NULL,NULL,NULL),(169,6,NULL,166,7,NULL,166,0,'1794-07-19',NULL,NULL,'','2012-01-04 17:52:44','2012-02-07 13:21:57','Thomas Pinckney to John Jay. London, July 19, 1794',1,1,1,NULL,NULL,NULL,NULL,NULL,NULL),(170,6,NULL,166,7,NULL,166,0,'1794-07-20',NULL,NULL,'','2012-01-04 17:52:44','2012-02-07 13:21:57','Thomas Pinckney to John Jay. London, July 20, 1794',1,1,1,NULL,NULL,NULL,NULL,NULL,NULL),(171,628,NULL,166,7,NULL,166,0,'1794-07-27',NULL,NULL,'','2012-01-04 17:52:44','2012-02-07 13:21:57','William Petty, Marquis of Lansdowne to John Jay. London, July 27, 1794',1,1,1,NULL,NULL,NULL,NULL,NULL,NULL),(172,6,NULL,166,7,NULL,166,0,'1794-07-28',NULL,NULL,'','2012-01-04 17:52:44','2012-02-07 13:21:57','Thomas Pinckney to John Jay. London, July 28, 1794',1,1,1,NULL,NULL,NULL,NULL,NULL,NULL),(173,611,NULL,166,7,NULL,166,0,'1794-07-28',NULL,NULL,'','2012-01-04 17:52:44','2012-02-07 13:21:57','William Grenville to John Jay. London, July 28, 1794',1,1,1,NULL,NULL,NULL,NULL,NULL,NULL),(174,611,NULL,166,7,NULL,166,0,'1794-07-29',NULL,NULL,'','2012-01-04 17:52:44','2012-02-07 13:21:57','William Grenville to John Jay. London, July 29, 1794',1,1,1,NULL,NULL,NULL,NULL,NULL,NULL),(175,572,NULL,337,7,NULL,166,0,'1794-07-30',NULL,NULL,'','2012-01-04 17:52:44','2012-02-07 13:21:57','Edmund Jennings Randolph to John Jay. Philadelphia, July 30, 1794',1,1,1,NULL,NULL,NULL,NULL,NULL,NULL),(176,572,NULL,337,7,NULL,166,0,'1794-07-30',NULL,NULL,'','2012-01-04 17:52:44','2012-02-07 13:21:57','Edmund Jennings Randolph to John Jay. Philadelphia, July 30, 1794',1,1,1,NULL,NULL,NULL,NULL,NULL,NULL),(177,629,NULL,181,7,NULL,166,0,'1794-07-30',NULL,NULL,'','2012-01-04 17:52:44','2012-02-07 13:21:57','Harvey Reuben to John Jay. Cork, July 30, 1794',1,1,1,NULL,NULL,NULL,NULL,NULL,NULL),(178,611,NULL,166,7,NULL,166,0,'1794-07-30',NULL,NULL,'','2012-01-04 17:52:44','2012-02-07 13:21:57','William Grenville to John Jay. London, July 30, 1794',1,1,1,NULL,NULL,NULL,NULL,NULL,NULL),(179,630,NULL,166,7,NULL,166,0,'1794-08-01',NULL,NULL,'day not known','2012-01-04 17:52:44','2012-02-07 13:21:57','Mrs. Chalmers to John Jay. London, August 1794',0,1,1,NULL,NULL,NULL,NULL,NULL,NULL),(180,631,NULL,166,7,NULL,166,0,'1794-08-01',NULL,NULL,'day not known','2012-01-04 17:52:44','2012-02-07 13:21:57','William Temple Franklin to John Jay. London, August 1794',0,1,1,NULL,NULL,NULL,NULL,NULL,NULL),(181,632,NULL,342,7,NULL,166,0,'1794-08-01','1794-12-09',NULL,' Received date is based on date of Jay\'s response (Dec 9) but Jay states that he has delayed responding, so it is unclear when the letter was initially received.','2012-01-04 17:52:44','2012-02-07 13:21:57','Mathew Clarkson to John Jay. New York, August  1, 1794',1,1,1,0,0,1,NULL,NULL,NULL),(182,604,NULL,348,7,NULL,166,0,'1794-08-01',NULL,NULL,'','2012-01-04 17:52:44','2012-02-07 13:21:57','R. Bowen to John Jay. Providence, August  1, 1794',1,1,1,NULL,NULL,NULL,NULL,NULL,NULL),(183,611,NULL,166,7,NULL,166,0,'1794-08-01',NULL,NULL,'','2012-01-04 17:52:44','2012-02-07 13:21:57','William Grenville to John Jay. London, August  1, 1794',1,1,1,NULL,NULL,NULL,NULL,NULL,NULL),(184,605,NULL,342,7,NULL,166,0,'1794-08-02',NULL,NULL,'','2012-01-04 17:52:44','2012-02-07 13:21:57','Sarah Livingston Jay to John Jay. New York, August  2, 1794',1,1,1,NULL,NULL,NULL,NULL,NULL,NULL),(185,633,NULL,166,7,NULL,166,0,'1794-08-02','1794-08-02',NULL,'','2012-01-04 17:52:44','2012-02-07 13:21:57','William Scott, Baron Stowell to John Jay. London, August  2, 1794',1,1,1,1,1,1,NULL,NULL,NULL),(186,611,NULL,166,7,NULL,166,0,'1794-08-04',NULL,NULL,'','2012-01-04 17:52:44','2012-02-07 13:21:57','William Grenville to John Jay. London, August  4, 1794',1,1,1,NULL,NULL,NULL,NULL,NULL,NULL),(187,611,NULL,166,7,NULL,166,0,'1794-08-05',NULL,NULL,'','2012-01-04 17:52:44','2012-02-07 13:21:57','William Grenville to John Jay. London, August  5, 1794',1,1,1,NULL,NULL,NULL,NULL,NULL,NULL),(188,611,NULL,166,7,NULL,166,0,'1794-08-08',NULL,NULL,'','2012-01-04 17:52:44','2012-02-07 13:21:57','William Grenville to John Jay. London, August  8, 1794',1,1,1,NULL,NULL,NULL,NULL,NULL,NULL),(189,572,NULL,337,7,NULL,166,0,'1794-08-11',NULL,NULL,'','2012-01-04 17:52:44','2012-02-07 13:21:57','Edmund Jennings Randolph to John Jay. Philadelphia, August 11, 1794',1,1,1,NULL,NULL,NULL,NULL,NULL,NULL),(190,572,NULL,337,7,NULL,166,0,'1794-08-11',NULL,NULL,'','2012-01-04 17:52:44','2012-02-07 13:21:57','Edmund Jennings Randolph to John Jay. Philadelphia, August 11, 1794',1,1,1,NULL,NULL,NULL,NULL,NULL,NULL),(191,572,NULL,337,7,NULL,166,0,'1794-08-11',NULL,NULL,'','2012-01-04 17:52:44','2012-02-07 13:21:57','Edmund Jennings Randolph to John Jay. Philadelphia, August 11, 1794',1,1,1,NULL,NULL,NULL,NULL,NULL,NULL),(192,630,NULL,166,7,NULL,166,0,'1794-08-11','1794-08-16',NULL,'','2012-01-04 17:52:44','2012-02-07 13:21:57','Mrs. Chalmers to John Jay. London, August 11, 1794',1,1,1,1,1,1,NULL,NULL,NULL),(193,630,NULL,166,7,NULL,166,0,'1794-08-12',NULL,NULL,'','2012-01-04 17:52:44','2012-02-07 13:21:57','Mrs. Chalmers to John Jay. London, August 12, 1794',1,1,1,NULL,NULL,NULL,NULL,NULL,NULL),(194,572,NULL,337,7,NULL,166,0,'1794-08-15','1794-10-29',NULL,' Jay acknowledges receipt in letter of October 21, 1794 (Jay ID 04329)','2012-01-04 17:52:44','2012-02-07 13:21:57','Edmund Jennings Randolph to John Jay. Philadelphia, August 15, 1794',1,1,1,0,1,1,NULL,NULL,NULL),(195,572,NULL,337,7,NULL,166,0,'1794-08-15',NULL,NULL,'','2012-01-04 17:52:44','2012-02-07 13:21:57','Edmund Jennings Randolph to John Jay. Philadelphia, August 15, 1794',1,1,1,NULL,NULL,NULL,NULL,NULL,NULL),(196,572,NULL,337,7,NULL,166,0,'1794-08-15',NULL,NULL,'','2012-01-04 17:52:44','2012-02-07 13:21:57','Edmund Jennings Randolph to John Jay. Philadelphia, August 15, 1794',1,1,1,NULL,NULL,NULL,NULL,NULL,NULL),(197,603,NULL,351,7,NULL,166,0,'1794-08-16',NULL,NULL,'','2012-01-04 17:52:44','2012-02-07 13:21:57','William Bayard to John Jay. Southampton, August 16, 1794',1,1,1,NULL,NULL,NULL,NULL,NULL,NULL),(198,611,NULL,166,7,NULL,166,0,'1794-08-17',NULL,NULL,'','2012-01-04 17:52:44','2012-02-07 13:21:57','William Grenville to John Jay. London, August 17, 1794',1,1,1,NULL,NULL,NULL,NULL,NULL,NULL),(199,572,NULL,337,7,NULL,166,0,'1794-08-18','1794-10-29',NULL,' Jay acknowledges receipt in letter of October 21, 1794 (Jay ID 04329)','2012-01-04 17:52:44','2012-02-07 13:21:57','Edmund Jennings Randolph to John Jay. Philadelphia, August 18, 1794',1,1,1,0,1,1,NULL,NULL,NULL),(200,572,NULL,337,7,NULL,166,0,'1794-08-18',NULL,NULL,'','2012-01-04 17:52:44','2012-02-07 13:21:57','Edmund Jennings Randolph to John Jay. Philadelphia, August 18, 1794',1,1,1,NULL,NULL,NULL,NULL,NULL,NULL),(201,605,NULL,342,7,NULL,166,0,'1794-08-27',NULL,NULL,'','2012-01-04 17:52:44','2012-02-07 13:21:57','Sarah Livingston Jay to John Jay. New York, August 27, 1794',1,1,1,NULL,NULL,NULL,NULL,NULL,NULL),(202,572,NULL,337,7,NULL,166,0,'1794-08-30','1794-10-29',NULL,' Jay acknowledges receipt in letter of October 21, 1794 (Jay ID 04329)','2012-01-04 17:52:44','2012-02-07 13:21:57','Edmund Jennings Randolph to John Jay. Philadelphia, August 30, 1794',1,1,1,0,1,1,NULL,NULL,NULL),(203,572,NULL,337,7,NULL,166,0,'1794-08-30',NULL,NULL,'','2012-01-04 17:52:44','2012-02-07 13:21:57','Edmund Jennings Randolph to John Jay. Philadelphia, August 30, 1794',1,1,1,NULL,NULL,NULL,NULL,NULL,NULL),(204,572,NULL,337,7,NULL,166,0,'1794-08-30',NULL,NULL,'','2012-01-04 17:52:44','2012-02-07 13:21:57','Edmund Jennings Randolph to John Jay. Philadelphia, August 30, 1794',1,1,1,NULL,NULL,NULL,NULL,NULL,NULL),(205,572,NULL,337,7,NULL,166,0,'1794-08-30',NULL,NULL,'','2012-01-04 17:52:44','2012-02-07 13:21:57','Edmund Jennings Randolph to John Jay. Philadelphia, August 30, 1794',1,1,1,NULL,NULL,NULL,NULL,NULL,NULL),(206,579,NULL,337,7,NULL,166,0,'1794-08-30',NULL,NULL,'','2012-01-04 17:52:44','2012-02-07 13:21:57','George Washington to John Jay. Philadelphia, August 30, 1794',1,1,1,NULL,NULL,NULL,NULL,NULL,NULL),(207,579,NULL,337,7,NULL,166,0,'1794-08-30',NULL,NULL,'','2012-01-04 17:52:44','2012-02-07 13:21:57','George Washington to John Jay. Philadelphia, August 30, 1794',1,1,1,NULL,NULL,NULL,NULL,NULL,NULL),(208,579,NULL,337,7,NULL,166,0,'1794-08-30',NULL,NULL,'','2012-01-04 17:52:44','2012-02-07 13:21:57','George Washington to John Jay. Philadelphia, August 30, 1794',1,1,1,NULL,NULL,NULL,NULL,NULL,NULL),(209,609,NULL,342,7,NULL,166,0,'1794-08-30',NULL,NULL,'','2012-01-04 17:52:44','2012-02-07 13:21:57','Peter Jay Munro to John Jay. New York, August 30, 1794',1,1,1,NULL,NULL,NULL,NULL,NULL,NULL),(210,611,NULL,166,7,NULL,166,0,'1794-08-30',NULL,NULL,'','2012-01-04 17:52:44','2012-02-07 13:21:57','William Grenville to John Jay. London, August 30, 1794',1,1,1,NULL,NULL,NULL,NULL,NULL,NULL),(211,634,NULL,166,7,NULL,166,0,'1794-09-01','1794-09-01',NULL,'','2012-01-04 17:52:44','2012-02-07 13:21:57','Lady Payne to John Jay. London, September 1794',0,1,1,1,1,1,NULL,NULL,NULL),(212,572,NULL,337,7,NULL,166,0,'1794-09-05','1794-10-29',NULL,' Jay acknowledges receipt in letter of October 21, 1794 (Jay ID 04329)','2012-01-04 17:52:44','2012-02-07 13:21:57','Edmund Jennings Randolph to John Jay. Philadelphia, September  5, 1794',1,1,1,0,1,1,NULL,NULL,NULL),(213,579,NULL,337,7,NULL,166,0,'1794-09-05',NULL,NULL,'','2012-01-04 17:52:44','2012-02-07 13:21:57','George Washington to John Jay. Philadelphia, September  5, 1794',1,1,1,NULL,NULL,NULL,NULL,NULL,NULL),(214,611,NULL,166,7,NULL,166,0,'1794-09-05',NULL,NULL,'','2012-01-04 17:52:44','2012-02-07 13:21:57','William Grenville to John Jay. London, September  5, 1794',1,1,1,NULL,NULL,NULL,NULL,NULL,NULL),(215,611,NULL,166,7,NULL,166,0,'1794-09-07',NULL,NULL,'','2012-01-04 17:52:44','2012-02-07 13:21:57','William Grenville to John Jay. London, September  7, 1794',1,1,1,NULL,NULL,NULL,NULL,NULL,NULL),(216,611,NULL,166,7,NULL,166,0,'1794-09-07',NULL,NULL,'','2012-01-04 17:52:44','2012-02-07 13:21:57','William Grenville to John Jay. London, September  7, 1794',1,1,1,NULL,NULL,NULL,NULL,NULL,NULL),(217,611,NULL,166,7,NULL,166,0,'1794-09-07',NULL,NULL,'','2012-01-04 17:52:44','2012-02-07 13:21:57','William Grenville to John Jay. London, September  7, 1794',1,1,1,NULL,NULL,NULL,NULL,NULL,NULL),(218,635,NULL,166,7,NULL,166,0,'1794-09-09',NULL,NULL,'','2012-01-04 17:52:44','2012-02-07 13:21:57','Henry Dundas, Viscount Melville to John Jay. London, September  9, 1794',1,1,1,NULL,NULL,NULL,NULL,NULL,NULL),(219,635,NULL,166,7,NULL,166,0,'1794-09-10',NULL,NULL,'','2012-01-04 17:52:44','2012-02-07 13:21:57','Henry Dundas, Viscount Melville to John Jay. London, September 10, 1794',1,1,1,NULL,NULL,NULL,NULL,NULL,NULL),(220,633,NULL,166,7,NULL,166,0,'1794-09-10',NULL,NULL,'','2012-01-04 17:52:44','2012-02-07 13:21:57','William Scott, Baron Stowell to John Jay. London, September 10, 1794',1,1,1,NULL,NULL,NULL,NULL,NULL,NULL),(221,572,NULL,337,7,NULL,166,0,'1794-09-12','1794-10-29',NULL,' Jay acknowledges receipt in letter of October 21, 1794 (Jay ID 04329)','2012-01-04 17:52:44','2012-02-07 13:21:57','Edmund Jennings Randolph to John Jay. Philadelphia, September 12, 1794',1,1,1,0,1,1,NULL,NULL,NULL),(222,572,NULL,337,7,NULL,166,0,'1794-09-12',NULL,NULL,'','2012-01-04 17:52:44','2012-02-07 13:21:57','Edmund Jennings Randolph to John Jay. Philadelphia, September 12, 1794',1,1,1,NULL,NULL,NULL,NULL,NULL,NULL),(223,572,NULL,337,7,NULL,166,0,'1794-09-12',NULL,NULL,'','2012-01-04 17:52:44','2012-02-07 13:21:57','Edmund Jennings Randolph to John Jay. Philadelphia, September 12, 1794',1,1,1,NULL,NULL,NULL,NULL,NULL,NULL),(224,572,NULL,337,7,NULL,166,0,'1794-09-15',NULL,NULL,'','2012-01-04 17:52:44','2012-02-07 13:21:57','Edmund Jennings Randolph to John Jay. Philadelphia, September 15, 1794',1,1,1,NULL,NULL,NULL,NULL,NULL,NULL),(225,636,NULL,166,7,NULL,166,0,'1794-09-16',NULL,NULL,'','2012-01-04 17:52:45','2012-02-07 13:21:57','La Rouchefoucauld to John Jay. London, September 16, 1794',1,1,1,NULL,NULL,NULL,NULL,NULL,NULL),(226,637,NULL,166,7,NULL,166,0,'1794-09-16','1794-09-17',NULL,'','2012-01-04 17:52:45','2012-02-07 13:21:57','Sir Robert Herries to John Jay. London, September 16, 1794',1,1,1,1,1,1,NULL,NULL,NULL),(227,606,NULL,337,7,NULL,166,0,'1794-09-17',NULL,NULL,'','2012-01-04 17:52:45','2012-02-07 13:21:57','Alexander Hamilton to John Jay. Philadelphia, September 17, 1794',1,1,1,NULL,NULL,NULL,NULL,NULL,NULL),(228,572,NULL,337,7,NULL,166,0,'1794-09-17','1794-10-29',NULL,' Jay acknowledges receipt in letter of October 21, 1794 (Jay ID 04329)','2012-01-04 17:52:45','2012-02-07 13:21:57','Edmund Jennings Randolph to John Jay. Philadelphia, September 17, 1794',1,1,1,0,1,1,NULL,NULL,NULL),(229,572,NULL,337,7,NULL,166,0,'1794-09-17',NULL,NULL,'','2012-01-04 17:52:45','2012-02-07 13:21:57','Edmund Jennings Randolph to John Jay. Philadelphia, September 17, 1794',1,1,1,NULL,NULL,NULL,NULL,NULL,NULL),(230,572,NULL,337,7,NULL,166,0,'1794-09-17',NULL,NULL,'','2012-01-04 17:52:45','2012-02-07 13:21:57','Edmund Jennings Randolph to John Jay. Philadelphia, September 17, 1794',1,1,1,NULL,NULL,NULL,NULL,NULL,NULL),(231,609,NULL,342,7,NULL,166,0,'1794-09-18',NULL,NULL,'','2012-01-04 17:52:45','2012-02-07 13:21:57','Peter Jay Munro to John Jay. New York, September 18, 1794',1,1,1,NULL,NULL,NULL,NULL,NULL,NULL),(232,572,NULL,337,7,NULL,166,0,'1794-09-20','1794-10-29',NULL,' Jay acknowledges receipt in letter of October 21, 1794 (Jay ID 04329)','2012-01-04 17:52:45','2012-02-07 13:21:57','Edmund Jennings Randolph to John Jay. Philadelphia, September 20, 1794',1,1,1,0,1,1,NULL,NULL,NULL),(233,572,NULL,337,7,NULL,166,0,'1794-09-20',NULL,NULL,'','2012-01-04 17:52:45','2012-02-07 13:21:57','Edmund Jennings Randolph to John Jay. Philadelphia, September 20, 1794',1,1,1,NULL,NULL,NULL,NULL,NULL,NULL),(234,638,NULL,166,7,NULL,166,0,'1794-09-25',NULL,NULL,'','2012-01-04 17:52:45','2012-02-07 13:21:57','Richard Colley Wesley, Lord Mornington to John Jay. London, September 25, 1794',1,1,1,NULL,NULL,NULL,NULL,NULL,NULL),(235,605,NULL,342,7,NULL,166,0,'1794-09-27',NULL,NULL,'','2012-01-04 17:52:45','2012-02-07 13:21:57','Sarah Livingston Jay to John Jay. New York, September 27, 1794',1,1,1,NULL,NULL,NULL,NULL,NULL,NULL),(236,638,NULL,166,7,NULL,166,0,'1794-09-30',NULL,NULL,'','2012-01-04 17:52:45','2012-02-07 13:21:57','Richard Colley Wesley, Lord Mornington to John Jay. London, September 30, 1794',1,1,1,NULL,NULL,NULL,NULL,NULL,NULL),(237,639,NULL,166,7,NULL,166,0,'1794-10-02','1794-10-02',NULL,'','2012-01-04 17:52:45','2012-02-07 13:21:57','Hyacinthe Gabrielle Roland, Lady Mornington to John Jay. London, October  2, 1794',1,1,1,1,1,1,NULL,NULL,NULL),(238,611,NULL,166,7,NULL,166,0,'1794-10-07',NULL,NULL,'','2012-01-04 17:52:45','2012-02-07 13:21:57','William Grenville to John Jay. London, October  7, 1794',1,1,1,NULL,NULL,NULL,NULL,NULL,NULL),(239,640,NULL,166,7,NULL,166,0,'1794-10-10',NULL,NULL,NULL,'2012-01-04 17:52:45','2012-04-29 03:15:14','Alexander Wedderburn, Baron Loughborough to John Jay. London, October 10, 1794',1,1,1,NULL,NULL,NULL,NULL,NULL,NULL),(240,572,NULL,337,7,NULL,166,0,'1794-10-11',NULL,NULL,'','2012-01-04 17:52:45','2012-02-07 13:21:57','Edmund Jennings Randolph to John Jay. Philadelphia, October 11, 1794',1,1,1,NULL,NULL,NULL,NULL,NULL,NULL),(241,572,NULL,337,7,NULL,166,0,'1794-10-11',NULL,NULL,'','2012-01-04 17:52:45','2012-02-07 13:21:57','Edmund Jennings Randolph to John Jay. Philadelphia, October 11, 1794',1,1,1,NULL,NULL,NULL,NULL,NULL,NULL),(242,609,NULL,342,7,NULL,166,0,'1794-10-11',NULL,NULL,'','2012-01-04 17:52:45','2012-02-07 13:21:57','Peter Jay Munro to John Jay. New York, October 11, 1794',1,1,1,NULL,NULL,NULL,NULL,NULL,NULL),(243,605,NULL,342,7,NULL,166,0,'1794-10-11',NULL,NULL,'','2012-01-04 17:52:45','2012-02-07 13:21:57','Sarah Livingston Jay to John Jay. New York, October 11, 1794',1,1,1,NULL,NULL,NULL,NULL,NULL,NULL),(244,641,NULL,356,7,NULL,166,0,'1794-10-16','1794-12-05',NULL,'','2012-01-04 17:52:45','2012-02-07 13:21:57','John Sloss Hobart to John Jay. Throggs Neck, October 16, 1794',1,1,1,1,1,1,NULL,NULL,NULL),(245,609,NULL,342,7,NULL,166,0,'1794-10-16',NULL,NULL,'','2012-01-04 17:52:45','2012-02-07 13:21:57','Peter Jay Munro to John Jay. New York, October 16, 1794',1,1,1,NULL,NULL,NULL,NULL,NULL,NULL),(246,609,NULL,342,7,NULL,166,0,'1794-10-16',NULL,NULL,'','2012-01-04 17:52:45','2012-02-07 13:21:57','Peter Jay Munro to John Jay. New York, October 16, 1794',1,1,1,NULL,NULL,NULL,NULL,NULL,NULL),(247,628,NULL,166,7,NULL,166,0,'1794-10-19',NULL,NULL,' Probably sent from London, but more research is required.','2012-01-04 17:52:45','2012-02-07 13:21:57','William Petty, Marquis of Lansdowne to John Jay. London, October 19, 1794',1,1,1,NULL,NULL,NULL,NULL,NULL,NULL),(248,572,NULL,337,7,NULL,166,0,'1794-10-20',NULL,NULL,'','2012-01-04 17:52:45','2012-02-07 13:21:57','Edmund Jennings Randolph to John Jay. Philadelphia, October 20, 1794',1,1,1,NULL,NULL,NULL,NULL,NULL,NULL),(249,572,NULL,337,7,NULL,166,0,'1794-10-20',NULL,NULL,'','2012-01-04 17:52:45','2012-02-07 13:21:57','Edmund Jennings Randolph to John Jay. Philadelphia, October 20, 1794',1,1,1,NULL,NULL,NULL,NULL,NULL,NULL),(250,572,NULL,337,7,NULL,166,0,'1794-10-20',NULL,NULL,'','2012-01-04 17:52:45','2012-02-07 13:21:57','Edmund Jennings Randolph to John Jay. Philadelphia, October 20, 1794',1,1,1,NULL,NULL,NULL,NULL,NULL,NULL),(251,642,NULL,350,7,NULL,166,0,'1794-10-23','1794-10-31',NULL,'','2012-01-04 17:52:45','2012-02-07 13:21:57','Sir Clement Cottrell Dormer to John Jay. Rousham House, October 23, 1794',1,1,1,1,1,1,NULL,NULL,NULL),(252,605,NULL,342,7,NULL,166,0,'1794-10-25',NULL,NULL,'','2012-01-04 17:52:45','2012-02-07 13:21:57','Sarah Livingston Jay to John Jay. New York, October 25, 1794',1,1,1,NULL,NULL,NULL,NULL,NULL,NULL),(253,643,NULL,233,7,NULL,166,0,'1794-10-28',NULL,NULL,'','2012-01-04 17:52:45','2012-02-07 13:21:57','Rodolf Vall-Travers to John Jay. The Hague, October 28, 1794',1,1,1,NULL,NULL,NULL,NULL,NULL,NULL),(254,644,NULL,349,7,NULL,166,0,'1794-10-29',NULL,NULL,'','2012-01-04 17:52:45','2012-02-07 13:21:57','Chevalier Du Jay to John Jay. Nijmegen, October 29, 1794',1,1,1,NULL,NULL,NULL,NULL,NULL,NULL),(255,572,NULL,337,7,NULL,166,0,'1794-10-29',NULL,NULL,'','2012-01-04 17:52:45','2012-02-07 13:21:57','Edmund Jennings Randolph to John Jay. Philadelphia, October 29, 1794',1,1,1,NULL,NULL,NULL,NULL,NULL,NULL),(256,572,NULL,337,7,NULL,166,0,'1794-10-29',NULL,NULL,'','2012-01-04 17:52:45','2012-02-07 13:21:57','Edmund Jennings Randolph to John Jay. Philadelphia, October 29, 1794',1,1,1,NULL,NULL,NULL,NULL,NULL,NULL),(257,572,NULL,337,7,NULL,166,0,'1794-10-29',NULL,NULL,'','2012-01-04 17:52:45','2012-02-07 13:21:57','Edmund Jennings Randolph to John Jay. Philadelphia, October 29, 1794',1,1,1,NULL,NULL,NULL,NULL,NULL,NULL),(258,645,NULL,346,7,NULL,166,0,'1794-10-30','1794-12-22',NULL,' Jay mentions receiving the letter \"the day before yesterday\" in his response dated December 24, 1794.','2012-01-04 17:52:45','2012-02-07 13:21:57','John Drayton to John Jay. Charleston, October 30, 1794',1,1,1,1,1,1,NULL,NULL,NULL),(259,611,NULL,166,7,NULL,166,0,'1794-10-30',NULL,NULL,'','2012-01-04 17:52:45','2012-02-07 13:21:57','William Grenville to John Jay. London, October 30, 1794',1,1,1,NULL,NULL,NULL,NULL,NULL,NULL),(260,611,NULL,166,7,NULL,166,0,'1794-10-31',NULL,NULL,'','2012-01-04 17:52:45','2012-02-07 13:21:57','William Grenville to John Jay. London, October 31, 1794',1,1,1,NULL,NULL,NULL,NULL,NULL,NULL),(261,611,NULL,166,7,NULL,166,0,'1794-11-01',NULL,NULL,'','2012-01-04 17:52:45','2012-02-07 13:21:57','William Grenville to John Jay. London, November 1794',0,1,1,NULL,NULL,NULL,NULL,NULL,NULL),(262,579,NULL,337,7,NULL,166,0,'1794-11-01',NULL,NULL,'','2012-01-04 17:52:45','2012-02-07 13:21:57','George Washington to John Jay. Philadelphia, November  1, 1794',1,1,1,NULL,NULL,NULL,NULL,NULL,NULL),(263,579,NULL,337,7,NULL,166,0,'1794-11-01',NULL,NULL,'','2012-01-04 17:52:45','2012-02-07 13:21:57','George Washington to John Jay. Philadelphia, November  1, 1794',1,1,1,NULL,NULL,NULL,NULL,NULL,NULL),(264,579,NULL,337,7,NULL,166,0,'1794-11-01',NULL,NULL,'','2012-01-04 17:52:45','2012-02-07 13:21:57','George Washington to John Jay. Philadelphia, November  1, 1794',1,1,1,NULL,NULL,NULL,NULL,NULL,NULL),(265,605,NULL,342,7,NULL,166,0,'1794-11-01',NULL,NULL,'','2012-01-04 17:52:45','2012-02-07 13:21:57','Sarah Livingston Jay to John Jay. New York, November  1, 1794',1,1,1,NULL,NULL,NULL,NULL,NULL,NULL),(266,611,NULL,166,7,NULL,166,0,'1794-11-01',NULL,NULL,'','2012-01-04 17:52:45','2012-02-07 13:21:57','William Grenville to John Jay. London, November  1, 1794',1,1,1,NULL,NULL,NULL,NULL,NULL,NULL),(267,640,NULL,166,7,NULL,166,0,'1794-11-03',NULL,NULL,NULL,'2012-01-04 17:52:45','2012-04-29 03:15:14','Alexander Wedderburn, Baron Loughborough to John Jay. London, November  3, 1794',1,1,1,NULL,NULL,NULL,NULL,NULL,NULL),(268,572,NULL,337,7,NULL,166,0,'1794-11-03',NULL,NULL,'','2012-01-04 17:52:45','2012-02-07 13:21:57','Edmund Jennings Randolph to John Jay. Philadelphia, November  3, 1794',1,1,1,NULL,NULL,NULL,NULL,NULL,NULL),(269,572,NULL,337,7,NULL,166,0,'1794-11-03',NULL,NULL,'','2012-01-04 17:52:45','2012-02-07 13:21:57','Edmund Jennings Randolph to John Jay. Philadelphia, November  3, 1794',1,1,1,NULL,NULL,NULL,NULL,NULL,NULL),(270,572,NULL,337,7,NULL,166,0,'1794-11-03',NULL,NULL,'','2012-01-04 17:52:45','2012-02-07 13:21:57','Edmund Jennings Randolph to John Jay. Philadelphia, November  3, 1794',1,1,1,NULL,NULL,NULL,NULL,NULL,NULL),(271,646,NULL,358,7,NULL,166,0,'1794-11-06',NULL,NULL,'','2012-01-04 17:52:45','2012-02-07 13:21:57','Lanberdiere to John Jay. Midleton, November  6, 1794',1,1,1,NULL,NULL,NULL,NULL,NULL,NULL),(272,572,NULL,337,7,NULL,166,0,'1794-11-07',NULL,NULL,'','2012-01-04 17:52:45','2012-02-07 13:21:57','Edmund Jennings Randolph to John Jay. Philadelphia, November  7, 1794',1,1,1,NULL,NULL,NULL,NULL,NULL,NULL),(273,572,NULL,337,7,NULL,166,0,'1794-11-07',NULL,NULL,'','2012-01-04 17:52:45','2012-02-07 13:21:57','Edmund Jennings Randolph to John Jay. Philadelphia, November  7, 1794',1,1,1,NULL,NULL,NULL,NULL,NULL,NULL),(274,572,NULL,337,7,NULL,166,0,'1794-11-07',NULL,NULL,'','2012-01-04 17:52:45','2012-02-07 13:21:57','Edmund Jennings Randolph to John Jay. Philadelphia, November  7, 1794',1,1,1,NULL,NULL,NULL,NULL,NULL,NULL),(275,572,NULL,337,7,NULL,166,0,'1794-11-08',NULL,NULL,'','2012-01-04 17:52:45','2012-02-07 13:21:57','Edmund Jennings Randolph to John Jay. Philadelphia, November  8, 1794',1,1,1,NULL,NULL,NULL,NULL,NULL,NULL),(276,572,NULL,337,7,NULL,166,0,'1794-11-08',NULL,NULL,'','2012-01-04 17:52:45','2012-02-07 13:21:57','Edmund Jennings Randolph to John Jay. Philadelphia, November  8, 1794',1,1,1,NULL,NULL,NULL,NULL,NULL,NULL),(277,572,NULL,337,7,NULL,166,0,'1794-11-08',NULL,NULL,'','2012-01-04 17:52:45','2012-02-07 13:21:57','Edmund Jennings Randolph to John Jay. Philadelphia, November  8, 1794',1,1,1,NULL,NULL,NULL,NULL,NULL,NULL),(278,647,NULL,337,7,NULL,166,0,'1794-11-08',NULL,NULL,'','2012-01-04 17:52:45','2012-02-07 13:21:57','John Kean to John Jay. Philadelphia, November  8, 1794',1,1,1,NULL,NULL,NULL,NULL,NULL,NULL),(279,607,NULL,337,7,NULL,166,0,'1794-11-08',NULL,NULL,'','2012-01-04 17:52:45','2012-02-07 13:21:57','Tench Coxe to John Jay. Philadelphia, November  8, 1794',1,1,1,NULL,NULL,NULL,NULL,NULL,NULL),(280,611,NULL,166,7,NULL,166,0,'1794-11-10',NULL,NULL,'','2012-01-04 17:52:45','2012-02-07 13:21:57','William Grenville to John Jay. London, November 10, 1794',1,1,1,NULL,NULL,NULL,NULL,NULL,NULL),(281,611,NULL,166,7,NULL,166,0,'1794-11-10',NULL,NULL,'','2012-01-04 17:52:45','2012-02-07 13:21:57','William Grenville to John Jay. London, November 10, 1794',1,1,1,NULL,NULL,NULL,NULL,NULL,NULL),(282,605,NULL,342,7,NULL,166,0,'1794-11-11',NULL,NULL,'','2012-01-04 17:52:45','2012-02-07 13:21:57','Sarah Livingston Jay to John Jay. New York, November 11, 1794',1,1,1,NULL,NULL,NULL,NULL,NULL,NULL),(283,572,NULL,337,7,NULL,166,0,'1794-11-12',NULL,NULL,'','2012-01-04 17:52:45','2012-02-07 13:21:57','Edmund Jennings Randolph to John Jay. Philadelphia, November 12, 1794',1,1,1,NULL,NULL,NULL,NULL,NULL,NULL),(284,605,NULL,342,7,NULL,166,0,'1794-11-12',NULL,NULL,'','2012-01-04 17:52:45','2012-02-07 13:21:57','Sarah Livingston Jay to John Jay. New York, November 12, 1794',1,1,1,NULL,NULL,NULL,NULL,NULL,NULL),(285,14,NULL,233,7,NULL,166,0,'1794-11-14',NULL,NULL,'','2012-01-04 17:52:45','2012-02-07 13:21:57','John Quincy Adams to John Jay. The Hague, November 14, 1794',1,1,1,NULL,NULL,NULL,NULL,NULL,NULL),(286,611,NULL,166,7,NULL,166,0,'1794-11-14',NULL,NULL,'','2012-01-04 17:52:45','2012-02-07 13:21:57','William Grenville to John Jay. London, November 14, 1794',1,1,1,NULL,NULL,NULL,NULL,NULL,NULL),(287,14,NULL,233,7,NULL,166,0,'1794-11-16',NULL,NULL,'','2012-01-04 17:52:45','2012-02-07 13:21:57','John Quincy Adams to John Jay. The Hague, November 16, 1794',1,1,1,NULL,NULL,NULL,NULL,NULL,NULL),(288,609,NULL,342,7,NULL,166,0,'1794-11-18',NULL,NULL,'','2012-01-04 17:52:45','2012-02-07 13:21:57','Peter Jay Munro to John Jay. New York, November 18, 1794',1,1,1,NULL,NULL,NULL,NULL,NULL,NULL),(289,605,NULL,342,7,NULL,166,0,'1794-11-18',NULL,NULL,'','2012-01-04 17:52:45','2012-02-07 13:21:57','Sarah Livingston Jay to John Jay. New York, November 18, 1794',1,1,1,NULL,NULL,NULL,NULL,NULL,NULL),(290,10,NULL,199,7,NULL,166,0,'1794-09-19',NULL,NULL,'This letter exists in the Jay papers as a facsimile included in a sale record.  The write up of the letter, which gives the date as November 19 is full of errors, and though the image is blurry, the month is better rendered as \"Sept\" -- to see the letter, look at the associated citation.  Additionally, Monroe makes mention of a previous letter from Jay sent the 24th of the month and Jay wrote to Monroe on that date (A Comprehensive Catalogue of the Correspondence and Papers of James Monroe, pg. 33).  This also appears to be the the first letter Monroe sent to Jay, which makes the November dating even less likely. The Catalogue does not record a letter from Monroe to Jay on September 19 or November 19.','2012-01-04 17:52:45','2012-04-26 01:54:41','James Monroe to John Jay. Paris, September 19, 1794',1,0,1,NULL,NULL,NULL,NULL,NULL,NULL),(291,609,NULL,342,7,NULL,166,0,'1794-11-19',NULL,NULL,'','2012-01-04 17:52:45','2012-02-07 13:21:57','Peter Jay Munro to John Jay. New York, November 19, 1794',1,1,1,NULL,NULL,NULL,NULL,NULL,NULL),(292,609,NULL,342,7,NULL,166,0,'1794-11-19',NULL,NULL,'','2012-01-04 17:52:45','2012-02-07 13:21:57','Peter Jay Munro to John Jay. New York, November 19, 1794',1,1,1,NULL,NULL,NULL,NULL,NULL,NULL),(293,611,NULL,166,7,NULL,166,0,'1794-11-19',NULL,NULL,'','2012-01-04 17:52:45','2012-02-07 13:21:57','William Grenville to John Jay. London, November 19, 1794',1,1,1,NULL,NULL,NULL,NULL,NULL,NULL),(294,611,NULL,166,7,NULL,166,0,'1794-11-19',NULL,NULL,'','2012-01-04 17:52:45','2012-02-07 13:21:57','William Grenville to John Jay. London, November 19, 1794',1,1,1,NULL,NULL,NULL,NULL,NULL,NULL),(295,648,NULL,166,7,NULL,166,0,'1794-09-16',NULL,NULL,'additional material added on September 22, 1794','2012-01-05 16:31:44','2012-02-07 13:21:57','Liancour to John Jay. London, September 16, 1794',1,1,1,NULL,NULL,NULL,NULL,NULL,NULL),(296,NULL,4,NULL,7,NULL,166,0,'1794-11-13',NULL,NULL,' Original Location not present in letter image.','2012-01-05 16:33:59','2012-02-07 13:21:57','John de Neufville & Son to John Jay. ?, November 13, 1794',1,1,1,NULL,NULL,NULL,NULL,NULL,NULL),(297,650,NULL,337,649,NULL,337,0,'1794-05-17',NULL,NULL,'(9-12)  http://wardepartmentpapers.org/document.php?id=10478  From Papers of the War Department \"The chief clerk of the War Office notifies the Secretary of War that the Lieutenant Governor of Upper Canada, John Graves Simcoe, has gone from Niagara to the foot of the Rapids to assist in the building of a fort there.\" Extract of a letter from \"a gentleman of N. Jersey\"','2012-01-16 01:34:30','2012-02-07 13:21:57','John Stagg to Henry Knox. Philadelphia, May 17, 1794',1,1,1,NULL,NULL,NULL,NULL,NULL,NULL),(298,593,NULL,345,597,NULL,347,1,'1794-04-10','1794-04-13',NULL,' Copy of this letter also sent to Sir Charles Henry Knowles, British Navy.  Received date based on Hamilton\'s response on April 14, 1794 where he states he received Campbell\'s letter in yesterday\'s post.','2012-01-17 02:12:20','2012-02-07 13:21:57','Alexander Campbell to John Hamilton. Richmond, April 10, 1794',1,1,1,1,1,1,NULL,NULL,NULL),(299,595,NULL,347,598,NULL,347,1,'1794-04-14','1794-04-14',NULL,' Date Sent inferred from the letter being sent within Norfolk.  Copy also sent to John Hamilton, British Consul at Norfolk.','2012-01-17 03:28:28','2012-02-07 13:21:57','Robert Taylor to Sir Charles Henry Knowles. Norfolk, April 14, 1794',1,1,1,1,1,1,NULL,NULL,NULL),(300,573,NULL,337,572,NULL,337,0,'1794-04-11','1794-04-11',NULL,' Memorial on Order in Council of June 8, 1793.','2012-01-17 04:54:14','2012-02-07 13:21:57','George Hammond to Edmund Jennings Randolph. Philadelphia, April 11, 1794',1,1,1,1,1,1,NULL,NULL,NULL),(301,572,NULL,337,577,NULL,337,0,'1794-06-30','1794-06-30',NULL,'','2012-01-17 15:15:04','2012-02-07 13:21:57','Edmund Jennings Randolph to Thomas Fitzsimmons. Philadelphia, June 30, 1794',1,1,1,1,1,1,NULL,NULL,NULL),(302,472,NULL,292,572,NULL,337,0,'1794-06-12','1794-07-18',NULL,' Date received inferred from the letter Randolph sent to Jay enclosing Higginson\'s letter (which he misdates as June 18).','2012-01-17 16:19:05','2012-02-07 13:21:57','Nathaniel Cabot Higginson to Edmund Jennings Randolph. Bridgetown, June 12, 1794',1,1,1,0,1,1,NULL,NULL,NULL);
/*!40000 ALTER TABLE `letters` ENABLE KEYS */;
UNLOCK TABLES;

--
-- Table structure for table `locations`
--

DROP TABLE IF EXISTS `locations`;
/*!40101 SET @saved_cs_client     = @@character_set_client */;
/*!40101 SET character_set_client = utf8 */;
CREATE TABLE `locations` (
  `id` int(11) NOT NULL AUTO_INCREMENT,
  `name` varchar(255) DEFAULT NULL,
  `lat` float DEFAULT NULL,
  `long` float DEFAULT NULL,
  `notes` text,
  `created_at` datetime DEFAULT NULL,
  `updated_at` datetime DEFAULT NULL,
  `coordinate_system_id` int(11) DEFAULT NULL,
  PRIMARY KEY (`id`),
  KEY `coordinate_system_id` (`coordinate_system_id`),
  CONSTRAINT `locations_ibfk_1` FOREIGN KEY (`coordinate_system_id`) REFERENCES `coordinate_systems` (`id`)
) ENGINE=InnoDB AUTO_INCREMENT=361 DEFAULT CHARSET=latin1;
/*!40101 SET character_set_client = @saved_cs_client */;

--
-- Dumping data for table `locations`
--

LOCK TABLES `locations` WRITE;
/*!40000 ALTER TABLE `locations` DISABLE KEYS */;
INSERT INTO `locations` VALUES (166,'London',51.5002,-0.1262,NULL,'2009-03-17 22:10:22','2012-01-04 17:56:36',1),(167,'Bideford',51.0197,-4.2069,'','2009-03-17 22:10:22','2009-03-17 22:10:22',1),(168,'Bristol',51.4553,-2.5919,'','2009-03-17 22:10:22','2009-03-17 22:10:22',1),(169,'Cowes; Isle of Wight',50.6927,-1.3167,'','2009-03-17 22:10:22','2009-03-17 22:10:22',1),(170,'Exeter',50.7218,-3.5336,'','2009-03-17 22:10:22','2009-03-17 22:10:22',1),(171,'Falmouth',50.156,-5.0711,'','2009-03-17 22:10:22','2009-03-17 22:10:22',1),(172,'Kingston on Hull',53.7807,-0.3043,'','2009-03-17 22:10:22','2009-03-17 22:10:22',1),(173,'Liverpool',53.4108,-2.9778,'','2009-03-17 22:10:22','2009-03-17 22:10:22',1),(174,'Plymouth',50.3704,-4.1427,'','2009-03-17 22:10:22','2009-03-17 22:10:22',1),(175,'Poole',50.7194,-1.9811,'','2009-03-17 22:10:22','2009-03-17 22:10:22',1),(176,'Carmarthen',51.8564,-4.3105,'','2009-03-17 22:10:22','2009-03-17 22:10:22',1),(177,'Milford Haven',51.7116,-5.0291,'','2009-03-17 22:10:22','2009-03-17 22:10:22',1),(178,'Glasgow',55.8656,-4.2572,'','2009-03-17 22:10:22','2009-03-17 22:10:22',1),(179,'Leith',55.9746,-3.161,'Incorporated into Edinburgh in 1920.  Originally the port city.','2009-03-17 22:10:22','2009-03-17 22:10:22',1),(180,'Belfast',54.5973,-5.9301,'','2009-03-17 22:10:22','2009-03-17 22:10:22',1),(181,'Cork',51.8979,-8.4711,NULL,'2009-03-17 22:10:22','2012-01-18 04:27:17',1),(182,'Dublin',53.3441,-6.2675,NULL,'2009-03-17 22:10:22','2012-01-17 20:46:43',1),(183,'Archangel',64.5369,40.5656,'Modern spelling  -- Arcangel','2009-03-17 22:10:22','2009-03-17 22:10:22',1),(184,'Riga; Latvia',56.9465,24.1048,'','2009-03-17 22:10:22','2009-03-17 22:10:22',1),(185,'St. Petersburg',59.939,30.3158,'','2009-03-17 22:10:22','2009-03-17 22:10:22',1),(186,'Bayonne',43.4934,-1.4745,'','2009-03-17 22:10:22','2009-03-17 22:10:22',1),(187,'Bordeaux',44.8374,-0.5761,'','2009-03-17 22:10:22','2009-03-17 22:10:22',1),(188,'Brest',48.3906,-4.4869,'','2009-03-17 22:10:22','2009-03-17 22:10:22',1),(189,'Calais',50.9579,1.8521,'','2009-03-17 22:10:22','2009-03-17 22:10:22',1),(190,'Cette',42.9381,-0.5851,'','2009-03-17 22:10:22','2009-03-17 22:10:22',1),(191,'Dunkirk',51.0343,2.3768,'','2009-03-17 22:10:22','2009-03-17 22:10:22',1),(192,'Havre de Grace (LeHavre)',49.4926,0.1065,'','2009-03-17 22:10:22','2009-03-17 22:10:22',1),(193,'Ile d\'Oleron',45.954,-1.2734,'','2009-03-17 22:10:22','2009-03-17 22:10:22',1),(194,'L\'Orient',47.7501,-3.3663,'Modern spelling -- Lorient','2009-03-17 22:10:22','2009-03-17 22:10:22',1),(195,'La Rochelle',46.1581,-1.1536,'','2009-03-17 22:10:22','2009-03-17 22:10:22',1),(196,'Marseilles',43.2983,5.3832,'','2009-03-17 22:10:22','2009-03-17 22:10:22',1),(197,'Morlaix',48.577,-3.8276,'','2009-03-17 22:10:22','2009-03-17 22:10:22',1),(198,'Nantes',47.2168,-1.5567,'','2009-03-17 22:10:22','2009-03-17 22:10:22',1),(199,'Paris',48.8567,2.351,NULL,'2009-03-17 22:10:22','2011-12-31 23:00:00',1),(200,'Rochefort',45.5822,5.7212,'','2009-03-17 22:10:22','2009-03-17 22:10:22',1),(201,'Rouen',49.4424,1.0985,'','2009-03-17 22:10:22','2009-03-17 22:10:22',1),(202,'Antwerp',51.2206,4.3997,'','2009-03-17 22:10:22','2009-03-17 22:10:22',1),(203,'Ghent',51.054,3.7217,'','2009-03-17 22:10:22','2009-03-17 22:10:22',1),(204,'Ostend',51.2254,2.9134,'','2009-03-17 22:10:22','2009-03-17 22:10:22',1),(205,'Genoa',44.4071,8.934,'','2009-03-17 22:10:22','2009-03-17 22:10:22',1),(206,'Algericas',36.1298,-5.4477,'Alternate Spelling  Algeciras','2009-03-17 22:10:22','2009-03-17 22:10:22',1),(207,'Alicante',38.346,-0.4848,'','2009-03-17 22:10:22','2009-03-17 22:10:22',1),(208,'Ayamonte and Huelva',37.2571,-6.9496,'Lat/Long values for Huelva','2009-03-17 22:10:22','2009-03-17 22:10:22',1),(209,'Barcelona',41.3879,2.1699,'','2009-03-17 22:10:22','2009-03-17 22:10:22',1),(210,'Bilbao',43.257,-2.9234,'','2009-03-17 22:10:22','2009-03-17 22:10:22',1),(211,'Cadiz',36.5299,-6.2924,'','2009-03-17 22:10:22','2009-03-17 22:10:22',1),(212,'Carthagena (Spain)',37.6057,-0.9913,'','2009-03-17 22:10:22','2009-03-17 23:33:34',1),(213,'Corunna',43.3715,-8.396,'','2009-03-17 22:10:22','2009-03-17 22:10:22',1),(214,'Gibraltar',36.1377,-5.3454,'','2009-03-17 22:10:22','2009-03-17 22:10:22',1),(215,'Madrid',40.4167,-3.7032,NULL,'2009-03-17 22:10:22','2011-04-13 19:35:11',1),(216,'Malaga',36.7197,-4.42,'','2009-03-17 22:10:22','2009-03-17 22:10:22',1),(217,'Oratava',28.3911,-16.5235,'Alternate Spelling -- La Orotava','2009-03-17 22:10:22','2009-03-17 22:10:22',1),(218,'Palma',39.5692,2.6498,'','2009-03-17 22:10:22','2009-03-17 22:10:22',1),(219,'Puerto Santa Maria',36.597,-6.2275,'','2009-03-17 22:10:22','2009-03-17 22:10:22',1),(220,'San Lucar',42.0982,3.1531,'','2009-03-17 22:10:22','2009-03-17 22:10:22',1),(221,'Santander',43.461,-3.8079,'','2009-03-17 22:10:22','2009-03-17 22:10:22',1),(222,'Tarragona',41.119,1.2455,'','2009-03-17 22:10:22','2009-03-17 22:10:22',1),(223,'Tenerife',28.4698,-16.2549,'Alternate Name -- Santa Cruz de Tenerife','2009-03-17 22:10:22','2009-03-17 22:10:22',1),(224,'Fayal',38.577,-28.703,'N.B. This is an *island* not a city.  Will need further research to determine where on the island the consul was posted.  Also spelled Faial.','2009-03-17 22:10:22','2009-03-17 22:10:22',1),(225,'Funchal',32.6511,-16.9097,'','2009-03-17 22:10:22','2009-03-17 22:10:22',1),(226,'Lisbon',38.7072,-9.1355,'','2009-03-17 22:10:22','2009-03-17 22:10:22',1),(227,'Oporto',41.15,-8.6102,'Alternate spelling  Porto','2009-03-17 22:10:22','2009-03-17 22:10:22',1),(228,'Santiago (Cap Verde)',15.0615,-23.6261,'This is an island in the Cape Verde Islands.  More research will be necessary to determine where on the island the consul was posted - but probably was Praia (the largest city).','2009-03-17 22:10:22','2009-03-17 23:23:24',1),(229,'Amsterdam',52.3738,4.891,NULL,'2009-03-17 22:10:22','2012-01-18 01:43:50',1),(230,'Helder',52.9574,4.7585,'Alternate spelling -- Den Helder','2009-03-17 22:10:22','2009-03-17 22:10:22',1),(231,'Rotterdam',51.9226,4.4707,'','2009-03-17 22:10:22','2009-03-17 22:10:22',1),(232,'Texel',53.0771,4.8319,'This is actually an island.  More research will be needed to determine where the consul was posted.','2009-03-17 22:10:22','2009-03-17 22:10:22',1),(233,'The Hague',52.0782,4.3137,NULL,'2009-03-17 22:10:22','2012-01-17 20:38:49',1),(234,'Copenhagen',55.6763,12.5681,NULL,'2009-03-17 22:10:22','2011-12-31 23:24:23',1),(235,'Christiania (Oslo)',59.9138,10.7387,'','2009-03-17 22:10:22','2009-03-17 22:10:22',1),(236,'Gothenburg (Goteborg)',57.697,11.9864,'','2009-03-17 22:10:22','2009-03-17 22:10:22',1),(237,'Stockholm',59.3328,18.0645,'','2009-03-17 22:10:22','2009-03-17 22:10:22',1),(238,'Berlin',52.5235,13.4115,'','2009-03-17 22:10:22','2009-03-17 22:10:22',1),(239,'Remscheid',51.1833,7.2,'','2009-03-17 22:10:22','2009-03-17 22:10:22',1),(240,'Stettin',53.4167,14.5833,'Alternate Spelling  Szczecin','2009-03-17 22:10:22','2009-03-17 22:10:22',1),(241,'Trieste',45.6294,13.4473,'','2009-03-17 22:10:22','2009-03-17 22:10:22',1),(242,'Venice',45.4343,12.3388,'','2009-03-17 22:10:22','2009-03-17 22:10:22',1),(243,'Nuremberg',49.4505,11.0805,'','2009-03-17 22:10:22','2009-03-17 22:10:22',1),(244,'Emden',53.3643,7.2012,'','2009-03-17 22:10:22','2009-03-17 22:10:22',1),(245,'Schwerin',53.6258,11.4169,'','2009-03-17 22:10:22','2009-03-17 22:10:22',1),(246,'Bremen',53.075,8.8071,'','2009-03-17 22:10:22','2009-03-17 22:10:22',1),(247,'Hamburg',53.5534,9.9922,'','2009-03-17 22:10:22','2009-03-17 22:10:22',1),(248,'Cagliari',39.2149,9.1095,'','2009-03-17 22:10:22','2009-03-17 22:10:22',1),(249,'Turin',45.0706,7.6867,'','2009-03-17 22:10:22','2009-03-17 22:10:22',1),(250,'Florence',43.7687,11.2569,'','2009-03-17 22:10:22','2009-03-17 22:10:22',1),(251,'Leghorn',43.5519,10.308,'','2009-03-17 22:10:22','2009-03-17 22:10:22',1),(252,'Rome',41.8955,12.4823,'','2009-03-17 22:10:22','2009-03-17 22:10:22',1),(253,'Messina',38.1922,15.5567,'','2009-03-17 22:10:22','2009-03-17 22:10:22',1),(254,'Naples',40.8333,14.25,'','2009-03-17 22:10:22','2009-03-17 22:10:22',1),(255,'Palermo',38.1156,13.3613,'','2009-03-17 22:10:22','2009-03-17 22:10:22',1),(256,'Valetta',35.8978,15.5125,'','2009-03-17 22:10:22','2009-03-17 22:10:22',1),(257,'Constantinople',41.0122,28.976,'Istanbul - not Constantinople','2009-03-17 22:10:22','2009-03-17 22:10:22',1),(258,'Smyrna',38.4187,27.1297,'Modern spelling  Izmir','2009-03-17 22:10:22','2009-03-17 22:10:22',1),(259,'Athens',37.9792,23.7166,'','2009-03-17 22:10:22','2009-03-17 22:10:22',1),(260,'Marrakesh',31.6373,-8.0175,'','2009-03-17 22:10:22','2009-03-17 22:10:22',1),(261,'Mogador',31.5131,-9.76972,'Modern name Essaouira','2009-03-17 22:10:22','2009-03-17 22:10:22',1),(262,'Tangier',35.7807,-5.8114,'','2009-03-17 22:10:22','2009-03-17 22:10:22',1),(263,'Algiers',36.7755,3.0597,'','2009-03-17 22:10:22','2009-03-17 22:10:22',1),(264,'Tunis',36.8117,10.1761,'','2009-03-17 22:10:22','2009-03-17 22:10:22',1),(265,'Tripoli',32.883,13.1897,'','2009-03-17 22:10:22','2009-03-17 22:10:22',1),(266,'Cape Town',-33.916,18.4222,'','2009-03-17 22:10:22','2009-03-17 22:10:22',1),(267,'Calcutta',22.5726,88.3639,'','2009-03-17 22:10:22','2009-03-17 22:10:22',1),(268,'Madras',13.0604,80.2496,'Alternate name  Chennai','2009-03-17 22:10:22','2009-03-17 22:10:22',1),(269,'Port Louis',-20.1654,57.4896,'','2009-03-17 22:10:22','2009-03-17 22:10:22',1),(270,'Rangoon',16.867,96.1419,'Alternate name  Yangon','2009-03-17 22:10:22','2009-03-17 22:10:22',1),(271,'Batavia (Jakarta)',-6.2115,106.845,'','2009-03-17 22:10:22','2009-03-17 22:10:22',1),(272,'Manila',14.579,120.973,'','2009-03-17 22:10:22','2009-03-17 22:10:22',1),(273,'Canton',23.127,113.341,'Alternate name  Guangdong','2009-03-17 22:10:22','2009-03-17 22:10:22',1),(274,'Honolulu',21.292,-157.822,'','2009-03-17 22:10:22','2009-03-17 22:10:22',1),(275,'Hamilton',32.293,-64.782,NULL,'2009-03-17 22:10:22','2009-12-03 23:28:45',1),(276,'St. George\'s',32.3794,-64.6778,NULL,'2009-03-17 22:10:22','2009-12-03 23:47:41',1),(277,'St. Augustine',29.9017,-81.3202,NULL,'2009-03-17 22:10:22','2009-12-03 23:28:20',1),(278,'New Orleans',29.9532,-90.069,NULL,'2009-03-17 22:10:22','2009-12-03 23:27:34',1),(279,'Columbia River',46.1859,-123.813,'This is actually the location of Astoria - Oregon.  More research will be required to determine exactly where the fort existed.','2009-03-17 22:10:22','2009-03-17 22:10:22',1),(280,'Havana',23.1333,-82.3667,'','2009-03-17 22:10:22','2009-03-17 22:10:22',1),(281,'Matanzas',23.05,-81.5833,NULL,'2009-03-17 22:10:22','2009-12-03 23:33:46',1),(282,'Trinidad',23.0802,-82.3553,NULL,'2009-03-17 22:10:22','2009-12-03 23:34:09',1),(283,'Aux Cayes',18.2,-73.75,NULL,'2009-03-17 22:10:22','2009-04-16 16:23:24',1),(284,'Cap Haitien',19.75,-72.2,NULL,'2009-03-17 22:10:22','2009-12-03 23:31:08',1),(285,'Port-au-Prince',18.5333,-72.3333,'Renamed Port Republican during the Haitian Revolution.','2009-03-17 22:10:22','2009-03-17 22:10:22',1),(286,'Kingston',17.9927,-76.792,NULL,'2009-03-17 22:10:22','2009-12-03 23:32:07',1),(287,'Ponce',17.996,-66.6208,NULL,'2009-03-17 22:10:22','2009-12-03 23:30:51',1),(288,'San Juan',18.4665,-66.1183,NULL,'2009-03-17 22:10:22','2009-12-03 23:30:09',1),(289,'Antigua Island',17.0747,-61.8175,'Need more research to find out where on the island the consul was posted.','2009-03-17 22:10:22','2009-03-17 22:10:22',1),(290,'St. Kitts Island',17.25,-62.6667,'Need more research to discover where on the island the consul was posted.','2009-03-17 22:10:22','2012-12-07 17:46:30',1),(291,'Basse-Terre',15.9958,-61.7292,NULL,'2009-03-17 22:10:22','2009-12-03 23:44:50',1),(292,'Bridgetown',13.0935,-59.6105,NULL,'2009-03-17 22:10:22','2009-12-03 23:43:16',1),(293,'Curacao Island',12.1167,-68.9333,'More research will be required to determine where on the island the consul was posted.','2009-03-17 22:10:22','2009-03-17 22:10:22',1),(294,'Nassau',25.0661,-77.339,NULL,'2009-03-17 22:10:22','2009-12-03 23:29:06',1),(295,'Turks Island',21.4722,-71.1389,'Alternate name -- Grand Turk Island','2009-03-17 22:10:22','2009-03-17 22:10:22',1),(296,'St. Bartholomew Island',17.9,-62.8333,'Alternate names -- Saint Barthelemy or St. Barts','2009-03-17 22:10:22','2009-03-17 22:10:22',1),(297,'St. Croix',17.75,-64.75,NULL,'2009-03-17 22:10:22','2009-12-03 23:46:31',1),(298,'St. Thomas',18.3333,-64.9167,NULL,'2009-03-17 22:10:22','2009-12-03 23:46:47',1),(299,'St. Eustatius Island',17.4833,-62.9833,'Alternate Spelling -- Sint Eustatius or Saint Eustatia','2009-03-17 22:10:22','2009-03-17 22:10:22',1),(300,'St. Pierre',14.7417,-61.1758,NULL,'2009-03-17 22:10:22','2009-12-03 23:44:23',1),(301,'Trinidad Island',10.4606,-61.2486,'More research is needed to determine where the consul was posted on the island.','2009-03-17 22:10:22','2009-03-17 22:10:22',1),(302,'Acapulco',16.85,-99.9167,'','2009-03-17 22:10:22','2009-03-17 22:10:22',1),(303,'Aquatulco',15.75,-96.1333,'I think this is Port Guatulco in Oaxaca - but more research will be required to determine if this is a correct assumption.','2009-03-17 22:10:22','2009-03-17 22:10:22',1),(304,'Campeche',19.85,-90.53,NULL,'2009-03-17 22:10:22','2009-12-03 23:35:08',1),(305,'Chihuahua',28.63,-106.08,'','2009-03-17 22:10:22','2009-03-17 22:10:22',1),(306,'Mexico',19.4095,-99.1307,'These are the coordinates for Mexico City - which is where I believe the agent was supposed to go - but more research is required.','2009-03-17 22:10:22','2009-03-17 22:10:22',1),(307,'Tampico',22.2553,-97.8686,NULL,'2009-03-17 22:10:22','2009-12-03 23:34:37',1),(308,'Vera Cruz',19.1848,-96.1296,'Alternate Spelling  Veracruz','2009-03-17 22:10:22','2009-03-17 22:10:22',1),(309,'Guatemala',14.6333,-90.5,'These are the coordinates for Guatemala City - the capital.  However - more research is required to determine exactly where the officer was posted.','2009-03-17 22:10:22','2009-03-17 22:10:22',1),(310,'Angostura (Ciudad Bolivar)',8.122,-63.55,NULL,'2009-03-17 22:10:22','2009-12-03 23:39:13',1),(311,'Bogota',4.59806,-74.0758,'','2009-03-17 22:10:22','2009-03-17 22:10:22',1),(312,'Panama',8.98333,-79.5167,'These are the coordinates for Panama City - but more research is required.','2009-03-17 22:10:22','2009-03-17 22:10:22',1),(313,'Santa Marta',11.2419,-74.2053,NULL,'2009-03-17 22:10:22','2009-12-03 23:36:47',1),(314,'Caracas',10.5207,-66.9245,NULL,'2009-03-17 22:10:22','2009-12-03 23:38:10',1),(315,'Laguayra',10.6,-66.9331,'Modern Spelling -- La Guiara','2009-03-17 22:10:22','2009-03-17 22:10:22',1),(316,'Maracaibo',10.6539,-71.6406,NULL,'2009-03-17 22:10:22','2009-12-03 23:37:11',1),(317,'Puerto Cabello',10.4667,-68.0167,NULL,'2009-03-17 22:10:22','2009-12-03 23:37:53',1),(318,'Demerara',6.8,-58.1667,'These are the coordinates for Georgetown the capital city of modern day Guyana - which is located in the Demerara-Mahaica region.  More research is needed to pinpoint the officer\'s location.','2009-03-17 22:10:22','2009-03-17 22:10:22',1),(319,'Cayenne',4.9227,-52.3269,NULL,'2009-03-17 22:10:22','2009-12-03 23:42:07',1),(320,'Paramaribo',5.86667,-55.1667,NULL,'2009-03-17 22:10:22','2009-12-03 23:40:05',1),(321,'Guayaquil',-2.18333,-79.8833,'','2009-03-17 22:10:22','2009-03-17 22:10:22',1),(322,'Lima',-12.0433,-77.0283,'','2009-03-17 22:10:22','2009-03-17 22:10:22',1),(323,'Maranhao Island',-2.5833,-44.2992,'These are the coordinates for Sao Luis - the capital city of the Brazilian state of Maranhao - located on Sao Luis island.  More research is required.','2009-03-17 22:10:22','2009-03-17 22:10:22',1),(324,'Pernambuco (Recife)',-8.0543,-34.8813,'Probably should change the name to Recife - which is the city.  Pernambuco is the region.','2009-03-17 22:10:22','2009-03-17 22:10:22',1),(325,'Rio de Janeiro',-22.9035,-43.2096,NULL,'2009-03-17 22:10:22','2011-02-10 03:03:04',1),(326,'Salvador da Bahia',-12.9747,-38.4768,'','2009-03-17 22:10:22','2009-03-17 22:10:22',1),(327,'Valparaiso',-33.05,-71.6167,'','2009-03-17 22:10:22','2009-03-17 22:10:22',1),(328,'Montevideo',-34.8937,-56.1573,'','2009-03-17 22:10:22','2009-03-17 22:10:22',1),(329,'Buenos Aires',-34.6118,-58.4173,'','2009-03-17 22:10:22','2009-03-17 22:10:22',1),(330,'Santiago de Cuba',20.0198,-75.8139,NULL,'2009-03-17 22:10:22','2009-12-03 23:32:34',1),(331,'Santiago (Chile)',-33.4378,-70.6503,'','2009-03-17 23:22:36','2009-03-17 23:22:36',1),(332,'Carthagena (Colombia)',10.4,-75.5,NULL,'2009-03-17 23:32:50','2009-12-03 23:36:29',1),(333,'Boston',42.3578,-71.0617,NULL,'2011-02-25 03:35:52','2011-02-25 03:35:52',1),(334,'Quincy',42.2528,-71.0028,NULL,'2011-02-25 03:44:37','2011-02-25 19:21:29',1),(335,'Derby',41.3311,-73.075,'These are the coordinates of David Humphrey\'s birthplace, 37 Elm Street now located in the town of Ansonia (created in 1864).','2011-03-08 23:25:29','2011-03-08 23:25:29',1),(336,'Pittsburgh',40.4417,-80,NULL,'2011-12-31 03:40:41','2011-12-31 03:41:51',1),(337,'Philadelphia',39.95,-75.17,NULL,'2012-01-04 18:17:23','2012-01-04 18:17:23',1),(338,'Bath',42.3369,-77.3181,NULL,'2012-01-16 00:02:57','2012-01-16 02:29:04',1),(339,'Sodus',43.2361,-77.0681,NULL,'2012-01-16 02:30:09','2012-01-16 02:30:09',1),(340,'Sandy Hook',40.4529,-73.9952,'In New Jersey.','2012-01-16 04:40:58','2012-01-16 04:40:58',1),(341,'Halifax',44.6566,-63.5791,'Coordinates are for the Royal Navy Dockyards','2012-01-16 04:40:58','2012-01-16 04:40:58',1),(342,'New York',40.7167,-74,'This is New York City.','2012-01-16 19:15:40','2012-01-16 19:15:40',1),(343,'Baltimore',39.2833,-76.6167,NULL,'2012-01-16 19:31:31','2012-01-16 19:31:31',1),(344,'Greenville',40.1025,-84.6281,NULL,'2012-01-16 22:37:07','2012-01-16 22:37:07',1),(345,'Richmond',37.541,-77.4329,NULL,'2012-01-17 01:21:21','2012-01-17 01:21:21',1),(346,'Charleston',32.7833,-79.9333,NULL,'2012-01-17 01:28:08','2012-01-17 01:28:08',1),(347,'Norfolk',36.91,-76.2019,NULL,'2012-01-17 01:46:04','2012-01-17 01:46:04',1),(348,'Providence',41.8236,-71.4222,NULL,'2012-01-17 04:42:52','2012-01-17 04:42:52',1),(349,'Nijmegen',51.825,5.85556,'Alternate spelling (French) -- Nimegue','2012-01-17 20:36:08','2012-01-17 20:36:08',1),(350,'Rousham House',51.9133,-1.305,'Home of the Dormer Family','2012-01-17 20:52:26','2012-01-17 20:52:26',1),(351,'Southampton',50.897,-1.40416,NULL,'2012-01-17 21:09:04','2012-01-17 21:09:04',1),(352,'Herefordshire',52.0833,-2.75,NULL,'2012-01-17 21:12:38','2012-01-17 21:12:38',1),(353,'Edinburgh',55.9494,-3.16028,NULL,'2012-01-17 21:15:38','2012-01-17 21:15:38',1),(354,'York',53.9583,-1.08028,NULL,'2012-01-18 00:53:57','2012-01-18 00:53:57',1),(355,'Twickenham',51.4486,-0.3369,NULL,'2012-01-18 01:28:59','2012-04-20 14:15:02',1),(356,'Throggs Neck',40.8061,-73.7951,NULL,'2012-01-18 01:36:52','2012-01-18 01:36:52',1),(357,'Rottingdean',50.815,-0.065,'Alternate Spelling -- Rottendean','2012-01-18 02:13:54','2012-01-18 02:13:54',1),(358,'Midleton',51.916,-8.175,'Alternate Spelling -- MIddleton','2012-01-18 02:56:39','2012-01-18 02:56:39',1),(359,'Dumfries',55.07,-3.603,NULL,'2012-01-18 03:09:29','2012-01-18 03:09:29',1),(360,'Bath',51.38,-2.36,NULL,'2012-01-19 19:27:32','2012-01-19 19:27:32',1);
/*!40000 ALTER TABLE `locations` ENABLE KEYS */;
UNLOCK TABLES;

--
-- Table structure for table `members`
--

DROP TABLE IF EXISTS `members`;
/*!40101 SET @saved_cs_client     = @@character_set_client */;
/*!40101 SET character_set_client = utf8 */;
CREATE TABLE `members` (
  `id` int(11) NOT NULL AUTO_INCREMENT,
  `individual_id` int(11) DEFAULT NULL,
  `organization_id` int(11) DEFAULT NULL,
  `start_year` int(11) DEFAULT NULL,
  `end_year` int(11) DEFAULT NULL,
  `notes` text,
  `created_at` datetime DEFAULT NULL,
  `updated_at` datetime DEFAULT NULL,
  `role_title_id` int(11) DEFAULT NULL,
  PRIMARY KEY (`id`),
  KEY `individual_id` (`individual_id`),
  KEY `organization_id` (`organization_id`),
  KEY `role_title_id` (`role_title_id`),
  CONSTRAINT `members_ibfk_1` FOREIGN KEY (`individual_id`) REFERENCES `individuals` (`id`),
  CONSTRAINT `members_ibfk_2` FOREIGN KEY (`organization_id`) REFERENCES `organizations` (`id`),
  CONSTRAINT `members_ibfk_3` FOREIGN KEY (`role_title_id`) REFERENCES `role_titles` (`id`)
) ENGINE=InnoDB AUTO_INCREMENT=4 DEFAULT CHARSET=latin1;
/*!40101 SET character_set_client = @saved_cs_client */;

--
-- Dumping data for table `members`
--

LOCK TABLES `members` WRITE;
/*!40000 ALTER TABLE `members` DISABLE KEYS */;
INSERT INTO `members` VALUES (1,651,1,NULL,NULL,NULL,'2012-01-16 03:33:42','2012-01-16 03:33:42',NULL),(2,652,1,NULL,NULL,NULL,'2012-01-16 03:34:15','2012-01-16 03:34:15',NULL),(3,653,1,NULL,NULL,NULL,'2012-01-16 03:34:51','2012-01-16 03:34:51',NULL);
/*!40000 ALTER TABLE `members` ENABLE KEYS */;
UNLOCK TABLES;

--
-- Table structure for table `occupation_titles`
--

DROP TABLE IF EXISTS `occupation_titles`;
/*!40101 SET @saved_cs_client     = @@character_set_client */;
/*!40101 SET character_set_client = utf8 */;
CREATE TABLE `occupation_titles` (
  `id` int(11) NOT NULL AUTO_INCREMENT,
  `name` varchar(255) DEFAULT NULL,
  `occupation_type_id` int(11) DEFAULT NULL,
  `notes` text,
  `created_at` datetime DEFAULT NULL,
  `updated_at` datetime DEFAULT NULL,
  PRIMARY KEY (`id`),
  KEY `occupation_type_id` (`occupation_type_id`),
  CONSTRAINT `occupation_titles_ibfk_1` FOREIGN KEY (`occupation_type_id`) REFERENCES `occupation_types` (`id`)
) ENGINE=InnoDB AUTO_INCREMENT=21 DEFAULT CHARSET=latin1;
/*!40101 SET character_set_client = @saved_cs_client */;

--
-- Dumping data for table `occupation_titles`
--

LOCK TABLES `occupation_titles` WRITE;
/*!40000 ALTER TABLE `occupation_titles` DISABLE KEYS */;
INSERT INTO `occupation_titles` VALUES (1,'Naval (Non-Commissioned)',1,'This includes all non-officers in the Navy.  See the notes field of specific occupations records for rank (if known)','2011-03-08 23:30:20','2011-03-08 23:34:45'),(2,'Naval Officer',1,'This includes all commissioned officers in the Navy.  See the notes field of specific occupations records for rank (if known).','2011-03-08 23:30:20','2011-03-08 23:34:45'),(3,'Army (Non-Commissioned)',1,'This includes all non-officers in the Army.  See the notes field of specific occupations records for rank (if known)','2011-03-08 23:30:20','2011-03-08 23:34:45'),(4,'Army Officer',1,'This includes all commissioned officers in the Army.  See the notes field of specific occupations records for rank (if known).','2011-03-08 23:30:20','2011-03-08 23:34:45'),(5,'judge',2,NULL,'2011-03-08 23:31:46','2011-03-08 23:31:46'),(6,'clerk',2,'working for a specific judge.  See the notes field of the occupations records for the name of the judge, if known.','2011-03-08 23:31:46','2011-03-08 23:31:46'),(7,'lawyer',2,NULL,'2011-03-08 23:31:46','2011-03-08 23:31:46'),(8,'planter',3,'Planter is, of course, a highly contested term with many definitions.  It is defined here as someone who owns their own land and has more than 20 slaves to work the property.  ','2011-03-08 23:41:42','2011-03-08 23:41:42'),(9,'farmer',3,'Defined here as someone who owns their own land and less than 20 slaves.','2011-03-08 23:41:42','2011-03-08 23:41:42'),(10,'merchant',4,NULL,'2011-03-08 23:53:42','2011-03-08 23:53:42'),(11,'speculator',4,'could be trading land, currency, debt, etc.  See the specific occupations records for more detail (if known).','2011-03-08 23:53:42','2011-03-08 23:53:42'),(12,'Ship Owner',5,NULL,'2011-03-08 23:59:37','2011-03-08 23:59:37'),(13,'Ship Officer',5,'check specific occupations records for actual title (First Officer, etc.), if known.','2011-03-08 23:59:37','2011-03-08 23:59:37'),(14,'Ship Captain',5,NULL,'2011-03-08 23:59:37','2011-03-08 23:59:37'),(15,'Seaman',5,'sailor, not an officer','2011-03-08 23:59:37','2011-03-08 23:59:37'),(16,'Lord Chancellor of Great Britain',NULL,NULL,'2012-04-29 03:13:43','2012-04-29 03:13:43'),(17,'Governor',6,'This will mostly be used for Governors of American States.','2012-04-29 13:52:54','2012-04-29 13:52:54'),(18,'United States Attorney',6,'This occupation is designated political rather than legal because it was a Federal Appointment under the Constitution of 1787.','2012-04-29 14:02:22','2012-10-30 21:35:54'),(19,'Secretary of State for War',6,'Position in British Cabinet.','2012-11-01 21:49:10','2012-11-01 21:49:10'),(20,'Secretary of the Treasury',6,'United States Federal Government.','2012-11-03 23:47:27','2012-11-03 23:47:27');
/*!40000 ALTER TABLE `occupation_titles` ENABLE KEYS */;
UNLOCK TABLES;

--
-- Table structure for table `occupation_types`
--

DROP TABLE IF EXISTS `occupation_types`;
/*!40101 SET @saved_cs_client     = @@character_set_client */;
/*!40101 SET character_set_client = utf8 */;
CREATE TABLE `occupation_types` (
  `id` int(11) NOT NULL AUTO_INCREMENT,
  `name` varchar(255) DEFAULT NULL,
  `notes` text,
  `created_at` datetime DEFAULT NULL,
  `updated_at` datetime DEFAULT NULL,
  PRIMARY KEY (`id`)
) ENGINE=InnoDB AUTO_INCREMENT=7 DEFAULT CHARSET=latin1;
/*!40101 SET character_set_client = @saved_cs_client */;

--
-- Dumping data for table `occupation_types`
--

LOCK TABLES `occupation_types` WRITE;
/*!40000 ALTER TABLE `occupation_types` DISABLE KEYS */;
INSERT INTO `occupation_types` VALUES (1,'military',NULL,'2011-03-08 23:30:20','2011-03-08 23:30:20'),(2,'legal',NULL,'2011-03-08 23:31:46','2011-03-08 23:31:46'),(3,'agricultural',NULL,'2011-03-08 23:41:42','2011-03-08 23:41:42'),(4,'commerical',NULL,'2011-03-08 23:53:42','2011-03-08 23:53:42'),(5,'merchant marine','These occupations are for those who are engaged in commercial shipping (as opposed to the Navy).','2011-03-08 23:59:37','2011-03-08 23:59:37'),(6,'political',NULL,'2012-04-29 13:52:54','2012-04-29 13:52:54');
/*!40000 ALTER TABLE `occupation_types` ENABLE KEYS */;
UNLOCK TABLES;

--
-- Table structure for table `occupations`
--

DROP TABLE IF EXISTS `occupations`;
/*!40101 SET @saved_cs_client     = @@character_set_client */;
/*!40101 SET character_set_client = utf8 */;
CREATE TABLE `occupations` (
  `id` int(11) NOT NULL AUTO_INCREMENT,
  `individual_id` int(11) DEFAULT NULL,
  `occupation_title_id` int(11) DEFAULT NULL,
  `start_year` int(11) DEFAULT NULL,
  `end_year` int(11) DEFAULT NULL,
  `notes` text,
  `created_at` datetime DEFAULT NULL,
  `updated_at` datetime DEFAULT NULL,
  PRIMARY KEY (`id`),
  KEY `individual_id` (`individual_id`),
  KEY `occupation_title_id` (`occupation_title_id`),
  CONSTRAINT `occupations_ibfk_1` FOREIGN KEY (`individual_id`) REFERENCES `individuals` (`id`),
  CONSTRAINT `occupations_ibfk_2` FOREIGN KEY (`occupation_title_id`) REFERENCES `occupation_titles` (`id`)
) ENGINE=InnoDB AUTO_INCREMENT=20 DEFAULT CHARSET=latin1;
/*!40101 SET character_set_client = @saved_cs_client */;

--
-- Dumping data for table `occupations`
--

LOCK TABLES `occupations` WRITE;
/*!40000 ALTER TABLE `occupations` DISABLE KEYS */;
INSERT INTO `occupations` VALUES (1,571,2,1758,1796,'British Navy.','2011-12-14 21:50:42','2011-12-14 21:59:32'),(2,574,10,NULL,NULL,NULL,'2011-12-14 22:20:37','2011-12-14 22:20:37'),(3,575,4,NULL,NULL,'British Army during French and Indian War','2011-12-14 22:27:56','2011-12-14 22:27:56'),(4,575,6,NULL,NULL,NULL,'2011-12-14 22:27:56','2011-12-14 22:27:56'),(5,578,10,NULL,NULL,'possibly in connection with sloop Betsy.  More research required.','2011-12-27 21:38:00','2011-12-27 21:38:00'),(6,579,8,NULL,NULL,NULL,'2011-12-27 21:43:55','2011-12-27 21:43:55'),(7,579,4,NULL,NULL,NULL,'2011-12-27 21:43:55','2011-12-27 21:43:55'),(8,649,4,NULL,NULL,NULL,'2012-01-16 00:16:18','2012-01-16 00:16:18'),(9,596,4,NULL,NULL,NULL,'2012-01-17 01:26:43','2012-01-17 01:26:43'),(10,596,8,NULL,NULL,NULL,'2012-01-17 01:26:43','2012-01-17 01:26:43'),(11,640,16,1793,1801,NULL,'2012-04-29 03:13:43','2012-04-29 03:13:43'),(12,601,17,1790,1805,'Governor of Rhode Island.','2012-04-29 13:52:54','2012-04-29 13:52:54'),(13,592,18,1792,1806,'U.S. Attorney for Maryland.','2012-04-29 14:02:22','2012-04-29 14:02:22'),(14,635,7,NULL,NULL,'','2012-11-01 21:50:18','2012-11-01 21:50:18'),(15,635,19,1794,1801,'','2012-11-01 21:50:18','2012-11-01 21:50:18'),(16,606,7,NULL,NULL,'','2012-11-03 23:47:32','2012-11-03 23:47:32'),(17,606,4,NULL,NULL,'','2012-11-03 23:47:32','2012-11-03 23:47:32'),(18,606,20,NULL,NULL,'','2012-11-03 23:47:32','2012-11-03 23:47:32'),(19,588,4,NULL,NULL,'','2012-11-04 00:08:32','2012-11-04 00:08:32');
/*!40000 ALTER TABLE `occupations` ENABLE KEYS */;
UNLOCK TABLES;

--
-- Table structure for table `org_evolution_types`
--

DROP TABLE IF EXISTS `org_evolution_types`;
/*!40101 SET @saved_cs_client     = @@character_set_client */;
/*!40101 SET character_set_client = utf8 */;
CREATE TABLE `org_evolution_types` (
  `id` int(11) NOT NULL AUTO_INCREMENT,
  `name` varchar(255) DEFAULT NULL,
  `notes` text,
  `created_at` datetime DEFAULT NULL,
  `updated_at` datetime DEFAULT NULL,
  PRIMARY KEY (`id`)
) ENGINE=InnoDB DEFAULT CHARSET=latin1;
/*!40101 SET character_set_client = @saved_cs_client */;

--
-- Dumping data for table `org_evolution_types`
--

LOCK TABLES `org_evolution_types` WRITE;
/*!40000 ALTER TABLE `org_evolution_types` DISABLE KEYS */;
/*!40000 ALTER TABLE `org_evolution_types` ENABLE KEYS */;
UNLOCK TABLES;

--
-- Table structure for table `org_evolutions`
--

DROP TABLE IF EXISTS `org_evolutions`;
/*!40101 SET @saved_cs_client     = @@character_set_client */;
/*!40101 SET character_set_client = utf8 */;
CREATE TABLE `org_evolutions` (
  `id` int(11) NOT NULL AUTO_INCREMENT,
  `org_1_id` int(11) DEFAULT NULL,
  `org_2_id` int(11) DEFAULT NULL,
  `org_evolution_type_id` int(11) DEFAULT NULL,
  `date` date DEFAULT NULL,
  `notes` text,
  `created_at` datetime DEFAULT NULL,
  `updated_at` datetime DEFAULT NULL,
  `day_known` tinyint(1) DEFAULT NULL,
  `month_known` tinyint(1) DEFAULT NULL,
  `year_known` tinyint(1) DEFAULT NULL,
  PRIMARY KEY (`id`),
  KEY `org_1_id` (`org_1_id`),
  KEY `org_2_id` (`org_2_id`),
  KEY `org_evolution_type_id` (`org_evolution_type_id`),
  CONSTRAINT `org_evolutions_ibfk_1` FOREIGN KEY (`org_1_id`) REFERENCES `organizations` (`id`),
  CONSTRAINT `org_evolutions_ibfk_2` FOREIGN KEY (`org_2_id`) REFERENCES `organizations` (`id`),
  CONSTRAINT `org_evolutions_ibfk_3` FOREIGN KEY (`org_evolution_type_id`) REFERENCES `org_evolution_types` (`id`)
) ENGINE=InnoDB DEFAULT CHARSET=latin1;
/*!40101 SET character_set_client = @saved_cs_client */;

--
-- Dumping data for table `org_evolutions`
--

LOCK TABLES `org_evolutions` WRITE;
/*!40000 ALTER TABLE `org_evolutions` DISABLE KEYS */;
/*!40000 ALTER TABLE `org_evolutions` ENABLE KEYS */;
UNLOCK TABLES;

--
-- Table structure for table `organization_types`
--

DROP TABLE IF EXISTS `organization_types`;
/*!40101 SET @saved_cs_client     = @@character_set_client */;
/*!40101 SET character_set_client = utf8 */;
CREATE TABLE `organization_types` (
  `id` int(11) NOT NULL AUTO_INCREMENT,
  `name` varchar(255) DEFAULT NULL,
  `notes` text,
  `created_at` datetime DEFAULT NULL,
  `updated_at` datetime DEFAULT NULL,
  PRIMARY KEY (`id`)
) ENGINE=InnoDB DEFAULT CHARSET=latin1;
/*!40101 SET character_set_client = @saved_cs_client */;

--
-- Dumping data for table `organization_types`
--

LOCK TABLES `organization_types` WRITE;
/*!40000 ALTER TABLE `organization_types` DISABLE KEYS */;
/*!40000 ALTER TABLE `organization_types` ENABLE KEYS */;
UNLOCK TABLES;

--
-- Table structure for table `organizations`
--

DROP TABLE IF EXISTS `organizations`;
/*!40101 SET @saved_cs_client     = @@character_set_client */;
/*!40101 SET character_set_client = utf8 */;
CREATE TABLE `organizations` (
  `id` int(11) NOT NULL AUTO_INCREMENT,
  `name` varchar(255) DEFAULT NULL,
  `start_year` int(11) DEFAULT NULL,
  `end_year` int(11) DEFAULT NULL,
  `magazine_sending` tinyint(1) DEFAULT NULL,
  `organization_type_id` int(11) DEFAULT NULL,
  `location_id` int(11) DEFAULT NULL,
  `org_bio` text,
  `notes` text,
  `created_at` datetime DEFAULT NULL,
  `updated_at` datetime DEFAULT NULL,
  PRIMARY KEY (`id`),
  KEY `organization_type_id` (`organization_type_id`),
  KEY `location_id` (`location_id`),
  CONSTRAINT `organizations_ibfk_1` FOREIGN KEY (`organization_type_id`) REFERENCES `organization_types` (`id`),
  CONSTRAINT `organizations_ibfk_2` FOREIGN KEY (`location_id`) REFERENCES `locations` (`id`)
) ENGINE=InnoDB AUTO_INCREMENT=5 DEFAULT CHARSET=latin1;
/*!40101 SET character_set_client = @saved_cs_client */;

--
-- Dumping data for table `organizations`
--

LOCK TABLES `organizations` WRITE;
/*!40000 ALTER TABLE `organizations` DISABLE KEYS */;
INSERT INTO `organizations` VALUES (1,'Commissioners',NULL,NULL,NULL,NULL,336,NULL,'These Commissioners had their letters forwarded to John Jay during his mission to Great Britain in 1794.  More research is required to determine who they were.','2011-12-31 03:38:21','2012-01-16 03:32:47'),(2,'Commissioners at Pittsburg',NULL,NULL,NULL,NULL,336,NULL,'These Commissioners had their letters forwarded to Jay in 1794.  More research is required.  They may be synonymous with the group referred to as Commissioners (id #1).','2011-12-31 03:40:41','2011-12-31 03:40:41'),(4,'John de Neufville & Son',NULL,NULL,NULL,NULL,NULL,NULL,'Wrote to John Jay in 1794.  More research required.','2012-01-05 16:32:51','2012-01-05 16:32:51');
/*!40000 ALTER TABLE `organizations` ENABLE KEYS */;
UNLOCK TABLES;

--
-- Table structure for table `regions`
--

DROP TABLE IF EXISTS `regions`;
/*!40101 SET @saved_cs_client     = @@character_set_client */;
/*!40101 SET character_set_client = utf8 */;
CREATE TABLE `regions` (
  `id` int(11) NOT NULL AUTO_INCREMENT,
  `name` varchar(255) DEFAULT NULL,
  `notes` text,
  `created_at` datetime DEFAULT NULL,
  `updated_at` datetime DEFAULT NULL,
  PRIMARY KEY (`id`)
) ENGINE=InnoDB AUTO_INCREMENT=2 DEFAULT CHARSET=latin1;
/*!40101 SET character_set_client = @saved_cs_client */;

--
-- Dumping data for table `regions`
--

LOCK TABLES `regions` WRITE;
/*!40000 ALTER TABLE `regions` DISABLE KEYS */;
INSERT INTO `regions` VALUES (1,'Caribbean',NULL,'2009-12-03 23:24:40','2009-12-03 23:24:40');
/*!40000 ALTER TABLE `regions` ENABLE KEYS */;
UNLOCK TABLES;

--
-- Table structure for table `relationship_types`
--

DROP TABLE IF EXISTS `relationship_types`;
/*!40101 SET @saved_cs_client     = @@character_set_client */;
/*!40101 SET character_set_client = utf8 */;
CREATE TABLE `relationship_types` (
  `id` int(11) NOT NULL AUTO_INCREMENT,
  `name` varchar(255) DEFAULT NULL,
  `notes` text,
  `created_at` datetime DEFAULT NULL,
  `updated_at` datetime DEFAULT NULL,
  PRIMARY KEY (`id`)
) ENGINE=InnoDB DEFAULT CHARSET=latin1;
/*!40101 SET character_set_client = @saved_cs_client */;

--
-- Dumping data for table `relationship_types`
--

LOCK TABLES `relationship_types` WRITE;
/*!40000 ALTER TABLE `relationship_types` DISABLE KEYS */;
/*!40000 ALTER TABLE `relationship_types` ENABLE KEYS */;
UNLOCK TABLES;

--
-- Table structure for table `relationships`
--

DROP TABLE IF EXISTS `relationships`;
/*!40101 SET @saved_cs_client     = @@character_set_client */;
/*!40101 SET character_set_client = utf8 */;
CREATE TABLE `relationships` (
  `id` int(11) NOT NULL AUTO_INCREMENT,
  `individual_id_1` int(11) DEFAULT NULL,
  `individual_id_2` int(11) DEFAULT NULL,
  `relationship_type_id` int(11) DEFAULT NULL,
  `start_year` int(11) DEFAULT NULL,
  `end_year` int(11) DEFAULT NULL,
  `notes` text,
  `created_at` datetime DEFAULT NULL,
  `updated_at` datetime DEFAULT NULL,
  PRIMARY KEY (`id`),
  KEY `individual_id_1` (`individual_id_1`),
  KEY `individual_id_2` (`individual_id_2`),
  KEY `relationship_type_id` (`relationship_type_id`),
  CONSTRAINT `relationships_ibfk_1` FOREIGN KEY (`individual_id_1`) REFERENCES `individuals` (`id`),
  CONSTRAINT `relationships_ibfk_2` FOREIGN KEY (`individual_id_2`) REFERENCES `individuals` (`id`),
  CONSTRAINT `relationships_ibfk_3` FOREIGN KEY (`relationship_type_id`) REFERENCES `relationship_types` (`id`)
) ENGINE=InnoDB DEFAULT CHARSET=latin1;
/*!40101 SET character_set_client = @saved_cs_client */;

--
-- Dumping data for table `relationships`
--

LOCK TABLES `relationships` WRITE;
/*!40000 ALTER TABLE `relationships` DISABLE KEYS */;
/*!40000 ALTER TABLE `relationships` ENABLE KEYS */;
UNLOCK TABLES;

--
-- Table structure for table `residence_types`
--

DROP TABLE IF EXISTS `residence_types`;
/*!40101 SET @saved_cs_client     = @@character_set_client */;
/*!40101 SET character_set_client = utf8 */;
CREATE TABLE `residence_types` (
  `id` int(11) NOT NULL AUTO_INCREMENT,
  `name` varchar(255) DEFAULT NULL,
  `temporary` tinyint(1) DEFAULT NULL,
  `notes` text,
  `created_at` datetime DEFAULT NULL,
  `updated_at` datetime DEFAULT NULL,
  PRIMARY KEY (`id`)
) ENGINE=InnoDB DEFAULT CHARSET=latin1;
/*!40101 SET character_set_client = @saved_cs_client */;

--
-- Dumping data for table `residence_types`
--

LOCK TABLES `residence_types` WRITE;
/*!40000 ALTER TABLE `residence_types` DISABLE KEYS */;
/*!40000 ALTER TABLE `residence_types` ENABLE KEYS */;
UNLOCK TABLES;

--
-- Table structure for table `residences`
--

DROP TABLE IF EXISTS `residences`;
/*!40101 SET @saved_cs_client     = @@character_set_client */;
/*!40101 SET character_set_client = utf8 */;
CREATE TABLE `residences` (
  `id` int(11) NOT NULL AUTO_INCREMENT,
  `individual_id` int(11) DEFAULT NULL,
  `location_id` int(11) DEFAULT NULL,
  `residence_type_id` int(11) DEFAULT NULL,
  `start_year` int(11) DEFAULT NULL,
  `end_year` int(11) DEFAULT NULL,
  `birth_place` tinyint(1) DEFAULT NULL,
  `death_place` tinyint(1) DEFAULT NULL,
  `notes` text,
  `created_at` datetime DEFAULT NULL,
  `updated_at` datetime DEFAULT NULL,
  PRIMARY KEY (`id`),
  KEY `individual_id` (`individual_id`),
  KEY `location_id` (`location_id`),
  KEY `residence_type_id` (`residence_type_id`),
  CONSTRAINT `residences_ibfk_1` FOREIGN KEY (`individual_id`) REFERENCES `individuals` (`id`),
  CONSTRAINT `residences_ibfk_2` FOREIGN KEY (`location_id`) REFERENCES `locations` (`id`),
  CONSTRAINT `residences_ibfk_3` FOREIGN KEY (`residence_type_id`) REFERENCES `residence_types` (`id`)
) ENGINE=InnoDB AUTO_INCREMENT=6 DEFAULT CHARSET=latin1;
/*!40101 SET character_set_client = @saved_cs_client */;

--
-- Dumping data for table `residences`
--

LOCK TABLES `residences` WRITE;
/*!40000 ALTER TABLE `residences` DISABLE KEYS */;
INSERT INTO `residences` VALUES (1,14,334,NULL,NULL,NULL,1,0,NULL,'2011-02-25 03:44:37','2011-02-25 03:44:37'),(2,1,334,NULL,NULL,NULL,1,1,NULL,'2011-02-25 03:44:37','2011-02-25 03:44:37'),(3,203,335,NULL,NULL,NULL,1,NULL,NULL,'2011-03-08 23:25:29','2011-03-08 23:25:29'),(4,649,333,NULL,NULL,NULL,1,NULL,NULL,'2012-01-16 00:16:18','2012-01-16 00:16:18'),(5,596,346,NULL,NULL,NULL,1,1,NULL,'2012-01-17 01:28:08','2012-01-17 01:28:08');
/*!40000 ALTER TABLE `residences` ENABLE KEYS */;
UNLOCK TABLES;

--
-- Table structure for table `role_titles`
--

DROP TABLE IF EXISTS `role_titles`;
/*!40101 SET @saved_cs_client     = @@character_set_client */;
/*!40101 SET character_set_client = utf8 */;
CREATE TABLE `role_titles` (
  `id` int(11) NOT NULL AUTO_INCREMENT,
  `name` varchar(255) DEFAULT NULL,
  `role_type_id` int(11) DEFAULT NULL,
  `notes` text,
  `created_at` datetime DEFAULT NULL,
  `updated_at` datetime DEFAULT NULL,
  PRIMARY KEY (`id`),
  KEY `role_type_id` (`role_type_id`)
) ENGINE=InnoDB DEFAULT CHARSET=latin1;
/*!40101 SET character_set_client = @saved_cs_client */;

--
-- Dumping data for table `role_titles`
--

LOCK TABLES `role_titles` WRITE;
/*!40000 ALTER TABLE `role_titles` DISABLE KEYS */;
/*!40000 ALTER TABLE `role_titles` ENABLE KEYS */;
UNLOCK TABLES;

--
-- Table structure for table `role_types`
--

DROP TABLE IF EXISTS `role_types`;
/*!40101 SET @saved_cs_client     = @@character_set_client */;
/*!40101 SET character_set_client = utf8 */;
CREATE TABLE `role_types` (
  `id` int(11) NOT NULL AUTO_INCREMENT,
  `name` varchar(255) DEFAULT NULL,
  `notes` text,
  `created_at` datetime DEFAULT NULL,
  `updated_at` datetime DEFAULT NULL,
  PRIMARY KEY (`id`)
) ENGINE=InnoDB DEFAULT CHARSET=latin1;
/*!40101 SET character_set_client = @saved_cs_client */;

--
-- Dumping data for table `role_types`
--

LOCK TABLES `role_types` WRITE;
/*!40000 ALTER TABLE `role_types` DISABLE KEYS */;
/*!40000 ALTER TABLE `role_types` ENABLE KEYS */;
UNLOCK TABLES;

--
-- Table structure for table `states`
--

DROP TABLE IF EXISTS `states`;
/*!40101 SET @saved_cs_client     = @@character_set_client */;
/*!40101 SET character_set_client = utf8 */;
CREATE TABLE `states` (
  `id` int(11) NOT NULL AUTO_INCREMENT,
  `name` varchar(255) DEFAULT NULL,
  `continent_id` int(11) NOT NULL,
  `notes` text,
  `created_at` datetime DEFAULT NULL,
  `updated_at` datetime DEFAULT NULL,
  PRIMARY KEY (`id`),
  KEY `continent_id` (`continent_id`),
  CONSTRAINT `states_ibfk_1` FOREIGN KEY (`continent_id`) REFERENCES `continents` (`id`)
) ENGINE=InnoDB AUTO_INCREMENT=89 DEFAULT CHARSET=latin1;
/*!40101 SET character_set_client = @saved_cs_client */;

--
-- Dumping data for table `states`
--

LOCK TABLES `states` WRITE;
/*!40000 ALTER TABLE `states` DISABLE KEYS */;
INSERT INTO `states` VALUES (1,'England',930672604,NULL,'2009-03-17 21:13:36','2009-03-17 21:13:36'),(2,'Wales',930672604,NULL,'2009-03-17 21:13:36','2009-03-17 21:13:36'),(3,'Scotland',930672604,NULL,'2009-03-17 21:13:36','2009-03-17 21:13:36'),(4,'Ireland',930672604,NULL,'2009-03-17 21:13:36','2009-03-17 21:13:36'),(5,'Russia',930672604,NULL,'2009-03-17 21:13:36','2009-03-17 21:13:36'),(6,'France',930672604,NULL,'2009-03-17 21:13:36','2009-03-17 21:13:36'),(7,'Belgium',930672604,NULL,'2009-03-17 21:13:36','2009-03-17 21:13:36'),(8,'Sardinia',930672604,NULL,'2009-03-17 21:13:36','2009-03-17 21:13:36'),(9,'Spain',930672604,NULL,'2009-03-17 21:13:36','2009-03-17 21:13:36'),(10,'Portugal',930672604,NULL,'2009-03-17 21:13:36','2009-03-17 21:13:36'),(11,'Netherlands',930672604,NULL,'2009-03-17 21:13:36','2009-03-17 21:13:36'),(12,'Denmark',930672604,NULL,'2009-03-17 21:13:36','2009-03-17 21:13:36'),(13,'Norway',930672604,NULL,'2009-03-17 21:13:36','2009-03-17 21:13:36'),(14,'Sweden',930672604,NULL,'2009-03-17 21:13:36','2009-03-17 21:13:36'),(15,'Prussia',930672604,NULL,'2009-03-17 21:13:36','2009-03-17 21:13:36'),(16,'Austria',930672604,NULL,'2009-03-17 21:13:36','2009-03-17 21:13:36'),(17,'Bavaria',930672604,NULL,'2009-03-17 21:13:36','2009-03-17 21:13:36'),(18,'Hannover',930672604,NULL,'2009-03-17 21:13:36','2009-03-17 21:13:36'),(19,'Mecklenburg-Schwerin',930672604,NULL,'2009-03-17 21:13:36','2011-02-25 03:33:39'),(20,'The German Free Cities',930672604,NULL,'2009-03-17 21:13:36','2009-03-17 21:13:36'),(21,'Genoa (Republic of)',930672604,NULL,'2009-03-17 21:13:36','2009-03-17 21:13:36'),(22,'Sardinia (Kingdom of)',930672604,NULL,'2009-03-17 21:13:36','2009-03-17 21:13:36'),(24,'Papal States',930672604,NULL,'2009-03-17 21:13:36','2009-03-17 21:13:36'),(25,'Naples (Kingdom of)',930672604,NULL,'2009-03-17 21:13:36','2009-03-17 21:13:36'),(26,'Malta',930672604,NULL,'2009-03-17 21:13:36','2009-03-17 21:13:36'),(27,'Turkey',930672604,NULL,'2009-03-17 21:13:36','2009-03-17 21:13:36'),(28,'Greece',930672604,NULL,'2009-03-17 21:13:36','2009-03-17 21:13:36'),(29,'Morocco',432531999,NULL,'2009-03-17 21:13:36','2009-03-17 21:13:36'),(30,'Algeria',432531999,NULL,'2009-03-17 21:13:36','2009-03-17 21:13:36'),(31,'Tunisia',432531999,NULL,'2009-03-17 21:13:36','2009-03-17 21:13:36'),(32,'Tripolitania',432531999,NULL,'2009-03-17 21:13:36','2009-03-17 21:13:36'),(33,'South Africa',432531999,NULL,'2009-03-17 21:13:36','2009-03-17 21:13:36'),(34,'India',655351082,NULL,'2009-03-17 21:13:36','2009-03-17 21:13:36'),(35,'Mauritius',655351082,NULL,'2009-03-17 21:13:36','2009-03-17 21:13:36'),(36,'Siam',655351082,NULL,'2009-03-17 21:13:36','2009-03-17 21:13:36'),(37,'Java',655351082,NULL,'2009-03-17 21:13:36','2009-03-17 21:13:36'),(38,'Philippines',655351082,NULL,'2009-03-17 21:13:36','2009-03-17 21:13:36'),(39,'China',655351082,NULL,'2009-03-17 21:13:36','2009-03-17 21:13:36'),(40,'Hawaii',655351082,NULL,'2009-03-17 21:13:36','2009-03-17 21:13:36'),(41,'Bermuda',74295373,NULL,'2009-03-17 21:13:36','2009-03-17 21:13:36'),(42,'Florida',74295373,NULL,'2009-03-17 21:13:36','2009-03-17 21:13:36'),(43,'Louisiana',74295373,NULL,'2009-03-17 21:13:36','2009-03-17 21:13:36'),(44,'Oregon',74295373,NULL,'2009-03-17 21:13:36','2009-03-17 21:13:36'),(45,'Cuba',74295373,NULL,'2009-03-17 21:13:36','2009-03-17 21:13:36'),(46,'Haiti',74295373,NULL,'2009-03-17 21:13:36','2009-03-17 21:13:36'),(47,'Jamaica',74295373,NULL,'2009-03-17 21:13:36','2009-03-17 21:13:36'),(48,'Puerto Rico',74295373,NULL,'2009-03-17 21:13:36','2009-03-17 21:13:36'),(49,'Antigua Island',74295373,NULL,'2009-03-17 21:13:36','2009-03-17 21:13:36'),(50,'St. Kitts Island',74295373,NULL,'2009-03-17 21:13:36','2009-03-17 21:13:36'),(51,'Guadeloupe',74295373,'','2009-03-17 21:13:36','2009-03-18 16:10:45'),(52,'Barbados',74295373,NULL,'2009-03-17 21:13:36','2009-03-17 21:13:36'),(53,'Curacao Island',74295373,NULL,'2009-03-17 21:13:36','2009-03-17 21:13:36'),(54,'Bahamas',74295373,NULL,'2009-03-17 21:13:36','2009-03-17 21:13:36'),(55,'St. Bartholomew Island',74295373,NULL,'2009-03-17 21:13:36','2009-03-17 21:13:36'),(56,'Virgin Islands',74295373,NULL,'2009-03-17 21:13:36','2009-03-17 21:13:36'),(57,'St. Eustatius Island',74295373,NULL,'2009-03-17 21:13:36','2009-03-17 21:13:36'),(58,'Martinique',74295373,NULL,'2009-03-17 21:13:36','2009-03-17 21:13:36'),(59,'Trinidad Island',74295373,NULL,'2009-03-17 21:13:36','2009-03-17 21:13:36'),(60,'Mexico',74295373,NULL,'2009-03-17 21:13:36','2009-03-17 21:13:36'),(61,'Guatemala',74295373,NULL,'2009-03-17 21:13:36','2009-03-17 21:13:36'),(62,'Colombia',619340803,NULL,'2009-03-17 21:13:36','2009-03-17 21:13:36'),(63,'Venezuela',619340803,NULL,'2009-03-17 21:13:36','2009-03-17 21:13:36'),(64,'British Guiana',619340803,NULL,'2009-03-17 21:13:36','2009-03-17 21:13:36'),(65,'French Guiana',619340803,NULL,'2009-03-17 21:13:36','2009-03-17 21:13:36'),(66,'Surinam',619340803,NULL,'2009-03-17 21:13:36','2009-03-17 21:13:36'),(67,'Ecuador',619340803,NULL,'2009-03-17 21:13:36','2009-03-17 21:13:36'),(68,'Peru',619340803,NULL,'2009-03-17 21:13:36','2009-03-17 21:13:36'),(69,'Brazil',619340803,NULL,'2009-03-17 21:13:36','2009-03-17 21:13:36'),(70,'Chile',619340803,NULL,'2009-03-17 21:13:36','2009-03-17 21:13:36'),(71,'Uruguay',619340803,NULL,'2009-03-17 21:13:36','2009-03-17 21:13:36'),(72,'Argentina',619340803,NULL,'2009-03-17 21:13:36','2009-03-17 21:13:36'),(73,'Cap Verde Islands',930672604,NULL,'2009-03-17 21:13:36','2009-03-17 21:13:36'),(74,'Madeira Islands',930672604,NULL,'2009-03-17 21:13:36','2009-03-17 21:13:36'),(75,'Azore Islands',930672604,NULL,'2009-03-17 21:13:36','2009-03-17 21:13:36'),(76,'Canary Islands',930672604,NULL,'2009-03-17 21:13:36','2009-03-17 21:13:36'),(77,'Majorca',930672604,NULL,'2009-03-17 21:13:36','2009-03-17 21:13:36'),(78,'Massachusetts',74295373,NULL,'2009-09-18 01:08:52','2009-09-18 01:29:03'),(79,'South Carolina',74295373,NULL,'2011-02-10 03:13:30','2011-02-10 03:13:30'),(80,'Connecticut',74295373,NULL,'2011-03-08 23:08:32','2011-03-08 23:08:32'),(81,'Virginia',74295373,NULL,'2011-12-06 21:48:56','2011-12-06 21:48:56'),(82,'New York',74295373,NULL,'2011-12-14 16:17:28','2011-12-14 16:17:28'),(83,'Pennsylvania',74295373,NULL,'2011-12-27 21:24:13','2011-12-27 21:24:13'),(84,'Ontario',74295373,NULL,'2012-01-15 23:33:30','2012-01-15 23:33:30'),(85,'Maryland',74295373,NULL,'2012-01-16 19:30:32','2012-01-16 19:30:32'),(86,'Ohio',74295373,NULL,'2012-01-16 22:37:47','2012-01-16 22:37:47'),(87,'Rhode Island',74295373,NULL,'2012-01-17 04:41:32','2012-01-17 04:41:32'),(88,'New Jersey',74295373,'','2012-11-03 23:44:16','2012-11-03 23:44:16');
/*!40000 ALTER TABLE `states` ENABLE KEYS */;
UNLOCK TABLES;

--
-- Table structure for table `validations`
--

DROP TABLE IF EXISTS `validations`;
/*!40101 SET @saved_cs_client     = @@character_set_client */;
/*!40101 SET character_set_client = utf8 */;
CREATE TABLE `validations` (
  `id` int(11) NOT NULL AUTO_INCREMENT,
  `object_id` int(11) DEFAULT NULL,
  `supports` tinyint(1) DEFAULT NULL,
  `citation_id` int(11) DEFAULT NULL,
  `notes` text,
  `created_at` datetime DEFAULT NULL,
  `updated_at` datetime DEFAULT NULL,
  `auth_user_id` int(11) DEFAULT NULL,
  `content_type_id` int(11) DEFAULT NULL,
  PRIMARY KEY (`id`),
  KEY `citation_id` (`citation_id`),
  KEY `auth_user_id` (`auth_user_id`),
  KEY `content_type_id` (`content_type_id`),
  CONSTRAINT `validations_ibfk_2` FOREIGN KEY (`citation_id`) REFERENCES `citations` (`id`),
  CONSTRAINT `validations_ibfk_3` FOREIGN KEY (`auth_user_id`) REFERENCES `auth_user` (`id`),
  CONSTRAINT `validations_ibfk_4` FOREIGN KEY (`content_type_id`) REFERENCES `django_content_type` (`id`)
) ENGINE=InnoDB AUTO_INCREMENT=6467 DEFAULT CHARSET=latin1;
/*!40101 SET character_set_client = @saved_cs_client */;

--
-- Dumping data for table `validations`
--

LOCK TABLES `validations` WRITE;
/*!40000 ALTER TABLE `validations` DISABLE KEYS */;
INSERT INTO `validations` VALUES (5398,1235,1,1,NULL,'2009-10-29 02:46:47','2009-10-29 02:46:47',1,44),(5399,1236,1,1,NULL,'2009-10-29 02:46:48','2009-10-29 02:46:48',1,44),(5400,1237,1,1,NULL,'2009-10-29 02:46:48','2009-10-29 02:46:48',1,44),(5401,1238,1,1,NULL,'2009-10-29 02:46:48','2009-10-29 02:46:48',1,44),(5402,1239,1,1,NULL,'2009-10-29 02:46:48','2009-10-29 02:46:48',1,44),(5403,1240,1,1,NULL,'2009-10-29 02:46:48','2009-10-29 02:46:48',1,44),(5404,1241,1,1,NULL,'2009-10-29 02:46:48','2009-10-29 02:46:48',1,44),(5405,1242,1,1,NULL,'2009-10-29 02:46:48','2009-10-29 02:46:48',1,44),(5406,1243,1,1,NULL,'2009-10-29 02:46:48','2009-10-29 02:46:48',1,44),(5407,1244,1,1,NULL,'2009-10-29 02:46:48','2009-10-29 02:46:48',1,44),(5408,1245,1,1,NULL,'2009-10-29 02:46:48','2009-10-29 02:46:48',1,44),(5409,1246,1,1,NULL,'2009-10-29 02:46:48','2009-10-29 02:46:48',1,44),(5410,1247,1,1,NULL,'2009-10-29 02:46:48','2009-10-29 02:46:48',1,44),(5411,1248,1,1,NULL,'2009-10-29 02:46:48','2009-10-29 02:46:48',1,44),(5412,1249,1,1,NULL,'2009-10-29 02:46:48','2009-10-29 02:46:48',1,44),(5413,1250,1,1,NULL,'2009-10-29 02:46:48','2009-10-29 02:46:48',1,44),(5414,1251,1,1,NULL,'2009-10-29 02:46:48','2009-10-29 02:46:48',1,44),(5415,1252,1,1,NULL,'2009-10-29 02:46:48','2009-10-29 02:46:48',1,44),(5416,1253,1,1,NULL,'2009-10-29 02:46:48','2009-10-29 02:46:48',1,44),(5417,1254,1,1,NULL,'2009-10-29 02:46:48','2009-10-29 02:46:48',1,44),(5418,1255,1,1,NULL,'2009-10-29 02:46:48','2009-10-29 02:46:48',1,44),(5419,1256,1,1,NULL,'2009-10-29 02:46:48','2009-10-29 02:46:48',1,44),(5420,1257,1,1,NULL,'2009-10-29 02:46:48','2009-10-29 02:46:48',1,44),(5421,1258,1,1,NULL,'2009-10-29 02:46:48','2009-10-29 02:46:48',1,44),(5422,1259,1,1,NULL,'2009-10-29 02:46:48','2009-10-29 02:46:48',1,44),(5423,1260,1,1,NULL,'2009-10-29 02:46:48','2009-10-29 02:46:48',1,44),(5424,1261,1,1,NULL,'2009-10-29 02:46:48','2009-10-29 02:46:48',1,44),(5425,1262,1,1,NULL,'2009-10-29 02:46:48','2009-10-29 02:46:48',1,44),(5426,1263,1,1,NULL,'2009-10-29 02:46:48','2009-10-29 02:46:48',1,44),(5427,1264,1,1,NULL,'2009-10-29 02:46:48','2009-10-29 02:46:48',1,44),(5428,1265,1,1,NULL,'2009-10-29 02:46:48','2009-10-29 02:46:48',1,44),(5429,1266,1,1,NULL,'2009-10-29 02:46:48','2009-10-29 02:46:48',1,44),(5430,1267,1,1,NULL,'2009-10-29 02:46:48','2009-10-29 02:46:48',1,44),(5431,1268,1,1,NULL,'2009-10-29 02:46:48','2009-10-29 02:46:48',1,44),(5432,1269,1,1,NULL,'2009-10-29 02:46:48','2009-10-29 02:46:48',1,44),(5433,1270,1,1,NULL,'2009-10-29 02:46:48','2009-10-29 02:46:48',1,44),(5434,1271,1,1,NULL,'2009-10-29 02:46:48','2009-10-29 02:46:48',1,44),(5435,1272,1,1,NULL,'2009-10-29 02:46:48','2009-10-29 02:46:48',1,44),(5436,1273,1,1,NULL,'2009-10-29 02:46:48','2009-10-29 02:46:48',1,44),(5437,1274,1,1,NULL,'2009-10-29 02:46:48','2009-10-29 02:46:48',1,44),(5438,1275,1,1,NULL,'2009-10-29 02:46:48','2009-10-29 02:46:48',1,44),(5439,1276,1,1,NULL,'2009-10-29 02:46:48','2009-10-29 02:46:48',1,44),(5440,1277,1,1,NULL,'2009-10-29 02:46:48','2009-10-29 02:46:48',1,44),(5441,1278,1,1,NULL,'2009-10-29 02:46:48','2009-10-29 02:46:48',1,44),(5442,1279,1,1,NULL,'2009-10-29 02:46:48','2009-10-29 02:46:48',1,44),(5443,1280,1,1,NULL,'2009-10-29 02:46:48','2009-10-29 02:46:48',1,44),(5444,1281,1,1,NULL,'2009-10-29 02:46:48','2009-10-29 02:46:48',1,44),(5445,1282,1,1,NULL,'2009-10-29 02:46:48','2009-10-29 02:46:48',1,44),(5446,1283,1,1,NULL,'2009-10-29 02:46:48','2009-10-29 02:46:48',1,44),(5447,1284,1,1,NULL,'2009-10-29 02:46:48','2009-10-29 02:46:48',1,44),(5448,1285,1,1,NULL,'2009-10-29 02:46:48','2009-10-29 02:46:48',1,44),(5449,1286,1,1,NULL,'2009-10-29 02:46:48','2009-10-29 02:46:48',1,44),(5450,1287,1,1,NULL,'2009-10-29 02:46:48','2009-10-29 02:46:48',1,44),(5451,1288,1,1,NULL,'2009-10-29 02:46:48','2009-10-29 02:46:48',1,44),(5452,1289,1,1,NULL,'2009-10-29 02:46:48','2009-10-29 02:46:48',1,44),(5453,1290,1,1,NULL,'2009-10-29 02:46:48','2009-10-29 02:46:48',1,44),(5454,1291,1,1,NULL,'2009-10-29 02:46:48','2009-10-29 02:46:48',1,44),(5455,1292,1,1,NULL,'2009-10-29 02:46:48','2009-10-29 02:46:48',1,44),(5456,1293,1,1,NULL,'2009-10-29 02:46:48','2009-10-29 02:46:48',1,44),(5457,1294,1,1,NULL,'2009-10-29 02:46:48','2009-10-29 02:46:48',1,44),(5458,1295,1,1,NULL,'2009-10-29 02:46:48','2009-10-29 02:46:48',1,44),(5459,1296,1,1,NULL,'2009-10-29 02:46:48','2009-10-29 02:46:48',1,44),(5460,1297,1,1,NULL,'2009-10-29 02:46:48','2009-10-29 02:46:48',1,44),(5461,1298,1,1,NULL,'2009-10-29 02:46:48','2009-10-29 02:46:48',1,44),(5462,1299,1,1,NULL,'2009-10-29 02:46:48','2009-10-29 02:46:48',1,44),(5463,1300,1,1,NULL,'2009-10-29 02:46:48','2009-10-29 02:46:48',1,44),(5464,1301,1,1,NULL,'2009-10-29 02:46:48','2009-10-29 02:46:48',1,44),(5465,1302,1,1,NULL,'2009-10-29 02:46:48','2009-10-29 02:46:48',1,44),(5466,1303,1,1,NULL,'2009-10-29 02:46:48','2009-10-29 02:46:48',1,44),(5467,1304,1,1,NULL,'2009-10-29 02:46:48','2009-10-29 02:46:48',1,44),(5468,1305,1,1,NULL,'2009-10-29 02:46:48','2009-10-29 02:46:48',1,44),(5469,1306,1,1,NULL,'2009-10-29 02:46:48','2009-10-29 02:46:48',1,44),(5470,1307,1,1,NULL,'2009-10-29 02:46:48','2009-10-29 02:46:48',1,44),(5471,1308,1,1,NULL,'2009-10-29 02:46:48','2009-10-29 02:46:48',1,44),(5472,1309,1,1,NULL,'2009-10-29 02:46:48','2009-10-29 02:46:48',1,44),(5473,1310,1,1,NULL,'2009-10-29 02:46:48','2009-10-29 02:46:48',1,44),(5474,1311,1,1,NULL,'2009-10-29 02:46:48','2009-10-29 02:46:48',1,44),(5475,1312,1,1,NULL,'2009-10-29 02:46:48','2009-10-29 02:46:48',1,44),(5476,1313,1,1,NULL,'2009-10-29 02:46:48','2009-10-29 02:46:48',1,44),(5477,1314,1,1,NULL,'2009-10-29 02:46:48','2009-10-29 02:46:48',1,44),(5478,1315,1,1,NULL,'2009-10-29 02:46:48','2009-10-29 02:46:48',1,44),(5479,1316,1,1,NULL,'2009-10-29 02:46:48','2009-10-29 02:46:48',1,44),(5480,1317,1,1,NULL,'2009-10-29 02:46:48','2009-10-29 02:46:48',1,44),(5481,1318,1,1,NULL,'2009-10-29 02:46:48','2009-10-29 02:46:48',1,44),(5482,1319,1,1,NULL,'2009-10-29 02:46:48','2009-10-29 02:46:48',1,44),(5483,1320,1,1,NULL,'2009-10-29 02:46:48','2009-10-29 02:46:48',1,44),(5484,1321,1,1,NULL,'2009-10-29 02:46:48','2009-10-29 02:46:48',1,44),(5485,1322,1,1,NULL,'2009-10-29 02:46:48','2009-10-29 02:46:48',1,44),(5486,1323,1,1,NULL,'2009-10-29 02:46:48','2009-10-29 02:46:48',1,44),(5487,1324,1,1,NULL,'2009-10-29 02:46:48','2009-10-29 02:46:48',1,44),(5488,1325,1,1,NULL,'2009-10-29 02:46:48','2009-10-29 02:46:48',1,44),(5489,1326,1,1,NULL,'2009-10-29 02:46:48','2009-10-29 02:46:48',1,44),(5490,1327,1,1,NULL,'2009-10-29 02:46:48','2009-10-29 02:46:48',1,44),(5491,1328,1,1,NULL,'2009-10-29 02:46:48','2009-10-29 02:46:48',1,44),(5492,1329,1,1,NULL,'2009-10-29 02:46:48','2009-10-29 02:46:48',1,44),(5493,1330,1,1,NULL,'2009-10-29 02:46:48','2009-10-29 02:46:48',1,44),(5494,1331,1,1,NULL,'2009-10-29 02:46:48','2009-10-29 02:46:48',1,44),(5495,1332,1,1,NULL,'2009-10-29 02:46:48','2009-10-29 02:46:48',1,44),(5496,1333,1,1,NULL,'2009-10-29 02:46:48','2009-10-29 02:46:48',1,44),(5497,1334,1,1,NULL,'2009-10-29 02:46:48','2009-10-29 02:46:48',1,44),(5498,1335,1,1,NULL,'2009-10-29 02:46:48','2009-10-29 02:46:48',1,44),(5499,1336,1,1,NULL,'2009-10-29 02:46:48','2009-10-29 02:46:48',1,44),(5500,1337,1,1,NULL,'2009-10-29 02:46:48','2009-10-29 02:46:48',1,44),(5501,1338,1,1,NULL,'2009-10-29 02:46:48','2009-10-29 02:46:48',1,44),(5502,1339,1,1,NULL,'2009-10-29 02:46:48','2009-10-29 02:46:48',1,44),(5503,1340,1,1,NULL,'2009-10-29 02:46:48','2009-10-29 02:46:48',1,44),(5504,1341,1,1,NULL,'2009-10-29 02:46:48','2009-10-29 02:46:48',1,44),(5505,1342,1,1,NULL,'2009-10-29 02:46:48','2009-10-29 02:46:48',1,44),(5506,1343,1,1,NULL,'2009-10-29 02:46:48','2009-10-29 02:46:48',1,44),(5507,1344,1,1,NULL,'2009-10-29 02:46:48','2009-10-29 02:46:48',1,44),(5508,1345,1,1,NULL,'2009-10-29 02:46:48','2009-10-29 02:46:48',1,44),(5509,1346,1,1,NULL,'2009-10-29 02:46:48','2009-10-29 02:46:48',1,44),(5510,1347,1,1,NULL,'2009-10-29 02:46:48','2009-10-29 02:46:48',1,44),(5511,1348,1,1,NULL,'2009-10-29 02:46:48','2009-10-29 02:46:48',1,44),(5512,1349,1,1,NULL,'2009-10-29 02:46:48','2009-10-29 02:46:48',1,44),(5513,1350,1,1,NULL,'2009-10-29 02:46:48','2009-10-29 02:46:48',1,44),(5514,1351,1,1,NULL,'2009-10-29 02:46:48','2009-10-29 02:46:48',1,44),(5515,1352,1,1,NULL,'2009-10-29 02:46:48','2009-10-29 02:46:48',1,44),(5516,1353,1,1,NULL,'2009-10-29 02:46:48','2009-10-29 02:46:48',1,44),(5517,1354,1,1,NULL,'2009-10-29 02:46:48','2009-10-29 02:46:48',1,44),(5518,1355,1,1,NULL,'2009-10-29 02:46:48','2009-10-29 02:46:48',1,44),(5519,1356,1,1,NULL,'2009-10-29 02:46:48','2009-10-29 02:46:48',1,44),(5520,1357,1,1,NULL,'2009-10-29 02:46:48','2009-10-29 02:46:48',1,44),(5521,1358,1,1,NULL,'2009-10-29 02:46:48','2009-10-29 02:46:48',1,44),(5522,1359,1,1,NULL,'2009-10-29 02:46:48','2009-10-29 02:46:48',1,44),(5523,1360,1,1,NULL,'2009-10-29 02:46:48','2009-10-29 02:46:48',1,44),(5524,1361,1,1,NULL,'2009-10-29 02:46:48','2009-10-29 02:46:48',1,44),(5525,1362,1,1,NULL,'2009-10-29 02:46:48','2009-10-29 02:46:48',1,44),(5526,1363,1,1,NULL,'2009-10-29 02:46:48','2009-10-29 02:46:48',1,44),(5527,1364,1,1,NULL,'2009-10-29 02:46:48','2009-10-29 02:46:48',1,44),(5528,1365,1,1,NULL,'2009-10-29 02:46:48','2009-10-29 02:46:48',1,44),(5529,1366,1,1,NULL,'2009-10-29 02:46:48','2009-10-29 02:46:48',1,44),(5530,1367,1,1,NULL,'2009-10-29 02:46:48','2009-10-29 02:46:48',1,44),(5531,1368,1,1,NULL,'2009-10-29 02:46:48','2009-10-29 02:46:48',1,44),(5532,1369,1,1,NULL,'2009-10-29 02:46:48','2009-10-29 02:46:48',1,44),(5533,1370,1,1,NULL,'2009-10-29 02:46:48','2009-10-29 02:46:48',1,44),(5534,1371,1,1,NULL,'2009-10-29 02:46:48','2009-10-29 02:46:48',1,44),(5535,1372,1,1,NULL,'2009-10-29 02:46:48','2009-10-29 02:46:48',1,44),(5536,1373,1,1,NULL,'2009-10-29 02:46:48','2009-10-29 02:46:48',1,44),(5537,1374,1,1,NULL,'2009-10-29 02:46:48','2009-10-29 02:46:48',1,44),(5538,1375,1,1,NULL,'2009-10-29 02:46:48','2009-10-29 02:46:48',1,44),(5539,1376,1,1,NULL,'2009-10-29 02:46:48','2009-10-29 02:46:48',1,44),(5540,1377,1,1,NULL,'2009-10-29 02:46:48','2009-10-29 02:46:48',1,44),(5541,1378,1,1,NULL,'2009-10-29 02:46:48','2009-10-29 02:46:48',1,44),(5542,1379,1,1,NULL,'2009-10-29 02:46:48','2009-10-29 02:46:48',1,44),(5543,1380,1,1,NULL,'2009-10-29 02:46:48','2009-10-29 02:46:48',1,44),(5544,1381,1,1,NULL,'2009-10-29 02:46:48','2009-10-29 02:46:48',1,44),(5545,1382,1,1,NULL,'2009-10-29 02:46:48','2009-10-29 02:46:48',1,44),(5546,1383,1,1,NULL,'2009-10-29 02:46:48','2009-10-29 02:46:48',1,44),(5547,1384,1,1,NULL,'2009-10-29 02:46:48','2009-10-29 02:46:48',1,44),(5548,1385,1,1,NULL,'2009-10-29 02:46:48','2009-10-29 02:46:48',1,44),(5549,1386,1,1,NULL,'2009-10-29 02:46:49','2009-10-29 02:46:49',1,44),(5550,1387,1,1,NULL,'2009-10-29 02:46:49','2009-10-29 02:46:49',1,44),(5551,1388,1,1,NULL,'2009-10-29 02:46:49','2009-10-29 02:46:49',1,44),(5552,1389,1,1,NULL,'2009-10-29 02:46:49','2009-10-29 02:46:49',1,44),(5553,1390,1,1,NULL,'2009-10-29 02:46:49','2009-10-29 02:46:49',1,44),(5554,1391,1,1,NULL,'2009-10-29 02:46:49','2009-10-29 02:46:49',1,44),(5555,1392,1,1,NULL,'2009-10-29 02:46:49','2009-10-29 02:46:49',1,44),(5556,1393,1,1,NULL,'2009-10-29 02:46:49','2009-10-29 02:46:49',1,44),(5557,1394,1,1,NULL,'2009-10-29 02:46:49','2009-10-29 02:46:49',1,44),(5558,1395,1,1,NULL,'2009-10-29 02:46:49','2009-10-29 02:46:49',1,44),(5559,1396,1,1,NULL,'2009-10-29 02:46:49','2009-10-29 02:46:49',1,44),(5560,1397,1,1,NULL,'2009-10-29 02:46:49','2009-10-29 02:46:49',1,44),(5561,1398,1,1,NULL,'2009-10-29 02:46:49','2009-10-29 02:46:49',1,44),(5562,1399,1,1,NULL,'2009-10-29 02:46:49','2009-10-29 02:46:49',1,44),(5563,1400,1,1,NULL,'2009-10-29 02:46:49','2009-10-29 02:46:49',1,44),(5564,1401,1,1,NULL,'2009-10-29 02:46:49','2009-10-29 02:46:49',1,44),(5565,1402,1,1,NULL,'2009-10-29 02:46:49','2009-10-29 02:46:49',1,44),(5566,1403,1,1,NULL,'2009-10-29 02:46:49','2009-10-29 02:46:49',1,44),(5567,1404,1,1,NULL,'2009-10-29 02:46:49','2009-10-29 02:46:49',1,44),(5568,1405,1,1,NULL,'2009-10-29 02:46:49','2009-10-29 02:46:49',1,44),(5569,1406,1,1,NULL,'2009-10-29 02:46:49','2009-10-29 02:46:49',1,44),(5570,1407,1,1,NULL,'2009-10-29 02:46:49','2009-10-29 02:46:49',1,44),(5571,1408,1,1,NULL,'2009-10-29 02:46:49','2009-10-29 02:46:49',1,44),(5572,1409,1,1,NULL,'2009-10-29 02:46:49','2009-10-29 02:46:49',1,44),(5573,1410,1,1,NULL,'2009-10-29 02:46:49','2009-10-29 02:46:49',1,44),(5574,1411,1,1,NULL,'2009-10-29 02:46:49','2009-10-29 02:46:49',1,44),(5575,1412,1,1,NULL,'2009-10-29 02:46:49','2009-10-29 02:46:49',1,44),(5576,1413,1,1,NULL,'2009-10-29 02:46:49','2009-10-29 02:46:49',1,44),(5577,1414,1,1,NULL,'2009-10-29 02:46:49','2009-10-29 02:46:49',1,44),(5578,1415,1,1,NULL,'2009-10-29 02:46:49','2009-10-29 02:46:49',1,44),(5579,1416,1,1,NULL,'2009-10-29 02:46:49','2009-10-29 02:46:49',1,44),(5580,1417,1,1,NULL,'2009-10-29 02:46:49','2009-10-29 02:46:49',1,44),(5581,1418,1,1,NULL,'2009-10-29 02:46:49','2009-10-29 02:46:49',1,44),(5582,1419,1,1,NULL,'2009-10-29 02:46:49','2009-10-29 02:46:49',1,44),(5583,1420,1,1,NULL,'2009-10-29 02:46:49','2009-10-29 02:46:49',1,44),(5584,1421,1,1,NULL,'2009-10-29 02:46:49','2009-10-29 02:46:49',1,44),(5585,1422,1,1,NULL,'2009-10-29 02:46:49','2009-10-29 02:46:49',1,44),(5586,1423,1,1,NULL,'2009-10-29 02:46:49','2009-10-29 02:46:49',1,44),(5587,1424,1,1,NULL,'2009-10-29 02:46:49','2009-10-29 02:46:49',1,44),(5588,1425,1,1,NULL,'2009-10-29 02:46:49','2009-10-29 02:46:49',1,44),(5589,1426,1,1,NULL,'2009-10-29 02:46:49','2009-10-29 02:46:49',1,44),(5590,1427,1,1,NULL,'2009-10-29 02:46:49','2009-10-29 02:46:49',1,44),(5591,1428,1,1,NULL,'2009-10-29 02:46:49','2009-10-29 02:46:49',1,44),(5592,1429,1,1,NULL,'2009-10-29 02:46:49','2009-10-29 02:46:49',1,44),(5593,1430,1,1,NULL,'2009-10-29 02:46:49','2009-10-29 02:46:49',1,44),(5594,1431,1,1,NULL,'2009-10-29 02:46:49','2009-10-29 02:46:49',1,44),(5595,1432,1,1,NULL,'2009-10-29 02:46:49','2009-10-29 02:46:49',1,44),(5596,1433,1,1,NULL,'2009-10-29 02:46:49','2009-10-29 02:46:49',1,44),(5597,1434,1,1,NULL,'2009-10-29 02:46:49','2009-10-29 02:46:49',1,44),(5598,1435,1,1,NULL,'2009-10-29 02:46:49','2009-10-29 02:46:49',1,44),(5599,1436,1,1,NULL,'2009-10-29 02:46:49','2009-10-29 02:46:49',1,44),(5600,1437,1,1,NULL,'2009-10-29 02:46:49','2009-10-29 02:46:49',1,44),(5601,1438,1,1,NULL,'2009-10-29 02:46:49','2009-10-29 02:46:49',1,44),(5602,1439,1,1,NULL,'2009-10-29 02:46:49','2009-10-29 02:46:49',1,44),(5603,1440,1,1,NULL,'2009-10-29 02:46:49','2009-10-29 02:46:49',1,44),(5604,1441,1,1,NULL,'2009-10-29 02:46:49','2009-10-29 02:46:49',1,44),(5605,1442,1,1,NULL,'2009-10-29 02:46:49','2009-10-29 02:46:49',1,44),(5606,1443,1,1,NULL,'2009-10-29 02:46:49','2009-10-29 02:46:49',1,44),(5607,1444,1,1,NULL,'2009-10-29 02:46:49','2009-10-29 02:46:49',1,44),(5608,1445,1,1,NULL,'2009-10-29 02:46:49','2009-10-29 02:46:49',1,44),(5609,1446,1,1,NULL,'2009-10-29 02:46:49','2009-10-29 02:46:49',1,44),(5610,1447,1,1,NULL,'2009-10-29 02:46:49','2009-10-29 02:46:49',1,44),(5611,1448,1,1,NULL,'2009-10-29 02:46:49','2009-10-29 02:46:49',1,44),(5612,1449,1,1,NULL,'2009-10-29 02:46:49','2009-10-29 02:46:49',1,44),(5613,1450,1,1,NULL,'2009-10-29 02:46:49','2009-10-29 02:46:49',1,44),(5614,1451,1,1,NULL,'2009-10-29 02:46:49','2009-10-29 02:46:49',1,44),(5615,1452,1,1,NULL,'2009-10-29 02:46:49','2009-10-29 02:46:49',1,44),(5616,1453,1,1,NULL,'2009-10-29 02:46:49','2009-10-29 02:46:49',1,44),(5617,1454,1,1,NULL,'2009-10-29 02:46:49','2009-10-29 02:46:49',1,44),(5618,1455,1,1,NULL,'2009-10-29 02:46:49','2009-10-29 02:46:49',1,44),(5619,1456,1,1,NULL,'2009-10-29 02:46:49','2009-10-29 02:46:49',1,44),(5620,1457,1,1,NULL,'2009-10-29 02:46:49','2009-10-29 02:46:49',1,44),(5621,1458,1,1,NULL,'2009-10-29 02:46:49','2009-10-29 02:46:49',1,44),(5622,1459,1,1,NULL,'2009-10-29 02:46:49','2009-10-29 02:46:49',1,44),(5623,1460,1,1,NULL,'2009-10-29 02:46:49','2009-10-29 02:46:49',1,44),(5624,1461,1,1,NULL,'2009-10-29 02:46:49','2009-10-29 02:46:49',1,44),(5625,1462,1,1,NULL,'2009-10-29 02:46:49','2009-10-29 02:46:49',1,44),(5626,1463,1,1,NULL,'2009-10-29 02:46:49','2009-10-29 02:46:49',1,44),(5627,1464,1,1,NULL,'2009-10-29 02:46:49','2009-10-29 02:46:49',1,44),(5628,1465,1,1,NULL,'2009-10-29 02:46:49','2009-10-29 02:46:49',1,44),(5629,1466,1,1,NULL,'2009-10-29 02:46:49','2009-10-29 02:46:49',1,44),(5630,1467,1,1,NULL,'2009-10-29 02:46:49','2009-10-29 02:46:49',1,44),(5631,1468,1,1,NULL,'2009-10-29 02:46:49','2009-10-29 02:46:49',1,44),(5632,1469,1,1,NULL,'2009-10-29 02:46:49','2009-10-29 02:46:49',1,44),(5633,1470,1,1,NULL,'2009-10-29 02:46:49','2009-10-29 02:46:49',1,44),(5634,1471,1,1,NULL,'2009-10-29 02:46:49','2009-10-29 02:46:49',1,44),(5635,1472,1,1,NULL,'2009-10-29 02:46:49','2009-10-29 02:46:49',1,44),(5636,1473,1,1,NULL,'2009-10-29 02:46:49','2009-10-29 02:46:49',1,44),(5637,1474,1,1,NULL,'2009-10-29 02:46:49','2009-10-29 02:46:49',1,44),(5638,1475,1,1,NULL,'2009-10-29 02:46:49','2009-10-29 02:46:49',1,44),(5639,1476,1,1,NULL,'2009-10-29 02:46:49','2009-10-29 02:46:49',1,44),(5640,1477,1,1,NULL,'2009-10-29 02:46:49','2009-10-29 02:46:49',1,44),(5641,1478,1,1,NULL,'2009-10-29 02:46:49','2009-10-29 02:46:49',1,44),(5642,1479,1,1,NULL,'2009-10-29 02:46:49','2009-10-29 02:46:49',1,44),(5643,1480,1,1,NULL,'2009-10-29 02:46:49','2009-10-29 02:46:49',1,44),(5644,1481,1,1,NULL,'2009-10-29 02:46:49','2009-10-29 02:46:49',1,44),(5645,1482,1,1,NULL,'2009-10-29 02:46:49','2009-10-29 02:46:49',1,44),(5646,1483,1,1,NULL,'2009-10-29 02:46:49','2009-10-29 02:46:49',1,44),(5647,1484,1,1,NULL,'2009-10-29 02:46:49','2009-10-29 02:46:49',1,44),(5648,1485,1,1,NULL,'2009-10-29 02:46:49','2009-10-29 02:46:49',1,44),(5649,1486,1,1,NULL,'2009-10-29 02:46:49','2009-10-29 02:46:49',1,44),(5650,1487,1,1,NULL,'2009-10-29 02:46:49','2009-10-29 02:46:49',1,44),(5651,1488,1,1,NULL,'2009-10-29 02:46:49','2009-10-29 02:46:49',1,44),(5652,1489,1,1,NULL,'2009-10-29 02:46:49','2009-10-29 02:46:49',1,44),(5653,1490,1,1,NULL,'2009-10-29 02:46:49','2009-10-29 02:46:49',1,44),(5654,1491,1,1,NULL,'2009-10-29 02:46:49','2009-10-29 02:46:49',1,44),(5655,1492,1,1,NULL,'2009-10-29 02:46:49','2009-10-29 02:46:49',1,44),(5656,1493,1,1,NULL,'2009-10-29 02:46:49','2009-10-29 02:46:49',1,44),(5657,1494,1,1,NULL,'2009-10-29 02:46:49','2009-10-29 02:46:49',1,44),(5658,1495,1,1,NULL,'2009-10-29 02:46:49','2009-10-29 02:46:49',1,44),(5659,1496,1,1,NULL,'2009-10-29 02:46:49','2009-10-29 02:46:49',1,44),(5660,1497,1,1,NULL,'2009-10-29 02:46:49','2009-10-29 02:46:49',1,44),(5661,1498,1,1,NULL,'2009-10-29 02:46:49','2009-10-29 02:46:49',1,44),(5662,1499,1,1,NULL,'2009-10-29 02:46:49','2009-10-29 02:46:49',1,44),(5663,1500,1,1,NULL,'2009-10-29 02:46:49','2009-10-29 02:46:49',1,44),(5664,1501,1,1,NULL,'2009-10-29 02:46:49','2009-10-29 02:46:49',1,44),(5665,1502,1,1,NULL,'2009-10-29 02:46:49','2009-10-29 02:46:49',1,44),(5666,1503,1,1,NULL,'2009-10-29 02:46:49','2009-10-29 02:46:49',1,44),(5667,1504,1,1,NULL,'2009-10-29 02:46:49','2009-10-29 02:46:49',1,44),(5668,1505,1,1,NULL,'2009-10-29 02:46:49','2009-10-29 02:46:49',1,44),(5669,1506,1,1,NULL,'2009-10-29 02:46:49','2009-10-29 02:46:49',1,44),(5670,1507,1,1,NULL,'2009-10-29 02:46:49','2009-10-29 02:46:49',1,44),(5671,1508,1,1,NULL,'2009-10-29 02:46:49','2009-10-29 02:46:49',1,44),(5672,1509,1,1,NULL,'2009-10-29 02:46:49','2009-10-29 02:46:49',1,44),(5673,1510,1,1,NULL,'2009-10-29 02:46:49','2009-10-29 02:46:49',1,44),(5674,1511,1,1,NULL,'2009-10-29 02:46:49','2009-10-29 02:46:49',1,44),(5675,1512,1,1,NULL,'2009-10-29 02:46:49','2009-10-29 02:46:49',1,44),(5676,1513,1,1,NULL,'2009-10-29 02:46:49','2009-10-29 02:46:49',1,44),(5677,1514,1,1,NULL,'2009-10-29 02:46:49','2009-10-29 02:46:49',1,44),(5678,1515,1,1,NULL,'2009-10-29 02:46:49','2009-10-29 02:46:49',1,44),(5679,1516,1,1,NULL,'2009-10-29 02:46:49','2009-10-29 02:46:49',1,44),(5680,1517,1,1,NULL,'2009-10-29 02:46:49','2009-10-29 02:46:49',1,44),(5681,1518,1,1,NULL,'2009-10-29 02:46:49','2009-10-29 02:46:49',1,44),(5682,1519,1,1,NULL,'2009-10-29 02:46:49','2009-10-29 02:46:49',1,44),(5683,1520,1,1,NULL,'2009-10-29 02:46:49','2009-10-29 02:46:49',1,44),(5684,1521,1,1,NULL,'2009-10-29 02:46:49','2009-10-29 02:46:49',1,44),(5685,1522,1,1,NULL,'2009-10-29 02:46:49','2009-10-29 02:46:49',1,44),(5686,1523,1,1,NULL,'2009-10-29 02:46:49','2009-10-29 02:46:49',1,44),(5687,1524,1,1,NULL,'2009-10-29 02:46:49','2009-10-29 02:46:49',1,44),(5688,1525,1,1,NULL,'2009-10-29 02:46:50','2009-10-29 02:46:50',1,44),(5689,1526,1,1,NULL,'2009-10-29 02:46:50','2009-10-29 02:46:50',1,44),(5690,1527,1,1,NULL,'2009-10-29 02:46:50','2009-10-29 02:46:50',1,44),(5691,1528,1,1,NULL,'2009-10-29 02:46:50','2009-10-29 02:46:50',1,44),(5692,1529,1,1,NULL,'2009-10-29 02:46:50','2009-10-29 02:46:50',1,44),(5693,1530,1,1,NULL,'2009-10-29 02:46:50','2009-10-29 02:46:50',1,44),(5694,1531,1,1,NULL,'2009-10-29 02:46:50','2009-10-29 02:46:50',1,44),(5695,1532,1,1,NULL,'2009-10-29 02:46:50','2009-10-29 02:46:50',1,44),(5696,1533,1,1,NULL,'2009-10-29 02:46:50','2009-10-29 02:46:50',1,44),(5697,1534,1,1,NULL,'2009-10-29 02:46:50','2009-10-29 02:46:50',1,44),(5698,1535,1,1,NULL,'2009-10-29 02:46:50','2009-10-29 02:46:50',1,44),(5699,1536,1,1,NULL,'2009-10-29 02:46:50','2009-10-29 02:46:50',1,44),(5700,1537,1,1,NULL,'2009-10-29 02:46:50','2009-10-29 02:46:50',1,44),(5701,1538,1,1,NULL,'2009-10-29 02:46:50','2009-10-29 02:46:50',1,44),(5702,1539,1,1,NULL,'2009-10-29 02:46:50','2009-10-29 02:46:50',1,44),(5703,1540,1,1,NULL,'2009-10-29 02:46:50','2009-10-29 02:46:50',1,44),(5704,1541,1,1,NULL,'2009-10-29 02:46:50','2009-10-29 02:46:50',1,44),(5705,1542,1,1,NULL,'2009-10-29 02:46:50','2009-10-29 02:46:50',1,44),(5706,1543,1,1,NULL,'2009-10-29 02:46:50','2009-10-29 02:46:50',1,44),(5707,1544,1,1,NULL,'2009-10-29 02:46:50','2009-10-29 02:46:50',1,44),(5708,1545,1,1,NULL,'2009-10-29 02:46:50','2009-10-29 02:46:50',1,44),(5709,1546,0,1,'This source incorrectly places Sumter in Lisbon, which was not the capital of the Portuguese Empire at the time.  It also lists Sumter as a Minister Resident.','2009-10-29 02:46:50','2011-02-10 03:35:42',1,44),(5710,1547,1,1,NULL,'2009-10-29 02:46:50','2009-10-29 02:46:50',1,44),(5711,1548,1,1,NULL,'2009-10-29 02:46:50','2009-10-29 02:46:50',1,44),(5712,1549,1,1,NULL,'2009-10-29 02:46:50','2009-10-29 02:46:50',1,44),(5713,1550,1,1,NULL,'2009-10-29 02:46:50','2009-10-29 02:46:50',1,44),(5714,1551,1,1,NULL,'2009-10-29 02:46:50','2009-10-29 02:46:50',1,44),(5715,1552,1,1,NULL,'2009-10-29 02:46:50','2009-10-29 02:46:50',1,44),(5716,1553,1,1,NULL,'2009-10-29 02:46:50','2009-10-29 02:46:50',1,44),(5717,1554,1,1,NULL,'2009-10-29 02:46:50','2009-10-29 02:46:50',1,44),(5718,1555,1,1,NULL,'2009-10-29 02:46:50','2009-10-29 02:46:50',1,44),(5719,1556,1,1,NULL,'2009-10-29 02:46:50','2009-10-29 02:46:50',1,44),(5720,1557,1,1,NULL,'2009-10-29 02:46:50','2009-10-29 02:46:50',1,44),(5721,1558,1,1,NULL,'2009-10-29 02:46:50','2009-10-29 02:46:50',1,44),(5722,1559,1,1,NULL,'2009-10-29 02:46:50','2009-10-29 02:46:50',1,44),(5723,1560,1,1,NULL,'2009-10-29 02:46:50','2009-10-29 02:46:50',1,44),(5724,1561,1,1,NULL,'2009-10-29 02:46:50','2009-10-29 02:46:50',1,44),(5725,1562,1,1,NULL,'2009-10-29 02:46:50','2009-10-29 02:46:50',1,44),(5726,1563,1,1,NULL,'2009-10-29 02:46:50','2009-10-29 02:46:50',1,44),(5727,1564,1,1,NULL,'2009-10-29 02:46:50','2009-10-29 02:46:50',1,44),(5728,1565,1,1,NULL,'2009-10-29 02:46:50','2009-10-29 02:46:50',1,44),(5729,1566,1,1,NULL,'2009-10-29 02:46:50','2009-10-29 02:46:50',1,44),(5730,1567,1,1,NULL,'2009-10-29 02:46:50','2009-10-29 02:46:50',1,44),(5731,1568,1,1,NULL,'2009-10-29 02:46:50','2009-10-29 02:46:50',1,44),(5732,1569,1,1,NULL,'2009-10-29 02:46:50','2009-10-29 02:46:50',1,44),(5733,1570,1,1,NULL,'2009-10-29 02:46:50','2009-10-29 02:46:50',1,44),(5734,1571,1,1,NULL,'2009-10-29 02:46:50','2009-10-29 02:46:50',1,44),(5735,1572,1,1,NULL,'2009-10-29 02:46:50','2009-10-29 02:46:50',1,44),(5736,1573,1,1,NULL,'2009-10-29 02:46:50','2009-10-29 02:46:50',1,44),(5737,1574,1,1,NULL,'2009-10-29 02:46:50','2009-10-29 02:46:50',1,44),(5738,1575,1,1,NULL,'2009-10-29 02:46:50','2009-10-29 02:46:50',1,44),(5739,1576,1,1,NULL,'2009-10-29 02:46:50','2009-10-29 02:46:50',1,44),(5740,1577,1,1,NULL,'2009-10-29 02:46:50','2009-10-29 02:46:50',1,44),(5741,1578,1,1,NULL,'2009-10-29 02:46:50','2009-10-29 02:46:50',1,44),(5742,1579,1,1,NULL,'2009-10-29 02:46:50','2009-10-29 02:46:50',1,44),(5743,1580,1,1,NULL,'2009-10-29 02:46:50','2009-10-29 02:46:50',1,44),(5744,1581,1,1,NULL,'2009-10-29 02:46:50','2009-10-29 02:46:50',1,44),(5745,1582,1,1,NULL,'2009-10-29 02:46:50','2009-10-29 02:46:50',1,44),(5746,1583,1,1,NULL,'2009-10-29 02:46:50','2009-10-29 02:46:50',1,44),(5747,1584,1,1,NULL,'2009-10-29 02:46:50','2009-10-29 02:46:50',1,44),(5748,1585,1,1,NULL,'2009-10-29 02:46:50','2009-10-29 02:46:50',1,44),(5749,1586,1,1,NULL,'2009-10-29 02:46:50','2009-10-29 02:46:50',1,44),(5750,1587,1,1,NULL,'2009-10-29 02:46:50','2009-10-29 02:46:50',1,44),(5751,1588,1,1,NULL,'2009-10-29 02:46:50','2009-10-29 02:46:50',1,44),(5752,1589,1,1,NULL,'2009-10-29 02:46:50','2009-10-29 02:46:50',1,44),(5753,1590,1,1,NULL,'2009-10-29 02:46:50','2009-10-29 02:46:50',1,44),(5754,1591,1,1,NULL,'2009-10-29 02:46:50','2009-10-29 02:46:50',1,44),(5755,1592,1,1,NULL,'2009-10-29 02:46:50','2009-10-29 02:46:50',1,44),(5756,1593,1,1,NULL,'2009-10-29 02:46:50','2009-10-29 02:46:50',1,44),(5757,1594,1,1,NULL,'2009-10-29 02:46:50','2009-10-29 02:46:50',1,44),(5758,1595,1,1,NULL,'2009-10-29 02:46:50','2009-10-29 02:46:50',1,44),(5759,1596,1,1,NULL,'2009-10-29 02:46:50','2009-10-29 02:46:50',1,44),(5760,1597,1,1,NULL,'2009-10-29 02:46:50','2009-10-29 02:46:50',1,44),(5761,1598,1,1,NULL,'2009-10-29 02:46:50','2009-10-29 02:46:50',1,44),(5762,1599,1,1,NULL,'2009-10-29 02:46:50','2009-10-29 02:46:50',1,44),(5763,1600,1,1,NULL,'2009-10-29 02:46:50','2009-10-29 02:46:50',1,44),(5764,1601,1,1,NULL,'2009-10-29 02:46:50','2009-10-29 02:46:50',1,44),(5765,1602,1,1,NULL,'2009-10-29 02:46:50','2009-10-29 02:46:50',1,44),(5766,1603,1,1,NULL,'2009-10-29 02:46:50','2009-10-29 02:46:50',1,44),(5767,1604,1,1,NULL,'2009-10-29 02:46:50','2009-10-29 02:46:50',1,44),(5768,1605,1,1,NULL,'2009-10-29 02:46:50','2009-10-29 02:46:50',1,44),(5769,1606,1,1,NULL,'2009-10-29 02:46:50','2009-10-29 02:46:50',1,44),(5770,1607,1,1,NULL,'2009-10-29 02:46:50','2009-10-29 02:46:50',1,44),(5771,1608,1,1,NULL,'2009-10-29 02:46:50','2009-10-29 02:46:50',1,44),(5772,1609,1,1,NULL,'2009-10-29 02:46:50','2009-10-29 02:46:50',1,44),(5773,1610,1,1,NULL,'2009-10-29 02:46:50','2009-10-29 02:46:50',1,44),(5774,1611,1,1,NULL,'2009-10-29 02:46:50','2009-10-29 02:46:50',1,44),(5775,1612,1,1,NULL,'2009-10-29 02:46:50','2009-10-29 02:46:50',1,44),(5776,1613,1,1,NULL,'2009-10-29 02:46:50','2009-10-29 02:46:50',1,44),(5777,1614,1,1,NULL,'2009-10-29 02:46:50','2009-10-29 02:46:50',1,44),(5778,1615,1,1,NULL,'2009-10-29 02:46:50','2009-10-29 02:46:50',1,44),(5779,1616,1,1,NULL,'2009-10-29 02:46:50','2009-10-29 02:46:50',1,44),(5780,1617,1,1,NULL,'2009-10-29 02:46:50','2009-10-29 02:46:50',1,44),(5781,1618,1,1,NULL,'2009-10-29 02:46:50','2009-10-29 02:46:50',1,44),(5782,1619,1,1,NULL,'2009-10-29 02:46:50','2009-10-29 02:46:50',1,44),(5783,1620,1,1,NULL,'2009-10-29 02:46:50','2009-10-29 02:46:50',1,44),(5784,1621,1,1,NULL,'2009-10-29 02:46:50','2009-10-29 02:46:50',1,44),(5785,1622,1,1,NULL,'2009-10-29 02:46:50','2009-10-29 02:46:50',1,44),(5786,1623,1,1,NULL,'2009-10-29 02:46:50','2009-10-29 02:46:50',1,44),(5787,1624,1,1,NULL,'2009-10-29 02:46:50','2009-10-29 02:46:50',1,44),(5788,1625,1,1,NULL,'2009-10-29 02:46:50','2009-10-29 02:46:50',1,44),(5789,1626,1,1,NULL,'2009-10-29 02:46:50','2009-10-29 02:46:50',1,44),(5790,1627,1,1,NULL,'2009-10-29 02:46:50','2009-10-29 02:46:50',1,44),(5791,1628,1,1,NULL,'2009-10-29 02:46:50','2009-10-29 02:46:50',1,44),(5792,1629,1,1,NULL,'2009-10-29 02:46:50','2009-10-29 02:46:50',1,44),(5793,1630,1,1,NULL,'2009-10-29 02:46:50','2009-10-29 02:46:50',1,44),(5794,1631,1,1,NULL,'2009-10-29 02:46:50','2009-10-29 02:46:50',1,44),(5795,1632,1,1,NULL,'2009-10-29 02:46:50','2009-10-29 02:46:50',1,44),(5796,1633,1,1,NULL,'2009-10-29 02:46:50','2009-10-29 02:46:50',1,44),(5797,1634,1,1,NULL,'2009-10-29 02:46:50','2009-10-29 02:46:50',1,44),(5798,1635,1,1,NULL,'2009-10-29 02:46:50','2009-10-29 02:46:50',1,44),(5799,1636,1,1,NULL,'2009-10-29 02:46:50','2009-10-29 02:46:50',1,44),(5800,1637,1,1,NULL,'2009-10-29 02:46:50','2009-10-29 02:46:50',1,44),(5801,1638,1,1,NULL,'2009-10-29 02:46:50','2009-10-29 02:46:50',1,44),(5802,1639,1,1,NULL,'2009-10-29 02:46:50','2009-10-29 02:46:50',1,44),(5803,1640,1,1,NULL,'2009-10-29 02:46:50','2009-10-29 02:46:50',1,44),(5804,1641,1,1,NULL,'2009-10-29 02:46:50','2009-10-29 02:46:50',1,44),(5805,1642,1,1,NULL,'2009-10-29 02:46:50','2009-10-29 02:46:50',1,44),(5806,1643,1,1,NULL,'2009-10-29 02:46:50','2009-10-29 02:46:50',1,44),(5807,1644,1,1,NULL,'2009-10-29 02:46:50','2009-10-29 02:46:50',1,44),(5808,1645,1,1,NULL,'2009-10-29 02:46:50','2009-10-29 02:46:50',1,44),(5809,1646,1,1,NULL,'2009-10-29 02:46:50','2009-10-29 02:46:50',1,44),(5810,1647,1,1,NULL,'2009-10-29 02:46:50','2009-10-29 02:46:50',1,44),(5811,1648,1,1,NULL,'2009-10-29 02:46:50','2009-10-29 02:46:50',1,44),(5812,1649,1,1,NULL,'2009-10-29 02:46:50','2009-10-29 02:46:50',1,44),(5813,1650,1,1,NULL,'2009-10-29 02:46:50','2009-10-29 02:46:50',1,44),(5814,1651,1,1,NULL,'2009-10-29 02:46:50','2009-10-29 02:46:50',1,44),(5815,1652,1,1,NULL,'2009-10-29 02:46:50','2009-10-29 02:46:50',1,44),(5816,1653,1,1,NULL,'2009-10-29 02:46:50','2009-10-29 02:46:50',1,44),(5817,1654,1,1,NULL,'2009-10-29 02:46:50','2009-10-29 02:46:50',1,44),(5818,1655,1,1,NULL,'2009-10-29 02:46:50','2009-10-29 02:46:50',1,44),(5819,1656,1,1,NULL,'2009-10-29 02:46:50','2009-10-29 02:46:50',1,44),(5820,1657,1,1,NULL,'2009-10-29 02:46:50','2009-10-29 02:46:50',1,44),(5821,1658,1,1,NULL,'2009-10-29 02:46:50','2009-10-29 02:46:50',1,44),(5822,1659,1,1,NULL,'2009-10-29 02:46:50','2009-10-29 02:46:50',1,44),(5823,1660,1,1,NULL,'2009-10-29 02:46:50','2009-10-29 02:46:50',1,44),(5824,1661,1,1,NULL,'2009-10-29 02:46:50','2009-10-29 02:46:50',1,44),(5825,1662,1,1,NULL,'2009-10-29 02:46:50','2009-10-29 02:46:50',1,44),(5826,1663,1,1,NULL,'2009-10-29 02:46:50','2009-10-29 02:46:50',1,44),(5827,1664,1,1,NULL,'2009-10-29 02:46:50','2009-10-29 02:46:50',1,44),(5828,1665,1,1,NULL,'2009-10-29 02:46:50','2009-10-29 02:46:50',1,44),(5829,1666,1,1,NULL,'2009-10-29 02:46:50','2009-10-29 02:46:50',1,44),(5830,1667,1,1,NULL,'2009-10-29 02:46:50','2009-10-29 02:46:50',1,44),(5831,1668,1,1,NULL,'2009-10-29 02:46:50','2009-10-29 02:46:50',1,44),(5832,1669,1,1,NULL,'2009-10-29 02:46:50','2009-10-29 02:46:50',1,44),(5833,1670,1,1,NULL,'2009-10-29 02:46:50','2009-10-29 02:46:50',1,44),(5834,1671,1,1,NULL,'2009-10-29 02:46:50','2009-10-29 02:46:50',1,44),(5835,1672,1,1,NULL,'2009-10-29 02:46:50','2009-10-29 02:46:50',1,44),(5836,1673,1,1,NULL,'2009-10-29 02:46:50','2009-10-29 02:46:50',1,44),(5837,1674,1,1,NULL,'2009-10-29 02:46:50','2009-10-29 02:46:50',1,44),(5838,1675,1,1,NULL,'2009-10-29 02:46:50','2009-10-29 02:46:50',1,44),(5839,1676,1,1,NULL,'2009-10-29 02:46:50','2009-10-29 02:46:50',1,44),(5840,1677,1,1,NULL,'2009-10-29 02:46:50','2009-10-29 02:46:50',1,44),(5841,1678,1,1,NULL,'2009-10-29 02:46:50','2009-10-29 02:46:50',1,44),(5842,1679,1,1,NULL,'2009-10-29 02:46:51','2009-10-29 02:46:51',1,44),(5843,1680,1,1,NULL,'2009-10-29 02:46:51','2009-10-29 02:46:51',1,44),(5844,1681,1,1,NULL,'2009-10-29 02:46:51','2009-10-29 02:46:51',1,44),(5845,1682,1,1,NULL,'2009-10-29 02:46:51','2009-10-29 02:46:51',1,44),(5846,1683,1,1,NULL,'2009-10-29 02:46:51','2009-10-29 02:46:51',1,44),(5847,1684,1,1,NULL,'2009-10-29 02:46:51','2009-10-29 02:46:51',1,44),(5848,1685,1,1,NULL,'2009-10-29 02:46:51','2009-10-29 02:46:51',1,44),(5849,1686,1,1,NULL,'2009-10-29 02:46:51','2009-10-29 02:46:51',1,44),(5850,1687,1,1,NULL,'2009-10-29 02:46:51','2009-10-29 02:46:51',1,44),(5851,1688,1,1,NULL,'2009-10-29 02:46:51','2009-10-29 02:46:51',1,44),(5852,1689,1,1,NULL,'2009-10-29 02:46:51','2009-10-29 02:46:51',1,44),(5853,1690,1,1,NULL,'2009-10-29 02:46:51','2009-10-29 02:46:51',1,44),(5854,1691,1,1,NULL,'2009-10-29 02:46:51','2009-10-29 02:46:51',1,44),(5855,1692,1,1,NULL,'2009-10-29 02:46:51','2009-10-29 02:46:51',1,44),(5856,1693,1,1,NULL,'2009-10-29 02:46:51','2009-10-29 02:46:51',1,44),(5857,1694,1,1,NULL,'2009-10-29 02:46:51','2009-10-29 02:46:51',1,44),(5858,1695,1,1,NULL,'2009-10-29 02:46:51','2009-10-29 02:46:51',1,44),(5859,1696,1,1,NULL,'2009-10-29 02:46:51','2009-10-29 02:46:51',1,44),(5860,1697,1,1,NULL,'2009-10-29 02:46:51','2009-10-29 02:46:51',1,44),(5861,1698,1,1,NULL,'2009-10-29 02:46:51','2009-10-29 02:46:51',1,44),(5862,1699,1,1,NULL,'2009-10-29 02:46:51','2009-10-29 02:46:51',1,44),(5863,1700,1,1,NULL,'2009-10-29 02:46:51','2009-10-29 02:46:51',1,44),(5864,1701,1,1,NULL,'2009-10-29 02:46:51','2009-10-29 02:46:51',1,44),(5865,1702,1,1,NULL,'2009-10-29 02:46:51','2009-10-29 02:46:51',1,44),(5866,1703,1,1,NULL,'2009-10-29 02:46:51','2009-10-29 02:46:51',1,44),(5867,1704,1,1,NULL,'2009-10-29 02:46:51','2009-10-29 02:46:51',1,44),(5868,1705,1,1,NULL,'2009-10-29 02:46:51','2009-10-29 02:46:51',1,44),(5869,1706,1,1,NULL,'2009-10-29 02:46:51','2009-10-29 02:46:51',1,44),(5870,1707,1,1,NULL,'2009-10-29 02:46:51','2009-10-29 02:46:51',1,44),(5871,1708,1,1,NULL,'2009-10-29 02:46:51','2009-10-29 02:46:51',1,44),(5872,1709,1,1,NULL,'2009-10-29 02:46:51','2009-10-29 02:46:51',1,44),(5873,1710,1,1,NULL,'2009-10-29 02:46:51','2009-10-29 02:46:51',1,44),(5874,1711,1,1,NULL,'2009-10-29 02:46:51','2009-10-29 02:46:51',1,44),(5875,1712,1,1,NULL,'2009-10-29 02:46:51','2009-10-29 02:46:51',1,44),(5876,1713,1,1,NULL,'2009-10-29 02:46:51','2009-10-29 02:46:51',1,44),(5877,1714,1,1,NULL,'2009-10-29 02:46:51','2009-10-29 02:46:51',1,44),(5878,1715,1,1,NULL,'2009-10-29 02:46:51','2009-10-29 02:46:51',1,44),(5879,1716,1,1,NULL,'2009-10-29 02:46:51','2009-10-29 02:46:51',1,44),(5880,1717,1,1,NULL,'2009-10-29 02:46:51','2009-10-29 02:46:51',1,44),(5881,1718,1,1,NULL,'2009-10-29 02:46:51','2009-10-29 02:46:51',1,44),(5882,1719,1,1,NULL,'2009-10-29 02:46:51','2009-10-29 02:46:51',1,44),(5883,1720,1,1,NULL,'2009-10-29 02:46:51','2009-10-29 02:46:51',1,44),(5884,1721,1,1,NULL,'2009-10-29 02:46:51','2009-10-29 02:46:51',1,44),(5885,1722,1,1,NULL,'2009-10-29 02:46:51','2009-10-29 02:46:51',1,44),(5886,1723,1,1,NULL,'2009-10-29 02:46:51','2009-10-29 02:46:51',1,44),(5887,1724,1,1,NULL,'2009-10-29 02:46:51','2009-10-29 02:46:51',1,44),(5888,1725,1,1,NULL,'2009-10-29 02:46:51','2009-10-29 02:46:51',1,44),(5889,1726,1,1,NULL,'2009-10-29 02:46:51','2009-10-29 02:46:51',1,44),(5890,1727,1,1,NULL,'2009-10-29 02:46:51','2009-10-29 02:46:51',1,44),(5891,1728,1,1,NULL,'2009-10-29 02:46:51','2009-10-29 02:46:51',1,44),(5892,1729,1,1,NULL,'2009-10-29 02:46:51','2009-10-29 02:46:51',1,44),(5893,1730,1,1,NULL,'2009-10-29 02:46:51','2009-10-29 02:46:51',1,44),(5894,1731,1,1,NULL,'2009-10-29 02:46:51','2009-10-29 02:46:51',1,44),(5895,1732,1,1,NULL,'2009-10-29 02:46:51','2009-10-29 02:46:51',1,44),(5896,1733,1,1,NULL,'2009-10-29 02:46:51','2009-10-29 02:46:51',1,44),(5897,1734,1,1,NULL,'2009-10-29 02:46:51','2009-10-29 02:46:51',1,44),(5898,1735,1,1,NULL,'2009-10-29 02:46:51','2009-10-29 02:46:51',1,44),(5899,1736,1,1,NULL,'2009-10-29 02:46:51','2009-10-29 02:46:51',1,44),(5900,1737,1,1,NULL,'2009-10-29 02:46:51','2009-10-29 02:46:51',1,44),(5901,1738,1,1,NULL,'2009-10-29 02:46:51','2009-10-29 02:46:51',1,44),(5902,1739,1,1,NULL,'2009-10-29 02:46:51','2009-10-29 02:46:51',1,44),(5903,1740,1,1,NULL,'2009-10-29 02:46:51','2009-10-29 02:46:51',1,44),(5904,1741,1,1,NULL,'2009-10-29 02:46:51','2009-10-29 02:46:51',1,44),(5905,1742,1,1,NULL,'2009-10-29 02:46:51','2009-10-29 02:46:51',1,44),(5906,1743,1,1,NULL,'2009-10-29 02:46:51','2009-10-29 02:46:51',1,44),(5907,1744,1,1,NULL,'2009-10-29 02:46:51','2009-10-29 02:46:51',1,44),(5908,1745,1,1,NULL,'2009-10-29 02:46:51','2009-10-29 02:46:51',1,44),(5909,1746,1,1,NULL,'2009-10-29 02:46:51','2009-10-29 02:46:51',1,44),(5910,1747,1,1,NULL,'2009-10-29 02:46:51','2009-10-29 02:46:51',1,44),(5911,1748,1,1,NULL,'2009-10-29 02:46:51','2009-10-29 02:46:51',1,44),(5912,1749,1,1,NULL,'2009-10-29 02:46:51','2009-10-29 02:46:51',1,44),(5913,1750,1,1,NULL,'2009-10-29 02:46:51','2009-10-29 02:46:51',1,44),(5914,1751,1,1,NULL,'2009-10-29 02:46:51','2009-10-29 02:46:51',1,44),(5915,1752,1,1,NULL,'2009-10-29 02:46:51','2009-10-29 02:46:51',1,44),(5916,1753,1,1,NULL,'2009-10-29 02:46:51','2009-10-29 02:46:51',1,44),(5917,1754,1,1,NULL,'2009-10-29 02:46:51','2009-10-29 02:46:51',1,44),(5918,1755,1,1,NULL,'2009-10-29 02:46:51','2009-10-29 02:46:51',1,44),(5919,1756,1,1,NULL,'2009-10-29 02:46:51','2009-10-29 02:46:51',1,44),(5920,1757,1,1,NULL,'2009-10-29 02:46:51','2009-10-29 02:46:51',1,44),(5921,1758,1,1,NULL,'2009-10-29 02:46:51','2009-10-29 02:46:51',1,44),(5922,1759,1,1,NULL,'2009-10-29 02:46:51','2009-10-29 02:46:51',1,44),(5923,1760,1,1,NULL,'2009-10-29 02:46:51','2009-10-29 02:46:51',1,44),(5924,1761,1,1,NULL,'2009-10-29 02:46:51','2009-10-29 02:46:51',1,44),(5925,1762,1,1,NULL,'2009-10-29 02:46:51','2009-10-29 02:46:51',1,44),(5926,1763,1,1,NULL,'2009-10-29 02:46:51','2009-10-29 02:46:51',1,44),(5927,1764,1,1,NULL,'2009-10-29 02:46:51','2009-10-29 02:46:51',1,44),(5928,1765,1,1,NULL,'2009-10-29 02:46:51','2009-10-29 02:46:51',1,44),(5929,1766,1,1,NULL,'2009-10-29 02:46:51','2009-10-29 02:46:51',1,44),(5930,1767,1,1,NULL,'2009-10-29 02:46:51','2009-10-29 02:46:51',1,44),(5931,1768,1,1,NULL,'2009-10-29 02:46:51','2009-10-29 02:46:51',1,44),(5932,1769,1,1,NULL,'2009-10-29 02:46:51','2009-10-29 02:46:51',1,44),(5933,1770,1,1,NULL,'2009-10-29 02:46:51','2009-10-29 02:46:51',1,44),(5934,1771,1,1,NULL,'2009-10-29 02:46:51','2009-10-29 02:46:51',1,44),(5935,1772,1,1,NULL,'2009-10-29 02:46:51','2009-10-29 02:46:51',1,44),(5936,1773,1,1,NULL,'2009-10-29 02:46:51','2009-10-29 02:46:51',1,44),(5937,1774,1,1,NULL,'2009-10-29 02:46:51','2009-10-29 02:46:51',1,44),(5938,1775,1,1,NULL,'2009-10-29 02:46:51','2009-10-29 02:46:51',1,44),(5939,1776,1,1,NULL,'2009-10-29 02:46:51','2009-10-29 02:46:51',1,44),(5940,1777,1,1,NULL,'2009-10-29 02:46:51','2009-10-29 02:46:51',1,44),(5941,1778,1,1,NULL,'2009-10-29 02:46:51','2009-10-29 02:46:51',1,44),(5942,1779,1,1,NULL,'2009-10-29 02:46:51','2009-10-29 02:46:51',1,44),(5943,1780,1,1,NULL,'2009-10-29 02:46:51','2009-10-29 02:46:51',1,44),(5944,1781,1,1,NULL,'2009-10-29 02:46:51','2009-10-29 02:46:51',1,44),(5945,1782,1,1,NULL,'2009-10-29 02:46:51','2009-10-29 02:46:51',1,44),(5946,1783,1,1,NULL,'2009-10-29 02:46:51','2009-10-29 02:46:51',1,44),(5947,1784,1,1,NULL,'2009-10-29 02:46:51','2009-10-29 02:46:51',1,44),(5948,1785,1,1,NULL,'2009-10-29 02:46:51','2009-10-29 02:46:51',1,44),(5949,1786,1,1,NULL,'2009-10-29 02:46:51','2009-10-29 02:46:51',1,44),(5950,1787,1,1,NULL,'2009-10-29 02:46:51','2009-10-29 02:46:51',1,44),(5951,1788,1,1,NULL,'2009-10-29 02:46:51','2009-10-29 02:46:51',1,44),(5952,1789,1,1,NULL,'2009-10-29 02:46:51','2009-10-29 02:46:51',1,44),(5953,1790,1,1,NULL,'2009-10-29 02:46:51','2009-10-29 02:46:51',1,44),(5954,1791,1,1,NULL,'2009-10-29 02:46:51','2009-10-29 02:46:51',1,44),(5955,1792,1,1,NULL,'2009-10-29 02:46:51','2009-10-29 02:46:51',1,44),(5956,1793,1,1,NULL,'2009-10-29 02:46:51','2009-10-29 02:46:51',1,44),(5957,1794,1,1,NULL,'2009-10-29 02:46:51','2009-10-29 02:46:51',1,44),(5958,1795,1,1,NULL,'2009-10-29 02:46:51','2009-10-29 02:46:51',1,44),(5959,1796,1,1,NULL,'2009-10-29 02:46:51','2009-10-29 02:46:51',1,44),(5960,1797,1,1,NULL,'2009-10-29 02:46:51','2009-10-29 02:46:51',1,44),(5961,1798,1,1,NULL,'2009-10-29 02:46:51','2009-10-29 02:46:51',1,44),(5962,1799,1,1,NULL,'2009-10-29 02:46:51','2009-10-29 02:46:51',1,44),(5963,1800,1,1,NULL,'2009-10-29 02:46:51','2009-10-29 02:46:51',1,44),(5964,1801,1,1,NULL,'2009-10-29 02:46:51','2009-10-29 02:46:51',1,44),(5965,1802,1,1,NULL,'2009-10-29 02:46:51','2009-10-29 02:46:51',1,44),(5966,1803,1,1,NULL,'2009-10-29 02:46:51','2009-10-29 02:46:51',1,44),(5967,1804,1,1,NULL,'2009-10-29 02:46:51','2009-10-29 02:46:51',1,44),(5968,1805,1,1,NULL,'2009-10-29 02:46:51','2009-10-29 02:46:51',1,44),(5969,1806,1,1,NULL,'2009-10-29 02:46:51','2009-10-29 02:46:51',1,44),(5970,1807,1,1,NULL,'2009-10-29 02:46:51','2009-10-29 02:46:51',1,44),(5971,1808,1,1,NULL,'2009-10-29 02:46:51','2009-10-29 02:46:51',1,44),(5972,1809,1,1,NULL,'2009-10-29 02:46:51','2009-10-29 02:46:51',1,44),(5973,1810,1,1,NULL,'2009-10-29 02:46:51','2009-10-29 02:46:51',1,44),(5974,1811,1,1,NULL,'2009-10-29 02:46:51','2009-10-29 02:46:51',1,44),(5975,1812,1,1,NULL,'2009-10-29 02:46:51','2009-10-29 02:46:51',1,44),(5976,1813,1,1,NULL,'2009-10-29 02:46:51','2009-10-29 02:46:51',1,44),(5977,1814,1,1,NULL,'2009-10-29 02:46:51','2009-10-29 02:46:51',1,44),(5978,1815,1,1,NULL,'2009-10-29 02:46:51','2009-10-29 02:46:51',1,44),(5979,1816,1,1,NULL,'2009-10-29 02:46:51','2009-10-29 02:46:51',1,44),(5980,1817,1,1,NULL,'2009-10-29 02:46:51','2009-10-29 02:46:51',1,44),(5981,1818,1,1,NULL,'2009-10-29 02:46:51','2009-10-29 02:46:51',1,44),(5982,1819,1,1,NULL,'2009-10-29 02:46:51','2009-10-29 02:46:51',1,44),(5983,1820,1,1,NULL,'2009-10-29 02:46:51','2009-10-29 02:46:51',1,44),(5984,1821,1,1,NULL,'2009-10-29 02:46:51','2009-10-29 02:46:51',1,44),(5985,1822,1,1,NULL,'2009-10-29 02:46:51','2009-10-29 02:46:51',1,44),(5986,1823,1,1,NULL,'2009-10-29 02:46:51','2009-10-29 02:46:51',1,44),(5987,1824,1,1,NULL,'2009-10-29 02:46:51','2009-10-29 02:46:51',1,44),(5988,1825,1,1,NULL,'2009-10-29 02:46:51','2009-10-29 02:46:51',1,44),(5989,1826,1,1,NULL,'2009-10-29 02:46:51','2009-10-29 02:46:51',1,44),(5990,1827,1,1,NULL,'2009-10-29 02:46:51','2009-10-29 02:46:51',1,44),(5991,1828,1,1,NULL,'2009-10-29 02:46:51','2009-10-29 02:46:51',1,44),(5992,1829,1,1,NULL,'2009-10-29 02:46:51','2009-10-29 02:46:51',1,44),(5993,1830,1,1,NULL,'2009-10-29 02:46:51','2009-10-29 02:46:51',1,44),(5994,1831,1,1,NULL,'2009-10-29 02:46:51','2009-10-29 02:46:51',1,44),(5995,1832,1,1,NULL,'2009-10-29 02:46:51','2009-10-29 02:46:51',1,44),(5996,1833,1,1,NULL,'2009-10-29 02:46:51','2009-10-29 02:46:51',1,44),(5997,1834,1,1,NULL,'2009-10-29 02:46:51','2009-10-29 02:46:51',1,44),(5998,1835,1,1,NULL,'2009-10-29 02:46:51','2009-10-29 02:46:51',1,44),(5999,1836,1,1,NULL,'2009-10-29 02:46:51','2009-10-29 02:46:51',1,44),(6000,1837,1,1,NULL,'2009-10-29 02:46:51','2009-10-29 02:46:51',1,44),(6001,1838,1,1,NULL,'2009-10-29 02:46:51','2009-10-29 02:46:51',1,44),(6002,1839,1,1,NULL,'2009-10-29 02:46:51','2009-10-29 02:46:51',1,44),(6003,1840,1,1,NULL,'2009-10-29 02:46:51','2009-10-29 02:46:51',1,44),(6004,1841,1,1,NULL,'2009-10-29 02:46:51','2009-10-29 02:46:51',1,44),(6005,1842,1,1,NULL,'2009-10-29 02:46:51','2009-10-29 02:46:51',1,44),(6006,1843,1,1,NULL,'2009-10-29 02:46:51','2009-10-29 02:46:51',1,44),(6007,1844,1,1,NULL,'2009-10-29 02:46:51','2009-10-29 02:46:51',1,44),(6008,1845,1,1,NULL,'2009-10-29 02:46:51','2009-10-29 02:46:51',1,44),(6009,1846,1,1,NULL,'2009-10-29 02:46:51','2009-10-29 02:46:51',1,44),(6010,1847,1,1,NULL,'2009-10-29 02:46:51','2009-10-29 02:46:51',1,44),(6011,1848,1,1,NULL,'2009-10-29 02:46:51','2009-10-29 02:46:51',1,44),(6012,1849,1,1,NULL,'2009-10-29 02:46:51','2009-10-29 02:46:51',1,44),(6013,1850,1,1,NULL,'2009-10-29 02:46:51','2009-10-29 02:46:51',1,44),(6014,1851,1,1,NULL,'2009-10-29 02:46:51','2009-10-29 02:46:51',1,44),(6015,1852,1,1,NULL,'2009-10-29 02:46:51','2009-10-29 02:46:51',1,44),(6016,1853,1,1,NULL,'2009-10-29 02:46:51','2009-10-29 02:46:51',1,44),(6017,1854,1,1,NULL,'2009-10-29 02:46:51','2009-10-29 02:46:51',1,44),(6018,1855,1,1,NULL,'2009-10-29 02:46:51','2009-10-29 02:46:51',1,44),(6019,1856,1,1,NULL,'2009-10-29 02:46:51','2009-10-29 02:46:51',1,44),(6020,1857,1,1,NULL,'2009-10-29 02:46:51','2009-10-29 02:46:51',1,44),(6021,1858,1,1,NULL,'2009-10-29 02:46:51','2009-10-29 02:46:51',1,44),(6022,1859,1,1,NULL,'2009-10-29 02:46:51','2009-10-29 02:46:51',1,44),(6023,1860,1,1,NULL,'2009-10-29 02:46:51','2009-10-29 02:46:51',1,44),(6024,1861,1,1,NULL,'2009-10-29 02:46:51','2009-10-29 02:46:51',1,44),(6025,1862,1,1,NULL,'2009-10-29 02:46:51','2009-10-29 02:46:51',1,44),(6026,1863,1,1,NULL,'2009-10-29 02:46:51','2009-10-29 02:46:51',1,44),(6027,1864,1,1,NULL,'2009-10-29 02:46:51','2009-10-29 02:46:51',1,44),(6028,1865,1,1,NULL,'2009-10-29 02:46:51','2009-10-29 02:46:51',1,44),(6029,1866,1,1,NULL,'2009-10-29 02:46:51','2009-10-29 02:46:51',1,44),(6030,1867,1,1,NULL,'2009-10-29 02:46:51','2009-10-29 02:46:51',1,44),(6031,1868,1,1,NULL,'2009-10-29 02:46:51','2009-10-29 02:46:51',1,44),(6032,1869,1,1,NULL,'2009-10-29 02:46:51','2009-10-29 02:46:51',1,44),(6033,1870,1,1,NULL,'2009-10-29 02:46:51','2009-10-29 02:46:51',1,44),(6034,1871,1,1,NULL,'2009-10-29 02:46:51','2009-10-29 02:46:51',1,44),(6035,1872,1,1,NULL,'2009-10-29 02:46:51','2009-10-29 02:46:51',1,44),(6036,1873,1,1,NULL,'2009-10-29 02:46:51','2009-10-29 02:46:51',1,44),(6037,1874,1,1,NULL,'2009-10-29 02:46:51','2009-10-29 02:46:51',1,44),(6038,1875,1,1,NULL,'2009-10-29 02:46:51','2009-10-29 02:46:51',1,44),(6039,1876,1,1,NULL,'2009-10-29 02:46:51','2009-10-29 02:46:51',1,44),(6040,1877,1,1,NULL,'2009-10-29 02:46:51','2009-10-29 02:46:51',1,44),(6041,1878,1,1,NULL,'2009-10-29 02:46:51','2009-10-29 02:46:51',1,44),(6042,1879,1,1,NULL,'2009-10-29 02:46:51','2009-10-29 02:46:51',1,44),(6043,1880,1,1,NULL,'2009-10-29 02:46:51','2009-10-29 02:46:51',1,44),(6044,1881,1,1,NULL,'2009-10-29 02:46:51','2009-10-29 02:46:51',1,44),(6045,1882,1,1,NULL,'2009-10-29 02:46:51','2009-10-29 02:46:51',1,44),(6046,1883,1,1,NULL,'2009-10-29 02:46:51','2009-10-29 02:46:51',1,44),(6047,1884,1,1,NULL,'2009-10-29 02:46:51','2009-10-29 02:46:51',1,44),(6048,1885,1,1,NULL,'2009-10-29 02:46:51','2009-10-29 02:46:51',1,44),(6049,1886,1,1,NULL,'2009-10-29 02:46:51','2009-10-29 02:46:51',1,44),(6050,1887,1,1,NULL,'2009-10-29 02:46:51','2009-10-29 02:46:51',1,44),(6051,1888,1,1,NULL,'2009-10-29 02:46:51','2009-10-29 02:46:51',1,44),(6052,1889,1,1,NULL,'2009-10-29 02:46:51','2009-10-29 02:46:51',1,44),(6053,1890,1,1,NULL,'2009-10-29 02:46:51','2009-10-29 02:46:51',1,44),(6054,1891,1,1,NULL,'2009-10-29 02:46:51','2009-10-29 02:46:51',1,44),(6055,1892,1,1,NULL,'2009-10-29 02:46:51','2009-10-29 02:46:51',1,44),(6056,1893,1,1,NULL,'2009-10-29 02:46:51','2009-10-29 02:46:51',1,44),(6057,1894,1,1,NULL,'2009-10-29 02:46:51','2009-10-29 02:46:51',1,44),(6058,1895,1,1,NULL,'2009-10-29 02:46:51','2009-10-29 02:46:51',1,44),(6059,1896,1,1,NULL,'2009-10-29 02:46:51','2009-10-29 02:46:51',1,44),(6060,1897,1,1,NULL,'2009-10-29 02:46:51','2009-10-29 02:46:51',1,44),(6061,1898,1,1,NULL,'2009-10-29 02:46:51','2009-10-29 02:46:51',1,44),(6062,1899,1,1,NULL,'2009-10-29 02:46:51','2009-10-29 02:46:51',1,44),(6063,1900,1,1,NULL,'2009-10-29 02:46:51','2009-10-29 02:46:51',1,44),(6064,1901,1,1,NULL,'2009-10-29 02:46:51','2009-10-29 02:46:51',1,44),(6065,1902,1,1,NULL,'2009-10-29 02:46:51','2009-10-29 02:46:51',1,44),(6066,1903,1,1,NULL,'2009-10-29 02:46:51','2009-10-29 02:46:51',1,44),(6067,1904,1,1,NULL,'2009-10-29 02:46:51','2009-10-29 02:46:51',1,44),(6068,1905,1,1,NULL,'2009-10-29 02:46:51','2009-10-29 02:46:51',1,44),(6069,1906,1,1,NULL,'2009-10-29 02:46:51','2009-10-29 02:46:51',1,44),(6070,1907,1,1,NULL,'2009-10-29 02:46:51','2009-10-29 02:46:51',1,44),(6071,1908,1,1,NULL,'2009-10-29 02:46:51','2009-10-29 02:46:51',1,44),(6072,1909,1,1,NULL,'2009-10-29 02:46:51','2009-10-29 02:46:51',1,44),(6073,1910,1,1,NULL,'2009-10-29 02:46:51','2009-10-29 02:46:51',1,44),(6074,1911,1,1,NULL,'2009-10-29 02:46:51','2009-10-29 02:46:51',1,44),(6075,1912,1,1,NULL,'2009-10-29 02:46:51','2009-10-29 02:46:51',1,44),(6076,1913,1,1,NULL,'2009-10-29 02:46:51','2009-10-29 02:46:51',1,44),(6077,1914,1,1,NULL,'2009-10-29 02:46:51','2009-10-29 02:46:51',1,44),(6078,1915,1,1,NULL,'2009-10-29 02:46:51','2009-10-29 02:46:51',1,44),(6079,1916,1,1,NULL,'2009-10-29 02:46:51','2009-10-29 02:46:51',1,44),(6080,1917,1,1,NULL,'2009-10-29 02:46:51','2009-10-29 02:46:51',1,44),(6081,1918,1,1,NULL,'2009-10-29 02:46:51','2009-10-29 02:46:51',1,44),(6082,1919,1,1,NULL,'2009-10-29 02:46:51','2009-10-29 02:46:51',1,44),(6083,1920,1,1,NULL,'2009-10-29 02:46:51','2009-10-29 02:46:51',1,44),(6084,1921,1,1,NULL,'2009-10-29 02:46:51','2009-10-29 02:46:51',1,44),(6085,1922,1,1,NULL,'2009-10-29 02:46:51','2009-10-29 02:46:51',1,44),(6086,1923,1,1,NULL,'2009-10-29 02:46:51','2009-10-29 02:46:51',1,44),(6087,1924,1,1,NULL,'2009-10-29 02:46:51','2009-10-29 02:46:51',1,44),(6088,1925,1,1,NULL,'2009-10-29 02:46:51','2009-10-29 02:46:51',1,44),(6089,1926,1,1,NULL,'2009-10-29 02:46:51','2009-10-29 02:46:51',1,44),(6090,1927,1,1,NULL,'2009-10-29 02:46:51','2009-10-29 02:46:51',1,44),(6091,1928,1,1,NULL,'2009-10-29 02:46:51','2009-10-29 02:46:51',1,44),(6092,1929,1,1,NULL,'2009-10-29 02:46:51','2009-10-29 02:46:51',1,44),(6093,1930,1,1,NULL,'2009-10-29 02:46:51','2009-10-29 02:46:51',1,44),(6094,1931,1,1,NULL,'2009-10-29 02:46:51','2009-10-29 02:46:51',1,44),(6095,1932,1,1,NULL,'2009-10-29 02:46:51','2009-10-29 02:46:51',1,44),(6096,1933,1,1,NULL,'2009-10-29 02:46:51','2009-10-29 02:46:51',1,44),(6097,1934,1,1,NULL,'2009-10-29 02:46:51','2009-10-29 02:46:51',1,44),(6098,1935,1,1,NULL,'2009-10-29 02:46:51','2009-10-29 02:46:51',1,44),(6099,1936,1,1,NULL,'2009-10-29 02:46:51','2009-10-29 02:46:51',1,44),(6100,1937,1,1,NULL,'2009-10-29 02:46:51','2009-10-29 02:46:51',1,44),(6101,1938,1,1,NULL,'2009-10-29 02:46:51','2009-10-29 02:46:51',1,44),(6102,1939,1,1,NULL,'2009-10-29 02:46:51','2009-10-29 02:46:51',1,44),(6103,1940,1,1,NULL,'2009-10-29 02:46:51','2009-10-29 02:46:51',1,44),(6104,1941,1,1,NULL,'2009-10-29 02:46:51','2009-10-29 02:46:51',1,44),(6105,1942,1,1,NULL,'2009-10-29 02:46:51','2009-10-29 02:46:51',1,44),(6106,1943,1,1,NULL,'2009-10-29 02:46:51','2009-10-29 02:46:51',1,44),(6107,1944,1,1,NULL,'2009-10-29 02:46:51','2009-10-29 02:46:51',1,44),(6108,1945,1,1,NULL,'2009-10-29 02:46:52','2009-10-29 02:46:52',1,44),(6109,1946,1,1,NULL,'2009-10-29 02:46:52','2009-10-29 02:46:52',1,44),(6110,1947,1,1,NULL,'2009-10-29 02:46:52','2009-10-29 02:46:52',1,44),(6111,1948,1,1,NULL,'2009-10-29 02:46:52','2009-10-29 02:46:52',1,44),(6112,1949,1,1,NULL,'2009-10-29 02:46:52','2009-10-29 02:46:52',1,44),(6113,1950,1,1,NULL,'2009-10-29 02:46:52','2009-10-29 02:46:52',1,44),(6114,1951,1,1,NULL,'2009-10-29 02:46:52','2009-10-29 02:46:52',1,44),(6115,1952,1,1,NULL,'2009-10-29 02:46:52','2009-10-29 02:46:52',1,44),(6116,1953,1,1,NULL,'2009-10-29 02:46:52','2009-10-29 02:46:52',1,44),(6117,1954,1,1,NULL,'2009-10-29 02:46:52','2009-10-29 02:46:52',1,44),(6118,1955,1,1,NULL,'2009-10-29 02:46:52','2009-10-29 02:46:52',1,44),(6119,1956,1,1,NULL,'2009-10-29 02:46:52','2009-10-29 02:46:52',1,44),(6120,1957,1,1,NULL,'2009-10-29 02:46:52','2009-10-29 02:46:52',1,44),(6121,1958,1,1,NULL,'2009-10-29 02:46:52','2009-10-29 02:46:52',1,44),(6122,1959,1,1,NULL,'2009-10-29 02:46:52','2009-10-29 02:46:52',1,44),(6123,1960,1,1,NULL,'2009-10-29 02:46:52','2009-10-29 02:46:52',1,44),(6124,1961,1,1,NULL,'2009-10-29 02:46:52','2009-10-29 02:46:52',1,44),(6125,1962,1,1,NULL,'2009-10-29 02:46:52','2009-10-29 02:46:52',1,44),(6126,1963,1,1,NULL,'2009-10-29 02:46:52','2009-10-29 02:46:52',1,44),(6127,1964,1,1,NULL,'2009-10-29 02:46:52','2009-10-29 02:46:52',1,44),(6128,1965,1,1,NULL,'2009-10-29 02:46:52','2009-10-29 02:46:52',1,44),(6129,1966,1,1,NULL,'2009-10-29 02:46:52','2009-10-29 02:46:52',1,44),(6130,1967,1,1,NULL,'2009-10-29 02:46:52','2009-10-29 02:46:52',1,44),(6131,1968,1,1,NULL,'2009-10-29 02:46:52','2009-10-29 02:46:52',1,44),(6132,1969,1,1,NULL,'2009-10-29 02:46:52','2009-10-29 02:46:52',1,44),(6133,1970,1,1,NULL,'2009-10-29 02:46:52','2009-10-29 02:46:52',1,44),(6134,1971,1,1,NULL,'2009-10-29 02:46:52','2009-10-29 02:46:52',1,44),(6135,1972,1,1,NULL,'2009-10-29 02:46:52','2009-10-29 02:46:52',1,44),(6136,1973,1,1,NULL,'2009-10-29 02:46:52','2009-10-29 02:46:52',1,44),(6137,1974,1,1,NULL,'2009-10-29 02:46:52','2009-10-29 02:46:52',1,44),(6138,1975,1,1,NULL,'2009-10-29 02:46:52','2009-10-29 02:46:52',1,44),(6139,1976,1,1,NULL,'2009-10-29 02:46:52','2009-10-29 02:46:52',1,44),(6140,1977,1,1,NULL,'2009-10-29 02:46:52','2009-10-29 02:46:52',1,44),(6141,1978,1,1,NULL,'2009-10-29 02:46:52','2009-10-29 02:46:52',1,44),(6142,1979,1,1,NULL,'2009-10-29 02:46:52','2009-10-29 02:46:52',1,44),(6143,1980,1,1,NULL,'2009-10-29 02:46:52','2009-10-29 02:46:52',1,44),(6144,1981,1,1,NULL,'2009-10-29 02:46:52','2009-10-29 02:46:52',1,44),(6145,1982,1,1,NULL,'2009-10-29 02:46:52','2009-10-29 02:46:52',1,44),(6146,1983,1,1,NULL,'2009-10-29 02:46:52','2009-10-29 02:46:52',1,44),(6147,1984,1,1,NULL,'2009-10-29 02:46:52','2009-10-29 02:46:52',1,44),(6148,1985,1,1,NULL,'2009-10-29 02:46:52','2009-10-29 02:46:52',1,44),(6149,1986,1,1,NULL,'2009-10-29 02:46:52','2009-10-29 02:46:52',1,44),(6150,1987,1,1,NULL,'2009-10-29 02:46:52','2009-10-29 02:46:52',1,44),(6151,1988,1,1,NULL,'2009-10-29 02:46:52','2009-10-29 02:46:52',1,44),(6152,1989,1,1,NULL,'2009-10-29 02:46:52','2009-10-29 02:46:52',1,44),(6153,1990,1,1,NULL,'2009-10-29 02:46:52','2009-10-29 02:46:52',1,44),(6154,1991,1,1,NULL,'2009-10-29 02:46:52','2009-10-29 02:46:52',1,44),(6155,1992,1,1,NULL,'2009-10-29 02:46:52','2009-10-29 02:46:52',1,44),(6156,1993,1,1,NULL,'2009-10-29 02:46:52','2009-10-29 02:46:52',1,44),(6157,1994,1,1,NULL,'2009-10-29 02:46:52','2009-10-29 02:46:52',1,44),(6158,1995,1,1,NULL,'2009-10-29 02:46:52','2009-10-29 02:46:52',1,44),(6159,1996,1,1,NULL,'2009-10-29 02:46:52','2009-10-29 02:46:52',1,44),(6160,1997,1,1,NULL,'2009-10-29 02:46:52','2009-10-29 02:46:52',1,44),(6161,1998,1,1,NULL,'2009-10-29 02:46:52','2009-10-29 02:46:52',1,44),(6162,1999,1,1,NULL,'2009-10-29 02:46:52','2009-10-29 02:46:52',1,44),(6163,2000,1,1,NULL,'2009-10-29 02:46:52','2009-10-29 02:46:52',1,44),(6164,2001,1,1,NULL,'2009-10-29 02:46:52','2009-10-29 02:46:52',1,44),(6165,2002,1,1,NULL,'2009-10-29 02:46:52','2009-10-29 02:46:52',1,44),(6166,2003,1,1,NULL,'2009-10-29 02:46:52','2009-10-29 02:46:52',1,44),(6167,2004,1,1,NULL,'2009-10-29 02:46:52','2009-10-29 02:46:52',1,44),(6168,2005,1,1,NULL,'2009-10-29 02:46:52','2009-10-29 02:46:52',1,44),(6169,577,1,2,NULL,'2011-12-27 21:31:37','2011-12-27 21:31:37',1,42),(6170,1,1,3,NULL,'2012-02-07 15:22:07','2012-02-07 15:22:07',1,43),(6171,1,1,3,NULL,'2012-02-07 15:30:56','2012-02-07 15:30:56',1,43),(6172,2,1,4,NULL,'2012-02-07 15:30:56','2012-02-07 15:30:56',1,43),(6173,3,1,5,NULL,'2012-02-07 15:30:56','2012-02-07 15:30:56',1,43),(6174,4,1,6,NULL,'2012-02-07 15:30:56','2012-02-07 15:30:56',1,43),(6175,5,1,7,NULL,'2012-02-07 15:30:56','2012-02-07 15:30:56',1,43),(6176,6,1,8,NULL,'2012-02-07 15:30:56','2012-02-07 15:30:56',1,43),(6177,7,1,9,NULL,'2012-02-07 15:30:56','2012-02-07 15:30:56',1,43),(6178,8,1,10,NULL,'2012-02-07 15:30:56','2012-02-07 15:30:56',1,43),(6179,9,1,11,NULL,'2012-02-07 15:30:56','2012-02-07 15:30:56',1,43),(6180,10,1,12,NULL,'2012-02-07 15:30:56','2012-02-07 15:30:56',1,43),(6181,11,1,13,NULL,'2012-02-07 15:30:56','2012-02-07 15:30:56',1,43),(6182,12,1,14,NULL,'2012-02-07 15:30:56','2012-02-07 15:30:56',1,43),(6183,13,1,15,NULL,'2012-02-07 15:30:56','2012-02-07 15:30:56',1,43),(6184,14,1,16,NULL,'2012-02-07 15:30:56','2012-02-07 15:30:56',1,43),(6185,15,1,17,NULL,'2012-02-07 15:30:56','2012-02-07 15:30:56',1,43),(6186,21,1,18,NULL,'2012-02-07 15:30:56','2012-02-07 15:30:56',1,43),(6187,22,1,19,NULL,'2012-02-07 15:30:56','2012-02-07 15:30:56',1,43),(6188,23,1,20,NULL,'2012-02-07 15:30:56','2012-02-07 15:30:56',1,43),(6189,24,1,12,NULL,'2012-02-07 15:30:56','2012-02-07 15:30:56',1,43),(6190,25,1,11,NULL,'2012-02-07 15:30:56','2012-02-07 15:30:56',1,43),(6191,26,1,23,NULL,'2012-02-07 15:30:56','2012-02-07 15:30:56',1,43),(6192,27,1,20,NULL,'2012-02-07 15:30:56','2012-02-07 15:30:56',1,43),(6193,28,1,25,NULL,'2012-02-07 15:30:56','2012-02-07 15:30:56',1,43),(6194,29,1,26,NULL,'2012-02-07 15:30:56','2012-02-07 15:30:56',1,43),(6195,30,1,27,NULL,'2012-02-07 15:30:56','2012-02-07 15:30:56',1,43),(6196,31,1,28,NULL,'2012-02-07 15:30:56','2012-02-07 15:30:56',1,43),(6197,32,1,29,NULL,'2012-02-07 15:30:56','2012-02-07 15:30:56',1,43),(6198,33,1,30,NULL,'2012-02-07 15:30:56','2012-02-07 15:30:56',1,43),(6199,34,1,31,NULL,'2012-02-07 15:30:56','2012-02-07 15:30:56',1,43),(6200,35,1,32,NULL,'2012-02-07 15:30:56','2012-02-07 15:30:56',1,43),(6201,36,1,33,NULL,'2012-02-07 15:30:56','2012-02-07 15:30:56',1,43),(6202,37,1,34,NULL,'2012-02-07 15:30:56','2012-02-07 15:30:56',1,43),(6203,38,1,35,NULL,'2012-02-07 15:30:56','2012-02-07 15:30:56',1,43),(6204,39,1,36,NULL,'2012-02-07 15:30:56','2012-02-07 15:30:56',1,43),(6205,40,1,6,NULL,'2012-02-07 15:30:56','2012-02-07 15:30:56',1,43),(6206,41,1,7,NULL,'2012-02-07 15:30:56','2012-02-07 15:30:56',1,43),(6207,42,1,8,NULL,'2012-02-07 15:30:56','2012-02-07 15:30:56',1,43),(6208,43,1,40,NULL,'2012-02-07 15:30:56','2012-02-07 15:30:56',1,43),(6209,44,1,41,NULL,'2012-02-07 15:30:56','2012-02-07 15:30:56',1,43),(6210,45,1,42,NULL,'2012-02-07 15:30:56','2012-02-07 15:30:56',1,43),(6211,46,1,43,NULL,'2012-02-07 15:30:56','2012-02-07 15:30:56',1,43),(6212,47,1,44,NULL,'2012-02-07 15:30:56','2012-02-07 15:30:56',1,43),(6213,48,1,45,NULL,'2012-02-07 15:30:56','2012-02-07 15:30:56',1,43),(6214,49,1,46,NULL,'2012-02-07 15:30:56','2012-02-07 15:30:56',1,43),(6215,50,1,47,NULL,'2012-02-07 15:30:56','2012-02-07 15:30:56',1,43),(6216,51,1,48,NULL,'2012-02-07 15:30:56','2012-02-07 15:30:56',1,43),(6217,52,1,49,NULL,'2012-02-07 15:30:56','2012-02-07 15:30:56',1,43),(6218,53,1,50,NULL,'2012-02-07 15:30:56','2012-02-07 15:30:56',1,43),(6219,54,1,51,NULL,'2012-02-07 15:30:56','2012-02-07 15:30:56',1,43),(6220,55,1,52,NULL,'2012-02-07 15:30:56','2012-02-07 15:30:56',1,43),(6221,56,1,53,NULL,'2012-02-07 15:30:56','2012-02-07 15:30:56',1,43),(6222,57,1,54,NULL,'2012-02-07 15:30:56','2012-02-07 15:30:56',1,43),(6223,58,1,55,NULL,'2012-02-07 15:30:56','2012-02-07 15:30:56',1,43),(6224,59,1,56,NULL,'2012-02-07 15:30:56','2012-02-07 15:30:56',1,43),(6225,60,1,56,NULL,'2012-02-07 15:30:56','2012-02-07 15:30:56',1,43),(6226,61,1,58,NULL,'2012-02-07 15:30:56','2012-02-07 15:30:56',1,43),(6227,62,1,59,NULL,'2012-02-07 15:30:56','2012-02-07 15:30:56',1,43),(6228,63,1,60,NULL,'2012-02-07 15:30:56','2012-02-07 15:30:56',1,43),(6229,64,1,61,NULL,'2012-02-07 15:30:56','2012-02-07 15:30:56',1,43),(6230,65,1,62,NULL,'2012-02-07 15:30:56','2012-02-07 15:30:56',1,43),(6231,66,1,63,NULL,'2012-02-07 15:30:56','2012-02-07 15:30:56',1,43),(6232,67,1,23,NULL,'2012-02-07 15:30:56','2012-02-07 15:30:56',1,43),(6233,68,1,65,NULL,'2012-02-07 15:30:56','2012-02-07 15:30:56',1,43),(6234,69,1,66,NULL,'2012-02-07 15:30:56','2012-02-07 15:30:56',1,43),(6235,70,1,66,NULL,'2012-02-07 15:30:56','2012-02-07 15:30:56',1,43),(6236,71,1,66,NULL,'2012-02-07 15:30:56','2012-02-07 15:30:56',1,43),(6237,72,1,69,NULL,'2012-02-07 15:30:56','2012-02-07 15:30:56',1,43),(6238,73,1,70,NULL,'2012-02-07 15:30:56','2012-02-07 15:30:56',1,43),(6239,74,1,71,NULL,'2012-02-07 15:30:56','2012-02-07 15:30:56',1,43),(6240,75,1,72,NULL,'2012-02-07 15:30:56','2012-02-07 15:30:56',1,43),(6241,76,1,73,NULL,'2012-02-07 15:30:56','2012-02-07 15:30:56',1,43),(6242,77,1,74,NULL,'2012-02-07 15:30:56','2012-02-07 15:30:56',1,43),(6243,78,1,75,NULL,'2012-02-07 15:30:56','2012-02-07 15:30:56',1,43),(6244,79,1,76,NULL,'2012-02-07 15:30:56','2012-02-07 15:30:56',1,43),(6245,80,1,77,NULL,'2012-02-07 15:30:56','2012-02-07 15:30:56',1,43),(6246,81,1,78,NULL,'2012-02-07 15:30:56','2012-02-07 15:30:56',1,43),(6247,82,1,79,NULL,'2012-02-07 15:30:56','2012-02-07 15:30:56',1,43),(6248,83,1,80,NULL,'2012-02-07 15:30:56','2012-02-07 15:30:56',1,43),(6249,84,1,81,NULL,'2012-02-07 15:30:56','2012-02-07 15:30:56',1,43),(6250,85,1,82,NULL,'2012-02-07 15:30:56','2012-02-07 15:30:56',1,43),(6251,86,1,83,NULL,'2012-02-07 15:30:56','2012-02-07 15:30:56',1,43),(6252,87,1,84,NULL,'2012-02-07 15:30:56','2012-02-07 15:30:56',1,43),(6253,88,1,85,NULL,'2012-02-07 15:30:56','2012-02-07 15:30:56',1,43),(6254,89,1,85,NULL,'2012-02-07 15:30:56','2012-02-07 15:30:56',1,43),(6255,90,1,87,NULL,'2012-02-07 15:30:56','2012-02-07 15:30:56',1,43),(6256,91,1,88,NULL,'2012-02-07 15:30:56','2012-02-07 15:30:56',1,43),(6257,92,1,89,NULL,'2012-02-07 15:30:56','2012-02-07 15:30:56',1,43),(6258,93,1,90,NULL,'2012-02-07 15:30:56','2012-02-07 15:30:56',1,43),(6259,94,1,91,NULL,'2012-02-07 15:30:56','2012-02-07 15:30:56',1,43),(6260,95,1,92,NULL,'2012-02-07 15:30:56','2012-02-07 15:30:56',1,43),(6261,96,1,93,NULL,'2012-02-07 15:30:56','2012-02-07 15:30:56',1,43),(6262,97,1,94,NULL,'2012-02-07 15:30:56','2012-02-07 15:30:56',1,43),(6263,98,1,95,NULL,'2012-02-07 15:30:56','2012-02-07 15:30:56',1,43),(6264,99,1,96,NULL,'2012-02-07 15:30:56','2012-02-07 15:30:56',1,43),(6265,100,1,97,NULL,'2012-02-07 15:30:56','2012-02-07 15:30:56',1,43),(6266,101,1,98,NULL,'2012-02-07 15:30:56','2012-02-07 15:30:56',1,43),(6267,102,1,99,NULL,'2012-02-07 15:30:56','2012-02-07 15:30:56',1,43),(6268,103,1,100,NULL,'2012-02-07 15:30:56','2012-02-07 15:30:56',1,43),(6269,104,1,101,NULL,'2012-02-07 15:30:56','2012-02-07 15:30:56',1,43),(6270,105,1,102,NULL,'2012-02-07 15:30:56','2012-02-07 15:30:56',1,43),(6271,106,1,102,NULL,'2012-02-07 15:30:56','2012-02-07 15:30:56',1,43),(6272,107,1,102,NULL,'2012-02-07 15:30:56','2012-02-07 15:30:56',1,43),(6273,108,1,102,NULL,'2012-02-07 15:30:56','2012-02-07 15:30:56',1,43),(6274,109,1,106,NULL,'2012-02-07 15:30:56','2012-02-07 15:30:56',1,43),(6275,110,1,106,NULL,'2012-02-07 15:30:56','2012-02-07 15:30:56',1,43),(6276,111,1,106,NULL,'2012-02-07 15:30:56','2012-02-07 15:30:56',1,43),(6277,112,1,109,NULL,'2012-02-07 15:30:56','2012-02-07 15:30:56',1,43),(6278,113,1,109,NULL,'2012-02-07 15:30:56','2012-02-07 15:30:56',1,43),(6279,114,1,109,NULL,'2012-02-07 15:30:56','2012-02-07 15:30:56',1,43),(6280,115,1,112,NULL,'2012-02-07 15:30:56','2012-02-07 15:30:56',1,43),(6281,116,1,113,NULL,'2012-02-07 15:30:56','2012-02-07 15:30:56',1,43),(6282,117,1,114,NULL,'2012-02-07 15:30:56','2012-02-07 15:30:56',1,43),(6283,118,1,115,NULL,'2012-02-07 15:30:56','2012-02-07 15:30:56',1,43),(6284,119,1,115,NULL,'2012-02-07 15:30:56','2012-02-07 15:30:56',1,43),(6285,120,1,115,NULL,'2012-02-07 15:30:56','2012-02-07 15:30:56',1,43),(6286,121,1,118,NULL,'2012-02-07 15:30:56','2012-02-07 15:30:56',1,43),(6287,122,1,118,NULL,'2012-02-07 15:30:56','2012-02-07 15:30:56',1,43),(6288,123,1,120,NULL,'2012-02-07 15:30:56','2012-02-07 15:30:56',1,43),(6289,124,1,121,NULL,'2012-02-07 15:30:56','2012-02-07 15:30:56',1,43),(6290,125,1,122,NULL,'2012-02-07 15:30:56','2012-02-07 15:30:56',1,43),(6291,126,1,123,NULL,'2012-02-07 15:30:56','2012-02-07 15:30:56',1,43),(6292,127,1,124,NULL,'2012-02-07 15:30:56','2012-02-07 15:30:56',1,43),(6293,128,1,125,NULL,'2012-02-07 15:30:56','2012-02-07 15:30:56',1,43),(6294,129,1,126,NULL,'2012-02-07 15:30:56','2012-02-07 15:30:56',1,43),(6295,130,1,127,NULL,'2012-02-07 15:30:56','2012-02-07 15:30:56',1,43),(6296,131,1,128,NULL,'2012-02-07 15:30:56','2012-02-07 15:30:56',1,43),(6297,132,1,129,NULL,'2012-02-07 15:30:56','2012-02-07 15:30:56',1,43),(6298,133,1,130,NULL,'2012-02-07 15:30:56','2012-02-07 15:30:56',1,43),(6299,134,1,131,NULL,'2012-02-07 15:30:56','2012-02-07 15:30:56',1,43),(6300,135,1,132,NULL,'2012-02-07 15:30:56','2012-02-07 15:30:56',1,43),(6301,136,1,133,NULL,'2012-02-07 15:30:56','2012-02-07 15:30:56',1,43),(6302,137,1,134,NULL,'2012-02-07 15:30:56','2012-02-07 15:30:56',1,43),(6303,138,1,135,NULL,'2012-02-07 15:30:56','2012-02-07 15:30:56',1,43),(6304,139,1,136,NULL,'2012-02-07 15:30:56','2012-02-07 15:30:56',1,43),(6305,140,1,137,NULL,'2012-02-07 15:30:56','2012-02-07 15:30:56',1,43),(6306,141,1,137,NULL,'2012-02-07 15:30:56','2012-02-07 15:30:56',1,43),(6307,142,1,139,NULL,'2012-02-07 15:30:56','2012-02-07 15:30:56',1,43),(6308,143,1,140,NULL,'2012-02-07 15:30:56','2012-02-07 15:30:56',1,43),(6309,144,1,141,NULL,'2012-02-07 15:30:56','2012-02-07 15:30:56',1,43),(6310,145,1,142,NULL,'2012-02-07 15:30:56','2012-02-07 15:30:56',1,43),(6311,146,1,143,NULL,'2012-02-07 15:30:56','2012-02-07 15:30:56',1,43),(6312,147,1,144,NULL,'2012-02-07 15:30:56','2012-02-07 15:30:56',1,43),(6313,148,1,144,NULL,'2012-02-07 15:30:56','2012-02-07 15:30:56',1,43),(6314,149,1,146,NULL,'2012-02-07 15:30:56','2012-02-07 15:30:56',1,43),(6315,150,1,147,NULL,'2012-02-07 15:30:56','2012-02-07 15:30:56',1,43),(6316,151,1,148,NULL,'2012-02-07 15:30:56','2012-02-07 15:30:56',1,43),(6317,152,1,149,NULL,'2012-02-07 15:30:56','2012-02-07 15:30:56',1,43),(6318,153,1,150,NULL,'2012-02-07 15:30:56','2012-02-07 15:30:56',1,43),(6319,154,1,150,NULL,'2012-02-07 15:30:56','2012-02-07 15:30:56',1,43),(6320,155,1,152,NULL,'2012-02-07 15:30:56','2012-02-07 15:30:56',1,43),(6321,156,1,153,NULL,'2012-02-07 15:30:56','2012-02-07 15:30:56',1,43),(6322,157,1,153,NULL,'2012-02-07 15:30:56','2012-02-07 15:30:56',1,43),(6323,158,1,153,NULL,'2012-02-07 15:30:56','2012-02-07 15:30:56',1,43),(6324,159,1,153,NULL,'2012-02-07 15:30:57','2012-02-07 15:30:57',1,43),(6325,160,1,157,NULL,'2012-02-07 15:30:57','2012-02-07 15:30:57',1,43),(6326,161,1,158,NULL,'2012-02-07 15:30:57','2012-02-07 15:30:57',1,43),(6327,162,1,159,NULL,'2012-02-07 15:30:57','2012-02-07 15:30:57',1,43),(6328,163,1,160,NULL,'2012-02-07 15:30:57','2012-02-07 15:30:57',1,43),(6329,165,1,161,NULL,'2012-02-07 15:30:57','2012-02-07 15:30:57',1,43),(6330,166,1,161,NULL,'2012-02-07 15:30:57','2012-02-07 15:30:57',1,43),(6331,167,1,161,NULL,'2012-02-07 15:30:57','2012-02-07 15:30:57',1,43),(6332,168,1,164,NULL,'2012-02-07 15:30:57','2012-02-07 15:30:57',1,43),(6333,169,1,165,NULL,'2012-02-07 15:30:57','2012-02-07 15:30:57',1,43),(6334,170,1,166,NULL,'2012-02-07 15:30:57','2012-02-07 15:30:57',1,43),(6335,171,1,167,NULL,'2012-02-07 15:30:57','2012-02-07 15:30:57',1,43),(6336,172,1,168,NULL,'2012-02-07 15:30:57','2012-02-07 15:30:57',1,43),(6337,173,1,169,NULL,'2012-02-07 15:30:57','2012-02-07 15:30:57',1,43),(6338,174,1,170,NULL,'2012-02-07 15:30:57','2012-02-07 15:30:57',1,43),(6339,175,1,171,NULL,'2012-02-07 15:30:57','2012-02-07 15:30:57',1,43),(6340,176,1,171,NULL,'2012-02-07 15:30:57','2012-02-07 15:30:57',1,43),(6341,177,1,173,NULL,'2012-02-07 15:30:57','2012-02-07 15:30:57',1,43),(6342,178,1,174,NULL,'2012-02-07 15:30:57','2012-02-07 15:30:57',1,43),(6343,179,1,175,NULL,'2012-02-07 15:30:57','2012-02-07 15:30:57',1,43),(6344,180,1,176,NULL,'2012-02-07 15:30:57','2012-02-07 15:30:57',1,43),(6345,181,1,177,NULL,'2012-02-07 15:30:57','2012-02-07 15:30:57',1,43),(6346,182,1,178,NULL,'2012-02-07 15:30:57','2012-02-07 15:30:57',1,43),(6347,183,1,179,NULL,'2012-02-07 15:30:57','2012-02-07 15:30:57',1,43),(6348,184,1,180,NULL,'2012-02-07 15:30:57','2012-02-07 15:30:57',1,43),(6349,185,1,181,NULL,'2012-02-07 15:30:57','2012-02-07 15:30:57',1,43),(6350,186,1,182,NULL,'2012-02-07 15:30:57','2012-02-07 15:30:57',1,43),(6351,187,1,183,NULL,'2012-02-07 15:30:57','2012-02-07 15:30:57',1,43),(6352,188,1,184,NULL,'2012-02-07 15:30:57','2012-02-07 15:30:57',1,43),(6353,189,1,185,NULL,'2012-02-07 15:30:57','2012-02-07 15:30:57',1,43),(6354,190,1,185,NULL,'2012-02-07 15:30:57','2012-02-07 15:30:57',1,43),(6355,191,1,185,NULL,'2012-02-07 15:30:57','2012-02-07 15:30:57',1,43),(6356,192,1,188,NULL,'2012-02-07 15:30:57','2012-02-07 15:30:57',1,43),(6357,193,1,189,NULL,'2012-02-07 15:30:57','2012-02-07 15:30:57',1,43),(6358,194,1,190,NULL,'2012-02-07 15:30:57','2012-02-07 15:30:57',1,43),(6359,195,1,190,NULL,'2012-02-07 15:30:57','2012-02-07 15:30:57',1,43),(6360,196,1,190,NULL,'2012-02-07 15:30:57','2012-02-07 15:30:57',1,43),(6361,197,1,193,NULL,'2012-02-07 15:30:57','2012-02-07 15:30:57',1,43),(6362,198,1,194,NULL,'2012-02-07 15:30:57','2012-02-07 15:30:57',1,43),(6363,199,1,195,NULL,'2012-02-07 15:30:57','2012-02-07 15:30:57',1,43),(6364,200,1,195,NULL,'2012-02-07 15:30:57','2012-02-07 15:30:57',1,43),(6365,201,1,197,NULL,'2012-02-07 15:30:57','2012-02-07 15:30:57',1,43),(6366,202,1,198,NULL,'2012-02-07 15:30:57','2012-02-07 15:30:57',1,43),(6367,203,1,198,NULL,'2012-02-07 15:30:57','2012-02-07 15:30:57',1,43),(6368,204,1,198,NULL,'2012-02-07 15:30:57','2012-02-07 15:30:57',1,43),(6369,205,1,198,NULL,'2012-02-07 15:30:57','2012-02-07 15:30:57',1,43),(6370,206,1,202,NULL,'2012-02-07 15:30:57','2012-02-07 15:30:57',1,43),(6371,207,1,202,NULL,'2012-02-07 15:30:57','2012-02-07 15:30:57',1,43),(6372,208,1,202,NULL,'2012-02-07 15:30:57','2012-02-07 15:30:57',1,43),(6373,209,1,205,NULL,'2012-02-07 15:30:57','2012-02-07 15:30:57',1,43),(6374,210,1,206,NULL,'2012-02-07 15:30:57','2012-02-07 15:30:57',1,43),(6375,211,1,207,NULL,'2012-02-07 15:30:57','2012-02-07 15:30:57',1,43),(6376,212,1,208,NULL,'2012-02-07 15:30:57','2012-02-07 15:30:57',1,43),(6377,213,1,209,NULL,'2012-02-07 15:30:57','2012-02-07 15:30:57',1,43),(6378,214,1,210,NULL,'2012-02-07 15:30:57','2012-02-07 15:30:57',1,43),(6379,215,1,211,NULL,'2012-02-07 15:30:57','2012-02-07 15:30:57',1,43),(6380,216,1,211,NULL,'2012-02-07 15:30:57','2012-02-07 15:30:57',1,43),(6381,217,1,211,NULL,'2012-02-07 15:30:57','2012-02-07 15:30:57',1,43),(6382,218,1,214,NULL,'2012-02-07 15:30:57','2012-02-07 15:30:57',1,43),(6383,219,1,215,NULL,'2012-02-07 15:30:57','2012-02-07 15:30:57',1,43),(6384,220,1,216,NULL,'2012-02-07 15:30:57','2012-02-07 15:30:57',1,43),(6385,221,1,217,NULL,'2012-02-07 15:30:57','2012-02-07 15:30:57',1,43),(6386,222,1,217,NULL,'2012-02-07 15:30:57','2012-02-07 15:30:57',1,43),(6387,223,1,217,NULL,'2012-02-07 15:30:57','2012-02-07 15:30:57',1,43),(6388,224,1,220,NULL,'2012-02-07 15:30:57','2012-02-07 15:30:57',1,43),(6389,225,1,221,NULL,'2012-02-07 15:30:57','2012-02-07 15:30:57',1,43),(6390,226,1,222,NULL,'2012-02-07 15:30:57','2012-02-07 15:30:57',1,43),(6391,227,1,223,NULL,'2012-02-07 15:30:57','2012-02-07 15:30:57',1,43),(6392,228,1,224,NULL,'2012-02-07 15:30:57','2012-02-07 15:30:57',1,43),(6393,229,1,224,NULL,'2012-02-07 15:30:57','2012-02-07 15:30:57',1,43),(6394,230,1,224,NULL,'2012-02-07 15:30:57','2012-02-07 15:30:57',1,43),(6395,231,1,227,NULL,'2012-02-07 15:30:57','2012-02-07 15:30:57',1,43),(6396,232,1,228,NULL,'2012-02-07 15:30:57','2012-02-07 15:30:57',1,43),(6397,233,1,228,NULL,'2012-02-07 15:30:57','2012-02-07 15:30:57',1,43),(6398,234,1,230,NULL,'2012-02-07 15:30:57','2012-02-07 15:30:57',1,43),(6399,235,1,231,NULL,'2012-02-07 15:30:57','2012-02-07 15:30:57',1,43),(6400,236,1,232,NULL,'2012-02-07 15:30:57','2012-02-07 15:30:57',1,43),(6401,237,1,233,NULL,'2012-02-07 15:30:57','2012-02-07 15:30:57',1,43),(6402,238,1,234,NULL,'2012-02-07 15:30:57','2012-02-07 15:30:57',1,43),(6403,239,1,235,NULL,'2012-02-07 15:30:57','2012-02-07 15:30:57',1,43),(6404,240,1,236,NULL,'2012-02-07 15:30:57','2012-02-07 15:30:57',1,43),(6405,241,1,236,NULL,'2012-02-07 15:30:57','2012-02-07 15:30:57',1,43),(6406,242,1,238,NULL,'2012-02-07 15:30:57','2012-02-07 15:30:57',1,43),(6407,243,1,239,NULL,'2012-02-07 15:30:57','2012-02-07 15:30:57',1,43),(6408,244,1,240,NULL,'2012-02-07 15:30:57','2012-02-07 15:30:57',1,43),(6409,245,1,241,NULL,'2012-02-07 15:30:57','2012-02-07 15:30:57',1,43),(6410,246,1,241,NULL,'2012-02-07 15:30:57','2012-02-07 15:30:57',1,43),(6411,247,1,243,NULL,'2012-02-07 15:30:57','2012-02-07 15:30:57',1,43),(6412,248,1,244,NULL,'2012-02-07 15:30:57','2012-02-07 15:30:57',1,43),(6413,249,1,244,NULL,'2012-02-07 15:30:57','2012-02-07 15:30:57',1,43),(6414,250,1,244,NULL,'2012-02-07 15:30:57','2012-02-07 15:30:57',1,43),(6415,251,1,247,NULL,'2012-02-07 15:30:57','2012-02-07 15:30:57',1,43),(6416,252,1,248,NULL,'2012-02-07 15:30:57','2012-02-07 15:30:57',1,43),(6417,253,1,249,NULL,'2012-02-07 15:30:57','2012-02-07 15:30:57',1,43),(6418,254,1,250,NULL,'2012-02-07 15:30:57','2012-02-07 15:30:57',1,43),(6419,255,1,251,NULL,'2012-02-07 15:30:57','2012-02-07 15:30:57',1,43),(6420,256,1,251,NULL,'2012-02-07 15:30:57','2012-02-07 15:30:57',1,43),(6421,257,1,251,NULL,'2012-02-07 15:30:57','2012-02-07 15:30:57',1,43),(6422,258,1,254,NULL,'2012-02-07 15:30:57','2012-02-07 15:30:57',1,43),(6423,259,1,255,NULL,'2012-02-07 15:30:57','2012-02-07 15:30:57',1,43),(6424,260,1,256,NULL,'2012-02-07 15:30:57','2012-02-07 15:30:57',1,43),(6425,261,1,257,NULL,'2012-02-07 15:30:57','2012-02-07 15:30:57',1,43),(6426,262,1,258,NULL,'2012-02-07 15:30:57','2012-02-07 15:30:57',1,43),(6427,263,1,258,NULL,'2012-02-07 15:30:57','2012-02-07 15:30:57',1,43),(6428,264,1,258,NULL,'2012-02-07 15:30:57','2012-02-07 15:30:57',1,43),(6429,265,1,261,NULL,'2012-02-07 15:30:57','2012-02-07 15:30:57',1,43),(6430,266,1,262,NULL,'2012-02-07 15:30:57','2012-02-07 15:30:57',1,43),(6431,267,1,263,NULL,'2012-02-07 15:30:57','2012-02-07 15:30:57',1,43),(6432,268,1,264,NULL,'2012-02-07 15:30:57','2012-02-07 15:30:57',1,43),(6433,269,1,264,NULL,'2012-02-07 15:30:57','2012-02-07 15:30:57',1,43),(6434,270,1,264,NULL,'2012-02-07 15:30:57','2012-02-07 15:30:57',1,43),(6435,271,1,267,NULL,'2012-02-07 15:30:57','2012-02-07 15:30:57',1,43),(6436,272,1,268,NULL,'2012-02-07 15:30:57','2012-02-07 15:30:57',1,43),(6437,273,1,268,NULL,'2012-02-07 15:30:57','2012-02-07 15:30:57',1,43),(6438,274,1,268,NULL,'2012-02-07 15:30:57','2012-02-07 15:30:57',1,43),(6439,275,1,271,NULL,'2012-02-07 15:30:57','2012-02-07 15:30:57',1,43),(6440,276,1,271,NULL,'2012-02-07 15:30:57','2012-02-07 15:30:57',1,43),(6441,277,1,271,NULL,'2012-02-07 15:30:57','2012-02-07 15:30:57',1,43),(6442,278,1,274,NULL,'2012-02-07 15:30:57','2012-02-07 15:30:57',1,43),(6443,279,1,275,NULL,'2012-02-07 15:30:57','2012-02-07 15:30:57',1,43),(6444,280,1,276,NULL,'2012-02-07 15:30:57','2012-02-07 15:30:57',1,43),(6445,281,1,276,NULL,'2012-02-07 15:30:57','2012-02-07 15:30:57',1,43),(6446,282,1,278,NULL,'2012-02-07 15:30:57','2012-02-07 15:30:57',1,43),(6447,283,1,279,NULL,'2012-02-07 15:30:57','2012-02-07 15:30:57',1,43),(6448,284,1,280,NULL,'2012-02-07 15:30:57','2012-02-07 15:30:57',1,43),(6449,285,1,281,NULL,'2012-02-07 15:30:57','2012-02-07 15:30:57',1,43),(6450,286,1,282,NULL,'2012-02-07 15:30:57','2012-02-07 15:30:57',1,43),(6451,287,1,283,NULL,'2012-02-07 15:30:57','2012-02-07 15:30:57',1,43),(6452,288,1,284,NULL,'2012-02-07 15:30:57','2012-02-07 15:30:57',1,43),(6453,289,1,285,NULL,'2012-02-07 15:30:57','2012-02-07 15:30:57',1,43),(6454,290,1,286,NULL,'2012-02-07 15:30:57','2012-02-07 15:30:57',1,43),(6455,291,1,287,NULL,'2012-02-07 15:30:57','2012-02-07 15:30:57',1,43),(6456,292,1,287,NULL,'2012-02-07 15:30:57','2012-02-07 15:30:57',1,43),(6457,293,1,289,NULL,'2012-02-07 15:30:57','2012-02-07 15:30:57',1,43),(6458,294,1,289,NULL,'2012-02-07 15:30:57','2012-02-07 15:30:57',1,43),(6459,295,1,291,NULL,'2012-02-07 15:30:57','2012-02-07 15:30:57',1,43),(6460,296,1,292,NULL,'2012-02-07 15:30:57','2012-02-07 15:30:57',1,43),(6461,297,1,293,NULL,'2012-02-07 15:30:57','2012-02-07 15:30:57',1,43),(6462,298,1,294,NULL,'2012-02-07 15:30:57','2012-02-07 15:30:57',1,43),(6463,299,1,295,NULL,'2012-02-07 15:30:57','2012-02-07 15:30:57',1,43),(6464,300,1,296,NULL,'2012-02-07 15:30:57','2012-02-07 15:30:57',1,43),(6465,301,1,297,NULL,'2012-02-07 15:30:57','2012-02-07 15:30:57',1,43),(6466,302,1,298,NULL,'2012-02-07 15:30:57','2012-02-07 15:30:57',1,43);
/*!40000 ALTER TABLE `validations` ENABLE KEYS */;
UNLOCK TABLES;
/*!40103 SET TIME_ZONE=@OLD_TIME_ZONE */;

/*!40101 SET SQL_MODE=@OLD_SQL_MODE */;
/*!40014 SET FOREIGN_KEY_CHECKS=@OLD_FOREIGN_KEY_CHECKS */;
/*!40014 SET UNIQUE_CHECKS=@OLD_UNIQUE_CHECKS */;
/*!40101 SET CHARACTER_SET_CLIENT=@OLD_CHARACTER_SET_CLIENT */;
/*!40101 SET CHARACTER_SET_RESULTS=@OLD_CHARACTER_SET_RESULTS */;
/*!40101 SET COLLATION_CONNECTION=@OLD_COLLATION_CONNECTION */;
/*!40111 SET SQL_NOTES=@OLD_SQL_NOTES */;

-- Dump completed on 2014-12-05 15:07:27
